Subject,Run,Condition,BlockIndex,IsALL,A_vOTC_to_vOTC,A_lOTC_to_vOTC,A_V1_L_to_vOTC,A_IFG_L_to_vOTC,A_vOTC_to_lOTC,A_lOTC_to_lOTC,A_V1_L_to_lOTC,A_IFG_L_to_lOTC,A_vOTC_to_V1_L,A_lOTC_to_V1_L,A_V1_L_to_V1_L,A_IFG_L_to_V1_L,A_vOTC_to_IFG_L,A_lOTC_to_IFG_L,A_V1_L_to_IFG_L,A_IFG_L_to_IFG_L,Status
sub-01,1,ALL,0,1,-0.0680356249050357,0.172832735432871,0.162691273816706,0.0953215122913848,0.176330917918909,-0.0858365433021945,0.187536926217215,0.109623901955164,0.187067369508183,0.208204749949757,-0.0869071555261677,0.116160578006659,0.0876640091854081,0.0996456003744335,0.0875011437891135,-0.0215597171895565,OK
sub-01,1,Block-01,1,0,-0.0028260839561735,0.0140591824652173,0.012385036288259,0.0093531133063943,0.0175704227023474,-0.0052377641842093,0.0171414663499614,0.011898671116636,-0.0079061959033778,-0.0086459197047571,0.0095956879318121,-0.0026689572269568,-0.0108765447692943,-0.0116104380207383,-0.0159273371497796,0.0068297690961215,OK
sub-01,1,Block-02,2,0,-0.0003791733213703,0.0084139270313105,0.0090195363425376,0.0085837949941775,0.0086199719347374,-0.0003198840320847,0.009097284957105,0.0086329989065075,0.0083799486634573,0.0082620873409193,-0.000449976862538,0.008390822847529,0.0086207114355612,0.0084538682129079,0.009096788764824,-0.000410291575195,OK
sub-01,1,Block-03,3,0,-0.0481563510878023,-0.0321530606307807,0.493516305600996,0.324948121248282,0.0855274740017317,0.0447339731305656,0.471904103656584,0.342876417739832,0.0239859896252588,-0.22592724140261,-0.300127076703657,0.425245920250517,0.0468029635428424,-0.118837914431677,0.569927725132962,-0.132143720934681,OK
sub-01,2,ALL,0,1,-0.0586107738736437,0.133978648124986,0.121011133751253,0.11690541692882,0.132187336892984,-0.0603617006977374,0.121918751280211,0.117732922835292,0.122738524237194,0.125092865184495,-0.0506960397468705,0.109799796435874,0.108442491067299,0.110757171789278,0.100153132235015,-0.0427673550499443,OK
sub-01,2,Block-01,1,0,-0.0007036667843589,0.0093920001425899,0.0093723005775343,0.0085343022713219,0.0130145111586585,-0.0026977354888069,0.0138925401463707,0.0111357529251021,0.008518183589133,0.0089376234299834,-0.000240933772838,0.0076133377842698,0.0005788361872349,0.0006634492851599,-0.0009678626764363,0.0026370550695919,OK
sub-01,2,Block-02,2,0,-0.0003503762608408,0.0085514833419613,0.0081862620700935,0.0084065507409887,0.0083938804458988,-0.0003062072637552,0.0081219749495965,0.0083056036648828,0.008568899527548,0.0086099049906746,-0.0002012587850076,0.0084521167687207,0.0084295432301602,0.0084626623267389,0.0081445214706812,-0.0002608523958138,OK
sub-01,2,Block-03,3,0,-0.167207100845059,0.304319751677322,-0.219182221773762,0.464498035893317,0.391596168795697,-0.131198472601448,-0.208019981628973,0.447131852031801,0.339176864422016,0.311098195268613,0.16600142503932,0.366513220944754,0.334675429928775,0.236641678516472,-0.245013123705633,-0.168058831980716,OK
sub-02,1,ALL,0,1,-0.0661308863285881,0.141721096580901,0.179601065597192,0.133808581769965,0.1374566970987,-0.0577031863550064,0.165095352721842,0.123128532138708,0.181081844950884,0.171688782076551,-0.0925576526970042,0.159874701059715,0.119647177773844,0.11355054444412,0.142435063354186,-0.0469906114043545,OK
sub-02,1,Block-01,1,0,-0.0011654150446111,0.0113670852784923,0.0091726694397679,0.0078886530531507,0.0218785755980807,-0.0074339227759529,0.0241114749587974,0.0145749104664478,-0.0031673481406306,-0.001972426053577,0.0076425764312658,0.0006361005829738,-0.0043972102004905,-0.0025331237350589,-0.0097370362342522,0.0042729698195003,OK
sub-02,1,Block-02,2,0,-0.0001201431953611,0.0079711372319262,0.007934096022747,0.0084630014578063,0.008003855016584,-6.32879268705965e-05,0.0079098541098916,0.0083282499890972,0.0079336128841661,0.0078920884370235,-3.03783656867218e-05,0.0081418371547808,0.008032337321454,0.0079560753197096,0.0079214255553897,-0.000301041693014,OK
sub-02,1,Block-03,3,0,-0.0748425915894403,0.12604843009904,0.150533211251703,0.196321809972424,0.158082371252036,-0.0529452042457849,0.140121723591781,0.179090822394028,0.134961138500813,0.0989160233969748,-0.0532359028440735,0.158539742061177,0.135369614089622,0.0912804293751625,0.120885448671695,-0.0751585684824042,OK
sub-02,2,ALL,0,1,-0.0038757164815771,0.0134967707045633,0.0150163989140225,0.0138542443118675,0.0174582363678554,-0.0035264403087815,0.016645989355722,0.015414713236923,-0.0111137930294925,-0.0071917908053435,0.0069083458641325,-0.0106400718615661,0.0359731124143087,0.0291826340991252,0.0313587478785992,-0.0120689427631455,OK
sub-02,2,Block-01,1,0,-0.0105774181208167,0.0263641501779395,0.0257616178448031,0.03010834137192,0.0213486922686237,-0.005754538374594,0.0199374993144507,0.0235267032830123,0.0306293735801322,0.0276075669281252,-0.0095588056407032,0.0318386914669614,0.0487425019676823,0.0440035481653491,0.0396248059984357,-0.0183447827790944,OK
sub-02,2,Block-02,2,0,0.0004896111433962,0.0068875754062592,0.0071814357341128,0.0067520958882142,0.0068844267645151,0.0004378343089467,0.0072149623431736,0.0068079297619531,0.0070319266202272,0.0070748806681836,0.0002533433709533,0.0069684805206905,0.0069875205206604,0.0070333994340187,0.0072792773566734,0.0004459866014895,OK
sub-02,2,Block-03,3,0,-0.0445094007031258,0.0644892717420619,0.0621977747848957,0.0646795670801395,0.0637619978540855,-0.0438856259168566,0.0588939041537391,0.0609286559662749,0.0593667459392679,0.0569561847641736,-0.0573213229645022,0.0632521532097514,0.0582375012581784,0.0559940978307014,0.05927182599306,-0.0480079927812124,OK
sub-03,1,ALL,0,1,-0.0530798517863167,0.0990937728786552,0.139054504694711,0.105141228003716,0.102003812474411,-0.0376284381986926,0.118825513164892,0.0902900190437152,0.137689642194721,0.115089449745148,-0.0719334788691869,0.121449748060512,0.0887653845037798,0.0735988606907918,0.104508749934787,-0.0345517757003421,OK
sub-03,1,Block-01,1,0,0.0065620073247424,-0.0036301119389378,-0.0130939470328908,0.0055133738376989,0.0059745735987684,0.0003669937934678,0.0057132255996615,0.0073439012887555,-7.66787133466007e-05,0.0012135318068076,0.00620341515333,0.0063697002243114,-0.00165090021698,-0.0003737191166076,-0.0072481430545516,0.0008438493250471,OK
sub-03,1,Block-02,2,0,-0.0002596090388708,0.0076407450888252,0.007946832985608,0.0091141084789876,0.0083218668553427,8.03914339495256e-05,0.0079481650546155,0.0090794064651121,0.0080746839248619,0.0077323067473763,-3.56181108213227e-05,0.0084617189728778,0.008259366246953,0.0076525579415517,0.0079214930724192,-0.000566679490465,OK
sub-03,1,Block-03,3,0,-0.150750732057018,0.261447690992229,-0.0259305320184031,0.519462559503727,0.344691473379963,-0.113782686678647,0.0032451811719254,0.468753219949664,0.312205204261523,0.288217839699074,-0.101584287353285,0.245462941606983,0.206260540783241,0.0905289640476274,-0.257565844148443,-0.203643958172244,OK
sub-03,2,ALL,0,1,-0.0002593927786511,0.0076090452302288,0.0068114980372333,0.0076646219282021,0.008262573158435,8.91711611300651e-05,0.0069400537208138,0.0076824828271065,0.0079636335187729,0.0077485628975674,0.0001507703961981,0.0077651963117492,0.0081589080454594,0.0076742314632617,0.0071390020833916,5.04474083471393e-05,OK
sub-03,2,Block-01,1,0,-0.0611197051890615,0.203854611233498,0.206481683304903,0.0722366530156937,0.188567694983091,-0.0861191237054363,0.234811964661548,0.0834913994603731,0.154914021511243,0.203022765465115,-0.0821764170809908,0.0481279845160282,0.105754078787363,0.131138311859497,0.134433953473967,-0.0167141837140636,OK
sub-03,2,Block-02,2,0,-0.0001999440483609,0.0079486047800474,0.0084803134745722,0.0076582390155256,0.0081895073093701,-6.41377742078117e-05,0.0084418575406314,0.0076675420277858,0.0081991726309964,0.0079435670191049,-0.0003225854944795,0.0076621324927406,0.0082188381427921,0.0079522547081467,0.0084895053190988,7.64957125283576e-05,OK
sub-03,2,Block-03,3,0,-0.102814429067728,0.339947085950069,0.532454751642174,-0.0172597322987582,0.210003351003487,-0.14426178576709,0.634301920107592,-0.0695781216113429,0.0766620454127804,0.281544370614965,-0.313880793431307,-0.265254544682053,0.186915424108348,0.249705224765233,0.248025320811972,0.0139062375041399,OK
sub-04,1,ALL,0,1,-0.0092022813380166,0.0123367283750445,0.0265800650728821,0.0205371583297788,0.027743365332256,-0.0024556205132782,0.0280504996539111,0.021504074428675,0.0284528270057136,0.012853162995688,-0.0104094323734139,0.0220064732348379,0.0167882569775369,0.0099967728318071,0.0169162022690027,-0.0030806299418551,OK
sub-04,1,Block-01,1,0,-0.0015115378988133,0.0114482616116155,0.0108635883457263,0.0103538762744249,0.0192533699574209,-0.0057877238396682,0.0198645272662636,0.0160089048442104,0.0094276004545943,0.0102573439452056,-0.0007376469226761,0.0095069370510592,0.0115975361791506,0.0125498820775881,0.0115623758356115,-0.0016461896995554,OK
sub-04,1,Block-02,2,0,-0.000227027832061,0.0075695923435533,0.0077919714234187,0.0081191493917067,0.0083034976619742,0.0001310527321007,0.0077904935592409,0.0081437313882053,0.0082799727818196,0.007562911549953,1.04398332866754e-05,0.0081279453743813,0.0082755337637438,0.0075637539284986,0.007790766054374,-0.0001560230280338,OK
sub-04,1,Block-03,3,0,-0.173972252944582,0.323558580657187,0.34694264458622,-0.280886195066538,0.383679644920267,-0.128265897013715,0.316882313007886,-0.264173379891478,0.381752261482418,0.293460573093359,-0.135297336146463,-0.247978481298163,0.242227221013851,0.224936390697563,0.220239857954868,0.0296388931265438,OK
sub-04,2,ALL,0,1,0.0048055631655547,-0.0230070574873355,-0.0353585348299052,0.0350173346258775,-0.0002538010078967,0.0131487951898862,-0.0285662242455114,0.0307335254330487,-0.0003521076162964,-0.0190307816593536,0.0191963286848997,0.0318950994130981,-0.0071219314126225,-0.0388593378345769,-0.0573307329680093,-0.0197051562737191,OK
sub-04,2,Block-01,1,0,0.0087282769961855,-0.0058297965875237,-0.0094474247615677,-0.0124219007373199,-0.0115582126952761,0.007714637212505,-0.0114354830764892,-0.0147241857565931,-0.0032218567364381,-0.0012012950005359,0.0053338278221486,-0.0044553161047019,-0.0011812762142608,0.0007207281139583,-0.0011489096512583,0.0052785941523277,OK
sub-04,2,Block-02,2,0,-0.0002467442776905,0.0081036870314298,0.0080240037552214,0.0092144427910105,0.0083380808036897,-0.0001544348945841,0.0080363630207108,0.0093085903745666,0.0083604693559637,0.0081340192944019,-0.000116180738619,0.0093752539660466,0.0083173697656351,0.0081073395036598,0.0080246945040605,-0.0007229596485513,OK
sub-04,2,Block-03,3,0,-0.115342754575053,0.220377321577131,0.405764917684275,0.0210101740831676,0.128163701959086,-0.193781764802004,0.456565981560704,-0.0311343177755923,0.10772352594681,0.261348669043202,-0.319273518294914,-0.130403893680326,0.144720811724202,0.195841159104968,0.332020690226754,-0.0462135389160951,OK
sub-05,1,ALL,0,1,0.0264980068188759,-0.0469074145838527,-0.0538805212667268,-0.0189879908066428,-0.0456852008354806,0.0291809336369738,-0.0563465869188678,-0.0197523233608486,-0.0206034626266127,-0.0222181084409267,0.0165652092973259,-0.0080807878445759,-0.0446653377659764,-0.0477731670278656,-0.0544264128946375,0.0140111766165792,OK
sub-05,1,Block-01,1,0,-0.0031199434205113,0.0140538597711037,0.0149712209075602,0.0126038484589758,0.0138989166113482,-0.0030188481354079,0.0147629077640558,0.0124752314877626,0.0164160302925257,0.0163832483378336,-0.004888521741588,0.0143894787539279,0.0110424878038671,0.0110228701616305,0.0114651253477058,-0.001271324249014,OK
sub-05,1,Block-02,2,0,0.0008390080098412,0.006251487217853,0.0069194986424902,0.0063586826524861,0.0061349548692261,0.0007800660395319,0.006919955589514,0.006359278956372,0.0063477037906413,0.0064502308039485,0.0003888998753819,0.0065438252240616,0.0061390313211537,0.006255989715651,0.0069224875909101,0.0007247413408873,OK
sub-05,1,Block-03,3,0,-0.0486572800062043,0.0754192827024674,0.0664637628463242,0.0618061411971201,0.0752846146307481,-0.0491534200173895,0.0669987163728261,0.0619670781671114,0.0649824608107919,0.0660376290833497,-0.0470641520679788,0.0544312769507581,0.0574191907187839,0.0570949316150344,0.0501284112350157,-0.0413085053071659,OK
sub-05,2,ALL,0,1,-0.0579216386694536,0.120856770745442,0.138507316549736,0.126045984602812,0.116663105739647,-0.0479249651488867,0.124151281217211,0.112496502587492,0.152401389549072,0.141242875731292,-0.0724117918061246,0.146746381321403,0.115524934149344,0.106875507477561,0.12116699139308,-0.0499643323569874,OK
sub-05,2,Block-01,1,0,0.0097830842533306,-0.0104998322938726,-0.0178268429144056,-0.0110398763149442,-0.0128371193485745,0.0098299460241477,-0.0196750456752814,-0.0123092698019491,-0.0049037743184751,-0.0042746714642052,0.0082946224079824,-0.0044768101899482,-0.0083079261247635,-0.0072800634868615,-0.0142072448951042,0.0079757052192538,OK
sub-05,2,Block-02,2,0,-0.0003783574063581,0.008334138904412,0.0078389605002538,0.0094982585973959,0.008534739367338,-0.0002486729748006,0.0078377946213212,0.0094202707418306,0.0087095541414415,0.0084308576339228,-1.62004759591146e-05,0.0098076518037614,0.0083841404387621,0.0082041095106276,0.007825491588034,-0.0006407528648725,OK
sub-05,2,Block-03,3,0,-1.05991324730727e-05,0.0078336904005906,0.0078314359159086,0.0078330356603216,0.0078339109942496,-1.0698908657243e-05,0.0078316239247729,0.0078332393009536,0.0078319128133294,0.0078319032481872,-8.66911879641797e-06,0.0078313041683716,0.0078328205690695,0.0078328105509809,0.0078306497029124,-9.8402993544816e-06,OK
sub-06,1,ALL,0,1,-0.108649012036486,0.181184382271166,0.181777254762468,0.068602359425603,0.183400209915637,-0.139193528344372,0.208408945494743,0.07872483941296,0.221580912309836,0.244303784582647,-0.16711076165862,0.0983311580917653,0.0548747252223821,0.0675767155347278,0.0647371724709056,-0.0072648031210883,OK
sub-06,1,Block-01,1,0,-0.0014759361032384,0.0113374352164167,0.0118177754847268,0.0083932793269832,0.0172567542722698,-0.0048385703522205,0.0196089759155433,0.0104042488328294,0.0197831458296775,0.0198202455953691,-0.0073193175880781,0.0112592734121965,-0.0007169470864869,0.0006522096767378,-0.0017995925901479,0.0015765456558781,OK
sub-06,1,Block-02,2,0,-8.50147220848784e-05,0.0073309063822321,0.0078344599602166,0.0086746448883389,0.0079870645586682,0.0002425370020842,0.0078370601575609,0.008684815992546,0.0079989068238851,0.007287500243184,-1.23365800275713e-05,0.0087535786333614,0.0079433368829424,0.0074355177893054,0.0078278744757621,-0.0003350533244243,OK
sub-06,1,Block-03,3,0,0.0539367893972474,0.390008897875031,0.406041797920635,0.0900332823136462,-0.187247404163091,-0.185662467758734,0.489869165742819,0.0574924353274297,-0.189687793772023,0.495075848680874,-0.213173804391828,0.0699949584539815,-0.0527968348974577,0.296684611736163,0.316447236792131,-0.0318969080435162,OK
sub-06,2,ALL,0,1,-0.0140608577235126,0.0266273479638304,0.0396872019543989,0.0382471773374307,0.0259784175800336,-0.0060194486837678,0.0280863433679208,0.0274743703696651,0.0400095011895643,0.0291954023401979,-0.0177059446850387,0.0424786785074809,0.0525733745018868,0.0372669874288224,0.0579774263422393,-0.0232831740240347,OK
sub-06,2,Block-01,1,0,-0.005267961349542,0.0157545577119837,0.025837398780718,0.0242785389549188,0.0168604733706486,-0.0034551702275208,0.0225543719225097,0.0214600942668275,0.020341932420194,0.0171341682942835,-0.0107301985526823,0.0275087587886681,0.021787230329895,0.0181837869667492,0.0320731945914547,-0.0109031834498417,OK
sub-06,2,Block-02,2,0,-2.1843828927924e-05,0.0077904837166302,0.0077155375122437,0.0077946136194381,0.0078590827565885,1.18018284017329e-05,0.007708731200348,0.0077933551641165,0.0078800299484015,0.0077773916840433,7.61968504061313e-05,0.0077839885104816,0.0078473242520142,0.0077946384859522,0.0077344887806896,7.25660204926877e-06,OK
sub-06,2,Block-03,3,0,-8.77052997851147e-06,0.0078296504447413,0.0078296953577201,0.0078319999423254,0.00782994259813,-8.52488588756479e-06,0.0078295966460194,0.0078318878072789,0.0078305117074188,0.0078301086807414,-8.82618708480859e-06,0.0078325187876619,0.0078313104833392,0.0078308891853327,0.0078309373426052,-1.04529220360027e-05,OK
sub-07,1,ALL,0,1,-0.0219706237721521,0.041230310072314,0.0567138974759257,0.040953198093332,0.0309130363605743,-0.0084373681372655,0.0327169443417255,0.0262072043160999,0.0535400633980785,0.0418450579438339,-0.0243486581241891,0.0418742178112142,0.0614372469058175,0.0479100054353566,0.0664756318362626,-0.0190390409557141,OK
sub-07,1,Block-01,1,0,0.0002989177378112,0.0075121044304093,0.0072804226096221,0.0075717784218996,0.007246010547232,0.0001393035755229,0.0073104618021396,0.0075914476235603,0.0075537598137139,0.0076842280813106,0.0001153022238476,0.0077106521373717,0.0074048860415884,0.0076110152310016,0.0074511744614827,8.0124513068862e-05,OK
sub-07,1,Block-02,2,0,8.54182674365139e-05,0.0072784822124236,0.0074873381801523,0.0078785998268631,0.0077151622189861,0.0001467009281113,0.0076311827404704,0.0078430528695039,0.0077175860614635,0.0075255484152132,8.8394324891656e-05,0.0078427657116576,0.0076025232609193,0.0071433614120586,0.0074078204563377,-4.49304581624017e-05,OK
sub-07,1,Block-03,3,0,-0.0671642030852297,0.149223196684669,0.149020665755039,0.135687119187587,0.152840268988279,-0.0629418139027598,0.149495737114337,0.127572178066588,0.160027954904747,0.152432342461416,-0.066036341419795,0.136736509727632,0.114625521123654,0.107409034571776,0.105497446760829,-0.0429335184844925,OK
sub-07,2,ALL,0,1,-0.0002868808852892,0.0031676252166121,0.0076360267410571,0.0083396562898484,0.0080797864047981,0.0011000020734887,0.0077213422136392,0.008048067212223,0.0079202284847062,0.0069124156724488,1.90420601599475e-05,0.0079104855326025,0.0082071452940535,0.0044859061492411,0.0076678155514622,-0.0001797606277358,OK
sub-07,2,Block-01,1,0,-1.34414912226789e-06,0.0078191492320705,0.007806983526472,0.0078128108781155,0.0077842471113563,3.31725676166747e-05,0.0078632892154921,0.0078071537713118,0.0078511053096762,0.0079058453921697,3.73726312537677e-05,0.0078182265399262,0.0078776070755498,0.0079698312835611,0.0076865929131291,-4.86170093075184e-06,OK
sub-07,2,Block-02,2,0,-0.000124762896541,0.0075457440751135,0.0079311464093059,0.0081371467725032,0.0079818655129645,8.72913027396887e-05,0.0078945701203165,0.0080307839976789,0.0079944310423145,0.0076159239029969,-4.29352609466711e-05,0.0080492472731242,0.0078891532829515,0.007738037167541,0.0078508120514824,-4.93573886066644e-05,OK
sub-07,2,Block-03,3,0,-0.111484216484439,0.191286458947743,-0.0585375292270533,0.330811266145503,0.231936824368799,-0.0781247629563015,-0.0351838239384947,0.292781459585681,0.234240518902668,0.204518902889118,-0.0508516671301825,0.237880908259753,0.213168369571274,0.145689501295788,-0.125590327853734,-0.130568690142908,OK
sub-08,1,ALL,0,1,-0.0202688591720221,0.0474279661091175,0.0598587935665951,0.0475044213326951,0.0440639038980757,-0.0170553331068112,0.0537160999416649,0.0424714388962356,0.0958959720894666,0.0921384687007913,-0.0528938383865108,0.0921781859417969,0.0378262635213559,0.0365871365227222,0.0453370915807345,-0.0142392775737472,OK
sub-08,1,Block-01,1,0,-0.0047439331957723,0.0186125995077948,0.0203744450676599,0.0166520181342069,0.0198221020419459,-0.0067782453571908,0.0236964033929185,0.0194097911823697,0.0243313394440034,0.026587486183142,-0.0108243411962127,0.0238733603749333,0.0105933840932334,0.0109075623149317,0.0113916519258681,-0.0009751694696958,OK
sub-08,1,Block-02,2,0,-0.0037911505214673,0.0141532179490081,0.0106696429180489,0.0165101753329868,0.0108756901835067,-0.0013129569620148,0.0073567664547045,0.0114500621388612,0.0301008673535213,0.0261245683273502,-0.0074824940253149,0.0327652441808571,0.0162904137471479,0.0148536627601933,0.0117337716262781,-0.0048027093141823,OK
sub-08,1,Block-03,3,0,-0.0507418717457925,0.0799521343529306,0.0743299828455291,0.0672248353449538,0.0825597815517132,-0.0539146718045913,0.0796823622994606,0.0681558252692736,0.0749438406565714,0.0765436257213431,-0.0566373105510111,0.0652140639445569,0.0656620552779469,0.0648909332275319,0.0637551554959161,-0.0463019199635096,OK
sub-08,2,ALL,0,1,-0.0365243246524955,0.082250459604707,0.0952876454937164,0.0811667781631139,0.0752517886186971,-0.0321712070000725,0.0857585409724368,0.0733163510842561,0.0973024911989213,0.0957313745867639,-0.0493519519552899,0.0947671537982563,0.0831872064700415,0.0820414362622531,0.095047525888326,-0.0354019891602035,OK
sub-08,2,Block-01,1,0,0.0198442093317513,-0.0296525376337776,-0.0581345764815518,-0.0405034468954312,-0.0353485103424721,0.0212128485978173,-0.0651071219014918,-0.0456080873643923,0.0015285474828293,0.0018680189455068,0.005886432815159,-0.0008028779407849,0.0033581747604456,0.0033552737725851,0.0018024974389038,0.0021872983957788,OK
sub-08,2,Block-02,2,0,-0.0573183692429398,0.140993840401202,0.0889587584329135,0.110017178958155,0.114509601060969,-0.0562196568653292,0.074383830443786,0.0978047481733812,0.119117583040614,0.128632841109063,-0.0364522727203538,0.101132943710904,0.0860432363084816,0.0975871644888818,0.0518781125572958,-0.0319929965106956,OK
sub-08,2,Block-03,3,0,-5.75536833706441e-06,0.0078239416933885,0.0078252145294123,0.0078236146565349,0.0078241397398866,-5.78382812316772e-06,0.0078253552203352,0.0078237382946089,0.0078264270577008,0.0078263424323024,-7.68780686942425e-06,0.0078259480456085,0.0078243467445869,0.0078242748377701,0.0078255790743357,-5.71917013046998e-06,OK
sub-09,1,ALL,0,1,-0.050777474887917,0.111013891158216,0.124475305154078,0.090390855975756,0.10860662364306,-0.0467414980037053,0.116835683304316,0.0860738671522125,0.158485361720209,0.153852849970142,-0.0766665705797072,0.124744310809146,0.0784637343392723,0.0764356657213616,0.0885638881677318,-0.0266487858266756,OK
sub-09,1,Block-01,1,0,0.0019470277761518,0.0045033645801253,0.004781123238339,0.0038386639560198,0.0088202963979936,-0.0007182481987868,0.0100154937198924,0.0086169673121171,0.017056611469895,0.017460417978129,-0.0057102324259266,0.0165925081691485,0.0016533708200312,0.0023246863107692,0.0024308155043726,0.0031195824577564,OK
sub-09,1,Block-02,2,0,-0.0003947582418035,0.0085003521360817,0.0082224763511322,0.0084004949113712,0.0087007730181641,-0.0003867258516209,0.0082737925311813,0.0084735989715608,0.0091050527546371,0.0089412698644505,-0.0003410853561968,0.0087795015958207,0.0088249579392436,0.0086958590586609,0.0083440189009507,-0.0003777966923962,OK
sub-09,1,Block-03,3,0,-0.0535758112944537,0.0854610052163849,0.0812047258295601,0.0652059988555838,0.09009851333838,-0.0571460709191011,0.0843222908512102,0.065347420992585,0.085193134924972,0.083644783059486,-0.0677308192816628,0.0592787126543354,0.0598808470807143,0.0586973624203469,0.0524046857599492,-0.0483280227656367,OK
sub-09,2,ALL,0,1,0.0,0.0078125,0.0078125,0.0078125,0.0078125,0.0,0.0078125,0.0078125,0.0078125,0.0078125,0.0,0.0078125,0.0078125,0.0078125,0.0078125,0.0,OK
sub-09,2,Block-01,1,0,0.0,0.0078125,0.0078125,0.0078125,0.0078125,0.0,0.0078125,0.0078125,0.0078125,0.0078125,0.0,0.0078125,0.0078125,0.0078125,0.0078125,0.0,OK
sub-09,2,Block-02,2,0,0.0,0.0078125,0.0078125,0.0078125,0.0078125,0.0,0.0078125,0.0078125,0.0078125,0.0078125,0.0,0.0078125,0.0078125,0.0078125,0.0078125,0.0,OK
sub-09,2,Block-03,3,0,-0.0341594851397074,0.0482821045282434,0.0431876216654707,0.0287820517013791,0.0482729332571535,-0.0406873577780217,0.0542932715270687,0.0275300460406888,0.046539153169218,0.0570304332476158,-0.0518512852972399,0.023211976402298,0.0287456256817282,0.0303445280916512,0.0271764243082354,-0.0349761260605091,OK
sub-10,1,ALL,0,1,-0.0281217468969674,0.0625800443926919,0.0748155634861836,0.0538881595500383,0.0684992030959077,-0.0284801634215314,0.0784286977166016,0.0542059109000662,0.0834553322273444,0.0794265720647553,-0.0422956559324154,0.0688741025297751,0.0307528761537636,0.029302279226123,0.0344206910449774,-0.0094872820315187,OK
sub-10,1,Block-01,1,0,-0.0162100206272165,0.0401827875663204,0.044449168533924,0.0314161803021858,0.0524030250934394,-0.021362990908491,0.0574726318725428,0.0397890056915501,0.0503004291375112,0.0492007315448206,-0.0232237134643267,0.0382770203665847,0.0273797270775711,0.0274526720831029,0.0296888839126546,-0.0070120902587844,OK
sub-10,1,Block-02,2,0,0.0010594126735934,0.0072910914811511,0.0037806540756318,0.00322392871031,0.0033469285008878,0.0005293780730125,0.0031196933540815,-0.0020725254923814,0.0177015316361323,0.0100774004760856,-0.0005738771253904,0.0302793960560865,0.0110725883403675,0.0085348347331734,0.0058893604609496,-0.0037716197136111,OK
sub-10,1,Block-03,3,0,-0.0450280902844405,0.0681429426698015,0.0624870590954683,0.0527386522094029,0.0701955252884544,-0.0514120174189155,0.0667240657398964,0.0463312290334907,0.0640322145544071,0.0640580740946942,-0.052981401988892,0.0509565729244787,0.0494314513851455,0.0418206141013912,0.0429474189887806,-0.0557708162901152,OK
sub-10,2,ALL,0,1,-0.0193719504353034,0.0357621836478363,0.0406741553335439,0.0363223143575829,0.0486087780601098,-0.0144838285024842,0.0421052295767844,0.0370423020137336,0.049937197544322,0.0391493802876461,-0.0177298682913835,0.0375552030077845,0.0202050166622143,0.0160616067660063,0.0177703228466401,-0.0045594612467878,OK
sub-10,2,Block-01,1,0,-0.0001083740924734,0.0078700526530017,0.0081005271932074,0.0079789366533189,0.0082392325740739,-5.54526591593686e-05,0.0083806677531063,0.0081388624566725,0.0081116294850485,0.0078892065686866,-0.0001989463100436,0.0080412221973683,0.0081852007666047,0.0078996136287532,0.0083129114607514,-0.000140897738573,OK
sub-10,2,Block-02,2,0,0.0002160265270517,0.0078867990676561,0.007684967607534,0.0072548686207671,0.0073731489755592,-4.04797922194337e-05,0.0076865061000733,0.0072436820895491,0.0078478282572591,0.007780072189341,2.95523541672753e-06,0.0078651419755972,0.0066321909875557,0.0080688291549012,0.0074977692921667,0.0007682700382921,OK
sub-10,2,Block-03,3,0,-0.0521183119358859,0.0864024115515915,0.0717648449539953,0.0525830331253903,0.092491664104363,-0.0661644641864858,0.0838404032262239,0.04448718579249,0.0667609237692557,0.069255365165579,-0.0626175905283414,0.0496717534855732,0.0446469743437892,0.0354256802714681,0.0408677275899379,-0.0537601784795823,OK
sub-11,1,ALL,0,1,0.0,0.0078125,0.0078125,0.0078125,0.0078125,0.0,0.0078125,0.0078125,0.0078125,0.0078125,0.0,0.0078125,0.0078125,0.0078125,0.0078125,0.0,OK
sub-11,1,Block-01,1,0,0.0,0.0078125,0.0078125,0.0078125,0.0078125,0.0,0.0078125,0.0078125,0.0078125,0.0078125,0.0,0.0078125,0.0078125,0.0078125,0.0078125,0.0,OK
sub-11,1,Block-02,2,0,0.0,0.0078125,0.0078125,0.0078125,0.0078125,0.0,0.0078125,0.0078125,0.0078125,0.0078125,0.0,0.0078125,0.0078125,0.0078125,0.0078125,0.0,OK
sub-11,1,Block-03,3,0,-0.1072960647129,0.431289994807872,0.378280818935846,0.0637811800849542,0.093721578751367,-0.219253140470665,0.448523582544945,-0.179040942247541,0.0847744417378754,0.466543366309164,-0.158398605313124,-0.139079195877309,0.283107850909059,0.234022023242409,0.231606716571755,-0.0900468060739836,OK
sub-11,2,ALL,0,1,0.0,0.0078125,0.0078125,0.0078125,0.0078125,0.0,0.0078125,0.0078125,0.0078125,0.0078125,0.0,0.0078125,0.0078125,0.0078125,0.0078125,0.0,OK
sub-11,2,Block-01,1,0,0.0,0.0078125,0.0078125,0.0078125,0.0078125,0.0,0.0078125,0.0078125,0.0078125,0.0078125,0.0,0.0078125,0.0078125,0.0078125,0.0078125,0.0,OK
sub-11,2,Block-02,2,0,0.0,0.0078125,0.0078125,0.0078125,0.0078125,0.0,0.0078125,0.0078125,0.0078125,0.0078125,0.0,0.0078125,0.0078125,0.0078125,0.0078125,0.0,OK
sub-11,2,Block-03,3,0,-0.100270631042513,0.457976355201499,0.413407925116179,0.129797104952443,0.072359887834037,-0.247384900374927,0.541724362250932,-0.125537816958712,0.0064341634583267,0.511421200132418,-0.178686389223241,-0.161022648621778,0.172806710829693,0.392493593699389,0.396389389851363,-0.0456615860179784,OK
sub-12,1,ALL,0,1,-0.099917127362755,0.153000170672582,0.172837911927525,0.112451989080034,0.158069788464473,-0.111209275307983,0.185633715308941,0.120043820422854,0.21353376668291,0.222405282499394,-0.169543165526025,0.161075985889019,0.0841525307953783,0.0868499629467773,0.0978986598275721,-0.0395772450170791,OK
sub-12,1,Block-01,1,0,-0.298040018131673,0.140968519943729,0.0807818687914047,0.175327365302653,0.184619334692951,-0.281565012796243,0.0972469206164137,0.167236899761047,0.172966204444614,0.1649323879661,-0.147952678537898,0.133409243786655,0.145426988541467,0.113882184089704,0.0522515104173325,-0.150774338107731,OK
sub-12,1,Block-02,2,0,2.32733762346466e-05,0.0076814553352477,0.0079446916104742,0.0079340882665097,0.0077889855349904,3.36058577430225e-05,0.0078816186376538,0.0078757182556776,0.0077488001329676,0.0076354942121185,-8.80449825126923e-05,0.0079751893387454,0.0077662122931856,0.007683770140352,0.0079407483033005,-5.90763035425461e-05,OK
sub-12,1,Block-03,3,0,-0.160090932488277,0.408195679852805,0.180811550591355,-0.0890661470758626,0.226051101873598,-0.304347357028475,0.202464012784113,-0.140457607525792,0.193212593527625,0.36083387250505,-0.142170536211179,-0.042576031581316,0.159595895651743,0.17773195432518,0.158007418628297,-0.106223219897289,OK
sub-12,2,ALL,0,1,0.0,0.0078125,0.0078125,0.0078125,0.0078125,0.0,0.0078125,0.0078125,0.0078125,0.0078125,0.0,0.0078125,0.0078125,0.0078125,0.0078125,0.0,OK
sub-12,2,Block-01,1,0,0.0,0.0078125,0.0078125,0.0078125,0.0078125,0.0,0.0078125,0.0078125,0.0078125,0.0078125,0.0,0.0078125,0.0078125,0.0078125,0.0078125,0.0,OK
sub-12,2,Block-02,2,0,0.0,0.0078125,0.0078125,0.0078125,0.0078125,0.0,0.0078125,0.0078125,0.0078125,0.0078125,0.0,0.0078125,0.0078125,0.0078125,0.0078125,0.0,OK
sub-12,2,Block-03,3,0,-0.110799821787651,0.397889679667266,0.367056734127856,0.335385396939044,-0.0262733239306398,-0.247766833601444,0.637795891856938,-0.0823102581729995,-0.0385447579486925,0.560233446250198,-0.222466182413701,-0.14154227224491,-0.0159520718635388,0.527477715545448,0.502997515469403,-0.157669351474393,OK
sub-14,1,ALL,0,1,0.0,0.0078125,0.0078125,0.0078125,0.0078125,0.0,0.0078125,0.0078125,0.0078125,0.0078125,0.0,0.0078125,0.0078125,0.0078125,0.0078125,0.0,OK
sub-14,1,Block-01,1,0,0.0,0.0078125,0.0078125,0.0078125,0.0078125,0.0,0.0078125,0.0078125,0.0078125,0.0078125,0.0,0.0078125,0.0078125,0.0078125,0.0078125,0.0,OK
sub-14,1,Block-02,2,0,0.0,0.0078125,0.0078125,0.0078125,0.0078125,0.0,0.0078125,0.0078125,0.0078125,0.0078125,0.0,0.0078125,0.0078125,0.0078125,0.0078125,0.0,OK
sub-14,1,Block-03,3,0,0.0,0.0078125,0.0078125,0.0078125,0.0078125,0.0,0.0078125,0.0078125,0.0078125,0.0078125,0.0,0.0078125,0.0078125,0.0078125,0.0078125,0.0,OK
sub-14,2,ALL,0,1,-0.0679172810717286,0.135418465351412,0.18430397123638,0.138156819584624,0.141930722881337,-0.054226493607232,0.170744651036404,0.129053661002421,0.189687903623456,0.168256564483903,-0.0975379538040081,0.167010575773849,0.109312101685931,0.0921069290190343,0.134138745160167,-0.0451605884719671,OK
sub-14,2,Block-01,1,0,4.30043675401858e-05,0.0077413602027149,0.0076690548718401,0.0077418685323883,0.0078461387971238,-1.45315754965157e-05,0.0078637927431164,0.0078417662238686,0.0079155823172959,0.0078974942572364,-8.63283473487342e-05,0.0078982706515086,0.0074196262178647,0.00748524761896,0.0071664606277825,0.0001631739300658,OK
sub-14,2,Block-02,2,0,-0.0002335227710221,0.0076692619069771,0.0085325495509867,0.009107569081183,0.0082809426739502,7.07134524295913e-05,0.0085334225177527,0.0091068246988804,0.0083723093252486,0.0076312782359391,-0.0004329729947143,0.0093773638880981,0.0082416127559602,0.0076738889814879,0.0084765735013039,-0.0005993290103018,OK
sub-14,2,Block-03,3,0,-0.144307881524792,0.400054735467562,-0.127470294611564,0.299605865283106,0.335555113443691,-0.167627820464156,-0.175932796984528,0.298385337105194,0.305839271976133,0.254857681215802,-0.211855803175222,0.212567244958735,0.288492944792848,0.351009723950217,-0.200036988149471,-0.117620514420605,OK
sub-15,1,ALL,0,1,-0.182133288120645,0.164236134604826,0.155544879308873,0.154583126332331,0.140179149482543,-0.167711803543247,0.136536380981744,0.143477801650002,0.160463460346933,0.164133951696678,-0.179522259599157,0.156343433772823,0.113502575609333,0.123536905081281,0.10949385659881,-0.123694180581712,OK
sub-15,1,Block-01,1,0,0.0001356858573753,0.00768588712572,0.0076980350056294,0.007138255670655,0.0067510596908238,0.0003817900871047,0.0070133026941433,0.0065246817252036,0.0081523483021314,0.0081998858571032,-0.0002244524497978,0.0073410677317193,-0.0030657664288713,-0.0009512602412922,-0.0018182256988629,0.0034766262006575,OK
sub-15,1,Block-02,2,0,-0.0002452817422618,0.0080673584269056,0.0083571566911421,0.0087136541205642,0.0083989844793144,-0.0001520667462592,0.0084633086602056,0.0088887689344484,0.0084766451110586,0.0081545245814787,-0.0003685387426054,0.0090364683706802,0.0082414256022141,0.0080332869930401,0.0082888380824002,-0.0003951788405597,OK
sub-15,1,Block-03,3,0,-0.0793116977947728,0.198930611816605,0.183307666854314,0.0683625986179675,0.186392748139533,-0.0828081786014627,0.181505059077284,0.0687898797627423,0.158639048038193,0.170072489904971,-0.0665957471376257,0.0424037353536153,0.151557899116858,0.1682067650906,0.161826385299271,0.0096266392671198,OK
sub-15,2,ALL,0,1,-0.175725928278251,0.155967742421399,0.142625837723377,0.154732066180199,0.139185509030769,-0.160393338032577,0.126589660570967,0.144830029159848,0.178294058420862,0.177106008084396,-0.192503539212213,0.168848758107904,0.116535370378911,0.122453720930473,0.101233850007831,-0.126842167443944,OK
sub-15,2,Block-01,1,0,-0.0163674369838838,0.0387588632785584,0.0651735742298575,0.0371347724299826,0.0365202114859475,-0.0132328264321151,0.0578176749638865,0.0332240158295272,0.109573114580358,0.103802182177927,-0.0772189637031656,0.0967733572316993,0.034846453675788,0.0329072051156348,0.0559426287019474,-0.0118869674583145,OK
sub-15,2,Block-02,2,0,-0.0001469692871543,0.0081083047609138,0.0077735819265071,0.007951387223126,0.0080083970640512,-9.8400311074335e-05,0.0077903726946056,0.0079070963150317,0.0087367167216471,0.0087420848704479,6.71352455642454e-05,0.0082400403772602,0.0084499746207712,0.0084536699652932,0.007719812601097,-0.0001475256879753,OK
sub-15,2,Block-03,3,0,-0.148435807891541,0.424425997158138,0.201084131109151,-0.144429329845294,0.355193726791385,-0.172223497666389,0.181473818979679,-0.188931965993662,0.291350059201681,0.325354700248557,-0.0780271101014164,-0.0400249216430531,0.276364518285996,0.302644585498651,0.161903214907996,0.0595058373769375,OK
sub-16,1,ALL,0,1,-0.0385650659090403,0.0937930190472161,0.123040598932993,0.0817998461248071,0.100883479026828,-0.0478859312923039,0.141839845526013,0.0926953000527604,0.164435555278756,0.176499332158475,-0.102743088834401,0.150211448680626,0.0691731516014999,0.0737858525930939,0.0961542078991384,-0.0273896233143449,OK
sub-16,1,Block-01,1,0,-0.0125071858498286,0.0319191541325629,0.0430116826643552,0.0287269165242982,0.0266879508455101,-0.0088807048849695,0.0337222807976578,0.0233138526883125,0.0325421903124004,0.0312499026677148,-0.0166959921954613,0.0280988092603544,0.0210775117653236,0.0202861977990125,0.0255837207518214,-0.0053533691790255,OK
sub-16,1,Block-02,2,0,-6.12824661922543e-05,0.0081654411114083,0.0077134559709604,0.0086912836211784,0.0079380669461059,-0.0001797045386018,0.0077129424392181,0.0087061633526787,0.0079740980569487,0.0082685896411618,6.08627268820356e-05,0.0089408754466302,0.0078978745821422,0.008065404950035,0.0077367374599162,-0.0003175116710517,OK
sub-16,1,Block-03,3,0,-0.259097339868237,0.753696700526349,-0.445326157466154,0.535015300207812,0.0710387439648367,-0.272251423804354,-0.329844179368055,0.885720975993763,0.37753459685926,0.312309254212737,0.0871659192175991,0.181029674756816,-0.239953659083991,0.599131627069637,-0.0775605501093334,-0.337008376674613,OK
sub-16,2,ALL,0,1,-0.0069502641268584,0.0209391598918326,0.0296456749152117,0.0222461298833885,0.0236510922496552,-0.0073289307563318,0.0322784118828558,0.0242053610585437,0.0555652789397898,0.0529724527972692,-0.0364599827447998,0.056741004946437,0.0200563051003343,0.0191579479968338,0.02651548450324,-0.0063226941839274,OK
sub-16,2,Block-01,1,0,-0.0090986788073839,0.026256974600346,0.0315165935311736,0.0257832828787532,0.0301801635720578,-0.0110719504570698,0.0368568966792957,0.0298203640642682,0.0323830494372501,0.0318631108520981,-0.0160458720543091,0.0324095381115627,0.0224615020328635,0.0226679171693917,0.0265772636209562,-0.00707346332208,OK
sub-16,2,Block-02,2,0,0.0087266192522301,-0.0142688897759888,-0.0152066694566252,-0.0213606476641185,-0.0041013382168578,0.0079844375924004,-0.0099573560274959,-0.0135334061747093,0.0137107553686402,0.013172341563079,-0.0007834773980535,0.0136094315577672,-0.0017982854024295,-0.0052861630508031,-0.007414423062559,0.0089739661400468,OK
sub-16,2,Block-03,3,0,-0.0409600950525637,0.060880968855766,0.0531756414905276,0.0634577477231126,0.059422604517407,-0.0443538679593017,0.0553788100825603,0.0655811141429939,0.0594330137098442,0.0630340093992112,-0.0494253213629624,0.0651844970224108,0.063338738390686,0.0676629421344793,0.0585663666444135,-0.0549483039652095,OK
sub-17,1,ALL,0,1,-0.108886191149393,0.156514687823623,0.159667527606395,0.135588207783786,0.15093042574824,-0.107413898023707,0.155681244048522,0.133035225800706,0.187675521417079,0.18737004460767,-0.139681285378768,0.164289789405567,0.1212391660309,0.122476980975822,0.125188304914666,-0.0721413785146382,OK
sub-17,1,Block-01,1,0,-0.0170622091702251,0.0461957349644144,0.0418078370788566,0.0371442447043405,0.0381667372771859,-0.0164313042788154,0.036944189791045,0.0338235710400881,0.0190851122964267,0.0199583961129599,-0.0051380503045901,0.0176892751950209,0.0434826681767439,0.0470151376314611,0.042129798262753,-0.0150628827658687,OK
sub-17,1,Block-02,2,0,-0.0002179633491136,0.0082026534049183,0.0079759236581753,0.0082855581323455,0.0082509161842327,-0.0001959853044976,0.0079770147957324,0.0082879135494995,0.0081080791485621,0.0080774016823077,-5.6852386808865e-05,0.0081325597262093,0.0081818135777737,0.0081428491192158,0.0079509236524206,-0.0002001150821209,OK
sub-17,1,Block-03,3,0,-0.0798137322478445,0.142978727826374,0.346356205349925,0.102086441829223,0.205030594067578,-0.0785297699344044,0.318353682545594,0.137042229746531,0.0836777019430909,0.0059939827940327,-0.187084388303912,-0.0378175665900735,0.169030130401442,0.130054513880952,0.3223565299874,-0.0424489103759558,OK
sub-17,2,ALL,0,1,-0.0117106830799561,0.0074189182226404,-0.0503463844491767,0.0654174955133707,0.0289556315963698,5.06941713672199e-05,-0.0434684964567152,0.058905561561134,0.0168532389419548,0.0087546608794804,0.0096556232618945,0.028095310209328,0.0375390598685146,0.0066254079318776,-0.0672440639981929,-0.035570889149211,OK
sub-17,2,Block-01,1,0,0.0005064871976976,0.0073008307805481,0.0064124155949664,0.0070932896834256,0.0155200433440183,-0.004211775199272,0.0148259309161965,0.0135004461644551,-0.0002591963706243,0.0005646067116012,0.0043556577716422,0.0019205895510494,0.00484619022759,0.0052939770117188,0.0045076814487223,0.0010824886463257,OK
sub-17,2,Block-02,2,0,-0.0002525713965368,0.0080170081468755,0.0075272344603058,0.0086338543737754,0.0082387281350017,-8.67004195679017e-05,0.0075746375352361,0.0085035991319506,0.0081758576511149,0.0079598677743373,0.0001021531896417,0.0084014368702966,0.0082413105409104,0.0079855624866512,0.0075694143894258,-0.0003484446383032,OK
sub-17,2,Block-03,3,0,-0.158533311027963,0.16063489893414,0.270286032136371,-0.124322615973158,0.355568123541038,-0.0884068730079345,0.27824979396779,0.0012890666257619,0.319114918493254,0.168504109329467,-0.1004478521193,-0.0328325548481942,0.337753575655014,0.176778243851844,0.24514237622087,0.0402338948832341,OK
sub-19,1,ALL,0,1,-0.157287127377293,0.150477155028248,0.152097305157696,0.149436755614752,0.167853250760602,-0.172296990188054,0.167583195397492,0.159952695865609,0.153703788465489,0.151733410410062,-0.158104704338456,0.149949624239309,0.115563710751472,0.110776615915478,0.114944060524612,-0.110239281738894,OK
sub-19,1,Block-01,1,0,-0.0059781851179596,0.0201021912997231,0.018685803436708,0.0163330858218011,0.0215952545248936,-0.0069843455820754,0.0203482693423963,0.0176040534773295,0.0111177506375168,0.0112822853929418,-0.0012081972633307,0.0099381135103246,0.0103891572873067,0.0106068593476635,0.0091784832377993,-0.0007208311498689,OK
sub-19,1,Block-02,2,0,2.30990373492652e-05,0.0076969650364577,0.0078562894900712,0.007948099942907,0.0077659763221752,5.81248297593434e-05,0.007856558079983,0.007948838355413,0.0077637424343045,0.0076906609906831,-2.30899080440426e-05,0.0079556741700768,0.0077648796342744,0.0076935380546673,0.007857595546137,-6.98598885351634e-05,OK
sub-19,1,Block-03,3,0,-0.086627767304263,0.192317812526405,0.198654073832395,0.0510323682145225,0.209954094953098,-0.083142172291376,0.198274408220052,0.0678810409060167,0.1696837758976,0.153369663343755,-0.0701801303309573,0.0167728213401405,0.181089208881955,0.154888571129639,0.190660084168257,0.0183152821007291,OK
sub-19,2,ALL,0,1,0.0007173007883646,0.0020364427874608,0.0138809396107997,0.0226899218581064,0.0065648040343744,0.0025555256564611,0.0132256269951407,0.0210060959687203,0.0065188591890501,0.0025337916718515,-0.0027951094123255,0.021560082512844,0.0061544908404815,0.0011763100825261,0.0147806154458776,-0.0085714060414785,OK
sub-19,2,Block-01,1,0,0.0024191510744869,0.0033582317450371,0.0013893706147833,0.0019794635120953,0.0101870531653446,-0.0017707412835881,0.0119507753503314,0.0087627005078737,0.0097512446495698,0.0108190998408854,-0.0017175658717901,0.0084407444194601,-0.0065724308466565,-0.0070521549613065,-0.0124745472984088,0.0076385916603856,OK
sub-19,2,Block-02,2,0,-0.0002376939834974,0.0078077652665894,0.0077847302239057,0.0086311139985822,0.0083498511402028,2.57113199489019e-06,0.0077813753499938,0.0087352899794767,0.0082764298589667,0.0078107494504505,1.20159798050687e-05,0.0086071732980891,0.0081537357046945,0.0078114794426922,0.0077950686101733,-0.0002923288707955,OK
sub-19,2,Block-03,3,0,-0.133745950066729,0.328635848226057,0.13911432335486,-0.0966844477908432,0.319090513283986,-0.139591962766053,0.148160825297839,-0.0792872732295537,0.272096169171205,0.281723563372818,-0.070959482159171,0.0120332466791948,0.275111888309957,0.278127295896109,0.153097374781339,0.0135008487610123,OK
sub-20,1,ALL,0,1,-0.0491123719206825,0.13167419562449,0.161781275429189,0.120342437405261,0.14786884919204,-0.0773222227718749,0.206153776882124,0.152609012485874,0.132353945587713,0.157131047384846,-0.0861036687296538,0.146404071899786,0.0763663955774998,0.0900818043643055,0.129476095405627,-0.042791209937304,OK
sub-20,1,Block-01,1,0,-1.99011437068102e-05,0.0078561604863391,0.0078450265769783,0.0078422056168611,0.0080288228408555,-0.0001187247615225,0.0079910005743979,0.0079723135346518,0.0072882608804698,0.0072347117245097,0.0002158426383328,0.0074309724227313,0.0082141814273921,0.0082547789723087,0.0081431497240307,-0.0001467288715909,OK
sub-20,1,Block-02,2,0,5.51531231741573e-05,0.0074386292628867,0.00893900423397,0.0089282887642965,0.0076968913124942,0.0001969070945511,0.0090044840099768,0.0089925393759225,0.0076612122743213,0.0073170950705168,-0.0007297295887271,0.0092633049373001,0.0077824997447116,0.0077203916588702,0.0080719660421453,-0.0001296554196703,OK
sub-20,1,Block-03,3,0,-0.0613666343281879,0.131535907266677,0.188141064184648,0.122792131516354,0.166563188152215,-0.0735806624315031,0.204022910384631,0.153380902859205,0.108057999569392,0.0942252775517359,-0.0761347429121404,0.0902165519268065,0.145477941307823,0.149291425114273,0.165832041260905,-0.0608948448009284,OK
sub-20,2,ALL,0,1,-0.0648332391038317,0.134895722138569,0.178246255935514,0.134436886250624,0.140489641213363,-0.0572260174551366,0.172038910045208,0.12927522352765,0.164653259147699,0.150846614605826,-0.0889072485261497,0.151555479249026,0.120705513552667,0.109185426529608,0.152591732991348,-0.0494882466743255,OK
sub-20,2,Block-01,1,0,0.007558553407602,-0.0064944475277755,-0.0159489712740957,-0.0070579260065964,-0.0057701963988711,0.0064877294738385,-0.0128239529896771,-0.0055289616307969,0.0082561582365177,0.0083382192760949,-0.0011255311206911,0.0084643454987395,-0.0042341215782245,-0.0037213713981402,-0.0119983900503629,0.0060547665632205,OK
sub-20,2,Block-02,2,0,-1.32280628354721e-07,0.0077908596553799,0.0077612858876798,0.0080506523203814,0.0078125202164539,1.35214952156413e-05,0.0077488648159148,0.0081066268106178,0.0078119212223507,0.0077739489753839,4.48898237669969e-05,0.0082242213143786,0.0078118606086332,0.0077938774540701,0.0077696312370444,-9.73916516859555e-05,OK
sub-20,2,Block-03,3,0,-0.0689471265236624,0.324029375619799,0.346370174158182,0.181369868389365,7.90909739338073e-05,-0.184033908990612,0.606904090757763,-0.0750682169220233,-0.0256018009031847,0.465759547371521,-0.251139884944681,-0.131337777845614,-0.030384114817161,0.438100282210157,0.47621447432912,-0.0705257188064034,OK
sub-21,1,ALL,0,1,-0.0651744427155736,0.148531880146704,0.185016958772694,0.118919665219329,0.151404130498587,-0.0655478312768296,0.187227508176125,0.120336336736292,0.199928123361962,0.198158314346579,-0.106046692105241,0.159039444870823,0.101541435147233,0.0992668807098347,0.129975788540348,-0.036036452741839,OK
sub-21,1,Block-01,1,0,-0.002838614718855,0.0149710871815608,0.0149213903979484,0.0120590198770482,0.0233649586031873,-0.0090530441265242,0.0263059150424016,0.0204948156290433,0.021800478609199,0.0246233632709655,-0.0083876610056373,0.0188900346084981,0.0052953299683069,0.0055473649415106,0.005308149175624,0.001324769835975,OK
sub-21,1,Block-02,2,0,-0.0001024108601288,0.0078168412628312,0.0077830180215603,0.0082757100255641,0.0080107181468693,-2.3917004726149e-06,0.0077846705146869,0.0082595134874923,0.0081153946123464,0.0078191895897047,2.1611807915693e-05,0.0084963583403544,0.0079731351023298,0.0078151525578902,0.0077885075066291,-0.0001819656136645,OK
sub-21,1,Block-03,3,0,-0.0044633886588958,0.341729461502324,0.357039367795159,0.0832716330381761,-0.0563796668564285,-0.228086721655827,0.663872603658121,-0.130228112744608,-0.128382231716462,0.561974295489077,-0.25537739427093,-0.20333027921215,-0.0380722847195895,0.350174209301823,0.374548895962683,-0.0254848789088465,OK
sub-21,2,ALL,0,1,-0.0008258965522677,0.0124290935101798,0.0184940795037673,0.0233234156653905,0.0093751512559367,-0.0021904167629212,0.0179778191709474,0.022587345665164,0.0093490969580353,0.0121169534575924,-0.004972207273668,0.0223148595201858,0.009297069519303,0.0119864160385197,0.0174902512605679,-0.0070225141861819,OK
sub-21,2,Block-01,1,0,-0.0003862289431449,0.0081725068446503,0.0086315132069611,0.0086915209583625,0.003494176709305,0.0023613140992319,0.0026823677361922,0.0044175294407187,0.0094689636183597,0.0090517974724949,-0.0009171209395045,0.0094222005025374,0.0093269829326948,0.0089742898970644,0.0095047052093285,-0.0007253346618077,OK
sub-21,2,Block-02,2,0,-0.0002169219232596,0.0083556419310499,0.0077740646395168,0.008552555907238,0.0082150656019273,-0.0002516478275039,0.0077770268884461,0.0084988930059084,0.0083201191571815,0.008447470762542,2.19213190788972e-05,0.0086765021619065,0.0080991825797391,0.008170397862072,0.0077904088569913,-0.000243219470241,OK
sub-21,2,Block-03,3,0,-0.0908604852041368,0.384463860060158,0.426067909784715,-0.0346729168731113,0.170820613769148,-0.182288636120302,0.529494936526742,-0.162694591852466,0.120558734070995,0.419366122249966,-0.20895105103923,-0.228463428370583,0.215380322719117,0.333319396783113,0.33816524681963,0.0060904797907735,OK
sub-22,1,ALL,0,1,0.0,0.0078125,0.0078125,0.0078125,0.0078125,0.0,0.0078125,0.0078125,0.0078125,0.0078125,0.0,0.0078125,0.0078125,0.0078125,0.0078125,0.0,OK
sub-22,1,Block-01,1,0,0.0,0.0078125,0.0078125,0.0078125,0.0078125,0.0,0.0078125,0.0078125,0.0078125,0.0078125,0.0,0.0078125,0.0078125,0.0078125,0.0078125,0.0,OK
sub-22,1,Block-02,2,0,0.0,0.0078125,0.0078125,0.0078125,0.0078125,0.0,0.0078125,0.0078125,0.0078125,0.0078125,0.0,0.0078125,0.0078125,0.0078125,0.0078125,0.0,OK
sub-22,1,Block-03,3,0,0.0,0.0078125,0.0078125,0.0078125,0.0078125,0.0,0.0078125,0.0078125,0.0078125,0.0078125,0.0,0.0078125,0.0078125,0.0078125,0.0078125,0.0,OK
sub-22,2,ALL,0,1,0.0,0.0078125,0.0078125,0.0078125,0.0078125,0.0,0.0078125,0.0078125,0.0078125,0.0078125,0.0,0.0078125,0.0078125,0.0078125,0.0078125,0.0,OK
sub-22,2,Block-01,1,0,0.0,0.0078125,0.0078125,0.0078125,0.0078125,0.0,0.0078125,0.0078125,0.0078125,0.0078125,0.0,0.0078125,0.0078125,0.0078125,0.0078125,0.0,OK
sub-22,2,Block-02,2,0,0.0,0.0078125,0.0078125,0.0078125,0.0078125,0.0,0.0078125,0.0078125,0.0078125,0.0078125,0.0,0.0078125,0.0078125,0.0078125,0.0078125,0.0,OK
sub-22,2,Block-03,3,0,-0.0612361689003092,0.278878242505759,0.35499835879288,0.01997559029709,0.098845498514193,-0.126860698655795,0.435860599466586,-0.0638999955148045,0.0754694121045848,0.313501687605428,-0.193079909808646,-0.109683599224248,0.0884003570541112,0.248408991208072,0.31657816592402,0.024189989343535,OK
sub-23,1,ALL,0,1,-0.0245452474517818,0.0507158043541103,0.0670468106777041,0.0556126470045514,0.0493957387510312,-0.017537533213158,0.056970679376601,0.0476140515633814,0.0778878179191687,0.0676284094327061,-0.0398961961260572,0.0739760017857704,0.0643758118082795,0.0561196784804998,0.0745246387238718,-0.0261490596924686,OK
sub-23,1,Block-01,1,0,2.73926152849496e-05,0.0077700446982049,0.0076930222890156,0.0076950765795357,0.0077653063697703,1.81693763564663e-05,0.007708434224684,0.0077100796821864,0.0076965883178932,0.0077214417302239,0.0001230894241963,0.0075711166863093,0.0076869383043692,0.0077135113501502,0.0075477603924779,0.0001307095353463,OK
sub-23,1,Block-02,2,0,-0.0215104403529116,0.0413104439733475,0.0516270414367279,0.0414013262359838,0.0487125211283565,-0.0154000111817826,0.0486790419551794,0.0391871803822132,0.0673389572669387,0.053463801981664,-0.0290080997301275,0.0537259235135677,0.0565938888947484,0.0452413924328209,0.056702870907061,-0.018488840249075,OK
sub-23,1,Block-03,3,0,-0.285016524010058,0.712480367456472,0.0401333675333741,-0.416593791417856,0.749289857834589,-0.271979781064909,-0.0793659510564852,-0.31306185453703,0.412602176151654,0.336953395046779,-0.424951515806427,-0.24443102980096,0.463431939795551,0.589486234215797,-0.438845756109277,-0.384236420200272,OK
sub-23,2,ALL,0,1,-0.0120161825845982,0.0299895977465,0.0406533603238429,0.0308014771699745,0.0343607983176453,-0.0119182616995286,0.0438180231653602,0.0328494657223946,0.0339255298273796,0.0315661289816232,-0.0173753729117546,0.0324539707406174,0.0335995397326809,0.0310455970036691,0.0432426256632393,-0.0119458374810292,OK
sub-23,2,Block-01,1,0,0.0117116362252763,-0.0130863917687499,-0.0270286084219387,-0.01218332878537,-0.0037866155305223,0.004694995441424,-0.0070588579466453,-0.0008219383663763,0.0009309610343853,0.00242783616477,0.0042496161174336,0.0028850602336816,-0.0003695435343678,0.0014146710021217,-0.0022285153437286,0.0029353171894822,OK
sub-23,2,Block-02,2,0,0.0012034341810109,0.0076983459859308,0.0066665195507162,0.0057729288333727,-0.0068240873546702,0.0040979047056599,-0.0043481453267143,-0.0063035139356674,-0.0021653689559516,0.0026497647834378,0.0040128842746753,-0.0017151377620547,0.0018073441193849,0.0055685068144956,0.0035953760483536,0.0027681992326075,OK
sub-23,2,Block-03,3,0,-0.0485158967226473,0.0714292656852288,0.0749635637252502,0.0525278949556855,0.0703859804865125,-0.0458236503741248,0.0697786273806163,0.0491401472598747,0.0775215571282676,0.0729139166694589,-0.0537816359279154,0.0575900586883963,0.0516908553714773,0.0482354573360534,0.0555021872172867,-0.0360839782142432,OK
sub-24,1,ALL,0,1,-0.0373444207889142,0.0842112988864826,0.0919132048475937,0.0543054237395909,0.0836913028930776,-0.0364394297142887,0.0895809401277183,0.0530728022545726,0.080120015708984,0.0794621054363569,-0.038035287654788,0.0512903217407791,0.0382970250527159,0.0378780148526768,0.0390692913738181,-0.0086291162439511,OK
sub-24,1,Block-01,1,0,-0.0003866216846909,0.0090880115535809,0.0083931900766314,0.0081586281189879,0.0138429917821905,-0.0035845308688016,0.0149002928260868,0.0140092893722152,0.0068339935746846,0.0069733801238216,0.000743565761388,0.0063642356389537,0.0043043806384595,0.0040599579011432,0.0032548251968263,0.0021033385534828,OK
sub-24,1,Block-02,2,0,-0.0002221925889082,0.0080643091324352,0.0078267153508136,0.0078293977197608,0.0082568989012788,-0.0001263127946923,0.0078289634165939,0.0078316054755181,0.0083320793862036,0.0081103703614349,-1.22748504002524e-05,0.0078400485838468,0.0079202611803123,0.0078740097032766,0.0078169932917251,-2.56255967817745e-06,OK
sub-24,1,Block-03,3,0,-0.0422568592285332,0.0623123161484715,0.0521512756938714,0.0550373040201477,0.0649271829096514,-0.0459977967131745,0.055417797626405,0.0585130679474251,0.0568167004896047,0.0579669539309556,-0.0495716801366558,0.0547283556605031,0.0549367801529457,0.0557448375356161,0.0515702710315716,-0.0485944690850763,OK
sub-24,2,ALL,0,1,-0.0216382699354752,0.0069806988733091,-0.0532824094625512,0.0243267876314052,0.043113495530729,0.00031268668696,-0.0410620337337095,0.0210690433124176,0.0259576962539897,0.008274532198103,0.0120862734460092,0.0151967397791332,0.0486682023658097,0.0079754749061588,-0.0473669857834225,-0.0079457983270885,OK
sub-24,2,Block-01,1,0,0.0032852645908019,0.0006181661413007,0.0033558960921052,0.0003261157895837,-0.0060505393479633,0.0073626593967266,-0.0023718105509776,-0.0055344278728475,0.0093280147294922,0.0084328716061175,-0.0011244577149274,0.0053596080499908,-0.0245689944526647,-0.025974124688023,-0.0163915859121018,0.0150944958091419,OK
sub-24,2,Block-02,2,0,-0.0001990860745336,0.0077945528518657,0.008018260131485,0.0077235537414396,0.0082018464318736,8.4683623239367e-06,0.0080138986495272,0.0077263539784926,0.0081536473442254,0.0077978961523163,-8.82239049729809e-05,0.0077372588317837,0.008309449641949,0.0077912858561084,0.008069755252401,5.46954382426175e-05,OK
sub-24,2,Block-03,3,0,-0.0556869194806083,0.187792476507375,0.245939911892321,0.186702775448957,0.057372722485722,-0.0765036024619159,0.277723626665478,0.19885081416271,0.0200900615560784,0.163241474137893,-0.133908175553249,0.21307892356674,-0.0053157521384302,0.118656353055886,0.241631106411135,-0.0752984007311005,OK
sub-25,1,ALL,0,1,0.0,0.0078125,0.0078125,0.0078125,0.0078125,0.0,0.0078125,0.0078125,0.0078125,0.0078125,0.0,0.0078125,0.0078125,0.0078125,0.0078125,0.0,OK
sub-25,1,Block-01,1,0,0.0,0.0078125,0.0078125,0.0078125,0.0078125,0.0,0.0078125,0.0078125,0.0078125,0.0078125,0.0,0.0078125,0.0078125,0.0078125,0.0078125,0.0,OK
sub-25,1,Block-02,2,0,0.0,0.0078125,0.0078125,0.0078125,0.0078125,0.0,0.0078125,0.0078125,0.0078125,0.0078125,0.0,0.0078125,0.0078125,0.0078125,0.0078125,0.0,OK
sub-25,1,Block-03,3,0,-0.0428847081821076,0.0681907243626406,0.0684704150349167,0.0557432511739948,0.0699562923187814,-0.0505799024912648,0.0760134480957691,0.0609572777687458,0.0687674090870242,0.075608823431735,-0.0570615942813572,0.0605022394971845,0.0502834731865575,0.0530605926495311,0.053225874746952,-0.0417372117782212,OK
sub-25,2,ALL,0,1,-0.073939887968728,0.142213839850878,0.157939216823464,0.1746114550061,0.168586025012389,-0.0645253616707414,0.158156707329348,0.173139354099028,0.140861751594434,0.116513048011534,-0.059233097900732,0.150116871302042,0.136841106439532,0.107457098989756,0.131930212437137,-0.0669739376040139,OK
sub-25,2,Block-01,1,0,-0.0985665742176418,0.252698172235296,0.221895008377154,-0.18590027327835,0.245072969837062,-0.124931456549504,0.251474182944067,-0.174523793609489,0.23733854063154,0.270739177848816,-0.10987145031199,-0.15194804609419,0.0417498243355895,0.0361145943647618,0.052377766804483,-0.0707543697174917,OK
sub-25,2,Block-02,2,0,-6.6102806546936e-05,0.0073853172623168,0.0074560662912183,0.008682591046875,0.0079726606322052,0.000256898396018,0.0073829682955841,0.0088606751508764,0.0080243124508297,0.0071245845517654,0.0002874033528353,0.0092095723595965,0.0079663352146744,0.0073110204575503,0.0073944601415241,-0.0005091900959215,OK
sub-25,2,Block-03,3,0,-0.0699125717966699,0.314785058829511,0.0916429340717856,0.487628809537417,0.0403069207829012,-0.255202194197954,0.103503996906115,0.589500645840232,0.150728726752416,0.263593710521155,-0.0703199058523838,0.369965806071887,-0.129641449823188,0.301770324158014,-0.0170808664807854,-0.317428562818594,OK
sub-26,1,ALL,0,1,-0.0563440883127245,0.137837326252361,0.169343016163717,0.107396395113502,0.152415481548439,-0.0695722356920871,0.198701352121147,0.123965684146434,0.210725590099153,0.22756077514129,-0.116768270052119,0.166906584098082,0.0902241732254328,0.0940674368248211,0.115417167630975,-0.0321123613287432,OK
sub-26,1,Block-01,1,0,-0.0250111500289218,0.0655450246614033,0.0703100104146298,0.048937979193963,0.062300099855238,-0.0302513603737982,0.0764523289477202,0.0518394353880064,0.0537520200905035,0.0589604299750641,-0.0260941419407302,0.0445391661273299,0.0410016523110587,0.0456448020786066,0.0496447108372971,-0.0132464537609641,OK
sub-26,1,Block-02,2,0,-7.06018026132713e-05,0.0080598015852153,0.0076229217318209,0.008127284095455,0.0079052969257516,-8.16998998848678e-05,0.0076849132103944,0.0080212473951712,0.0080407269609588,0.0082063562731571,0.0001440598681865,0.0083107972842796,0.0079955947523595,0.0081314385802776,0.0075718406478201,-0.0002026503480867,OK
sub-26,1,Block-03,3,0,-0.042371391245861,0.062426668902637,0.0619534652730557,0.047601513551389,0.0648884707823178,-0.0463356028122103,0.0693364272061461,0.0510507056880683,0.0642899543589282,0.0698166764288865,-0.0607336838072959,0.0524190662577235,0.044669534751589,0.0449739595317613,0.0455760652248465,-0.0422194503943744,OK
sub-26,2,ALL,0,1,-0.0005477015048997,0.0081429563506662,-0.0039722510858078,0.0181823158247453,0.0086653749132846,-0.0001274764505506,-0.0014064940303216,0.0159174693513186,0.008600004166732,0.0080560414285312,0.0041873310759571,0.0151299384639199,0.0089371185308093,0.0081411634256938,-0.0044919742805035,-0.0054075205355844,OK
sub-26,2,Block-01,1,0,-0.0003703695849608,0.0071095964443038,0.0112093481988783,0.0087060132483226,2.79808081510933e-05,0.0039915686034571,-0.0008193726457949,0.0005835467245128,0.0302248162896572,0.0259576937842898,-0.0162942277891425,0.0292537025135585,0.0092006125688791,0.0082996572815247,0.0109592594632092,-0.0007017964676883,OK
sub-26,2,Block-02,2,0,-0.0001596220985644,0.0086378885080218,0.0068099927746011,0.0084107990488969,0.0079793524817441,-0.000216893241831,0.0072842665792503,0.0081272439245314,0.0082390639951196,0.0089160315842103,0.0006749821488554,0.0086102775772006,0.0079585286858454,0.0081883556644141,0.0073589095745693,-0.0001363762672392,OK
sub-26,2,Block-03,3,0,-0.176099513569773,0.209287875415283,0.480827624167319,0.152890158019706,0.206394300000252,-0.169616973284865,0.523632806745418,0.157777133737462,-0.0032053000224478,-0.0138396432853781,-0.392341338491872,0.0562549781905919,0.175128410839249,0.181060899140047,0.305836445666135,-0.18160306264966,OK
sub-27,1,ALL,0,1,-0.0016197918344729,0.0105683764597809,0.0042399574040632,0.0111576156384059,0.0106876402377734,-0.0012209147709977,0.0046546388155669,0.0107776418063514,0.01048709132979,0.0100864429378924,0.0014547794156746,0.0105520184948872,0.010574440160486,0.010159268146466,0.0047617489488798,-0.0014241060663369,OK
sub-27,1,Block-01,1,0,3.99092206089071e-06,0.007808595851797,0.0078081113896514,0.0078103083871581,0.0080743901120136,-9.09572490704158e-05,0.0080046656394766,0.0079750604430306,0.0080519803668113,0.0079775894772576,-8.72033462869161e-05,0.0079595403816911,0.007785315956113,0.0077956756330348,0.0077943702273375,7.10584411276259e-06,OK
sub-27,1,Block-02,2,0,-6.8296574753964e-05,0.0077267892432573,0.0075084398777365,0.0082053011927927,0.0079583177823595,4.57325221143711e-05,0.0074879746157133,0.0082311218393527,0.0079529061433158,0.007725708603336,0.0001548207103174,0.0082135134078559,0.0078657474893444,0.0077787535959223,0.0076933344055668,-7.68354634010143e-05,OK
sub-27,1,Block-03,3,0,-0.212078626646099,0.0702787928462213,0.667415571882528,0.0011045466574935,0.377479616322707,-0.0703754383484244,0.377307445631711,0.161460377273035,0.447241167828865,-0.0946880071952987,-0.256615506543914,-0.170001417615422,0.393871363604773,0.0934434245377648,0.420734241745191,-0.0567192873445977,OK
sub-27,2,ALL,0,1,-0.0299035287391153,0.0646235725063082,0.0387077925437468,0.0477613696276759,0.0708357051218191,-0.0284485483038833,0.0394805581787695,0.0489886119787198,0.027176569358863,0.0264373321828125,-0.0048809088192271,0.0210500882810477,0.043793169459402,0.0412736229977979,0.0259006791582926,-0.0116560083380661,OK
sub-27,2,Block-01,1,0,-0.0212751972901692,0.0497981439933033,0.0504882642424238,0.0447462119418281,0.0653271745228065,-0.0271620202876978,0.0645847814679189,0.0571455848058518,0.0471815947806052,0.0460313187681227,-0.0191180290275125,0.0413783283758294,0.027613729549697,0.0294152812119037,0.0269269302259075,-0.0074612464633675,OK
sub-27,2,Block-02,2,0,-0.0002942347982976,0.0080227998126088,0.006759483344238,0.0081097190492513,0.0083468417145534,-9.54454882778224e-05,0.0068570900308428,0.0080816969696014,0.0086385185495533,0.00810817591501,0.0007370282267408,0.008226395148966,0.0082209593902396,0.0079582233490208,0.007081226205552,-0.0001027197577531,OK
sub-27,2,Block-03,3,0,-0.0475448546188722,0.069370625529979,0.0598896064558115,0.0501973244962289,0.0682995872974181,-0.0456437870744879,0.0582421245082267,0.0451692008146891,0.0629393285989085,0.0622807354342489,-0.0539049730374472,0.0460922435967273,0.0488208766940255,0.0447362541759077,0.0420155664208631,-0.0368844269512901,OK
sub-28,1,ALL,0,1,-0.0857760313013081,0.189621092591773,0.156478472643569,0.159612299621298,0.179401903073431,-0.0763520810216958,0.144718334091407,0.146221584769745,0.116204127614976,0.115473190387339,-0.0473062238763333,0.0961307482465654,0.137788767666518,0.134970384995678,0.118345035096968,-0.0496768284539619,OK
sub-28,1,Block-01,1,0,-0.0125714338659131,0.0384351396606982,0.036346501196134,0.0356100948804683,0.0541542583791844,-0.0253799256808839,0.0511618155786065,0.0542620745603616,0.0554561086656368,0.0627029063677802,-0.0235241119970059,0.0572398696293133,0.0463271187120612,0.0522062833981039,0.0466687434963381,-0.0196445658732507,OK
sub-28,1,Block-02,2,0,-0.0001765543753999,0.0076994534216039,0.0072889241976683,0.0082009642040799,0.0081308347995123,5.0870044215222e-05,0.0073424195675851,0.0081621025930621,0.0082149496539895,0.007684805590285,0.0002962954959307,0.0082544820671262,0.0080913049920912,0.0077229985817348,0.0073988565183499,-0.000153236671032,OK
sub-28,1,Block-03,3,0,-0.0442634702587752,0.0649211158641116,0.0494542244079992,0.050618863927454,0.0659063118050762,-0.045224339786574,0.0524766860243681,0.0492285963707708,0.0454052961744846,0.0467350199622937,-0.0455800496853136,0.0374951507989695,0.0483254702160877,0.0457243497077758,0.0351279500401627,-0.038483366998917,OK
sub-28,2,ALL,0,1,0.0,0.0078125,0.0078125,0.0078125,0.0078125,0.0,0.0078125,0.0078125,0.0078125,0.0078125,0.0,0.0078125,0.0078125,0.0078125,0.0078125,0.0,OK
sub-28,2,Block-01,1,0,0.0,0.0078125,0.0078125,0.0078125,0.0078125,0.0,0.0078125,0.0078125,0.0078125,0.0078125,0.0,0.0078125,0.0078125,0.0078125,0.0078125,0.0,OK
sub-28,2,Block-02,2,0,0.0,0.0078125,0.0078125,0.0078125,0.0078125,0.0,0.0078125,0.0078125,0.0078125,0.0078125,0.0,0.0078125,0.0078125,0.0078125,0.0078125,0.0,OK
sub-28,2,Block-03,3,0,-0.241920379933869,0.433672728419066,0.0738212389941395,-0.0872314136720223,0.420494501147804,-0.239465666419891,0.0746631912810854,-0.0843648557412288,0.195742059191379,0.195579257777842,-0.0312804004083588,0.0425419689450601,0.284272022962094,0.283144855628411,0.0854402077375307,-0.0391895006787921,OK
sub-29,1,ALL,0,1,0.0126247940126503,-0.0266094428278228,-0.00837136173395,-0.0295343745503479,-0.0184975162549859,0.0184873869675197,-0.0092023907692543,-0.0316123636343767,-0.0401966588946312,-0.0587632951362537,0.0151712742102335,-0.0649637453563196,-0.0030986762484855,-0.0072231051966259,0.0006597968747798,0.0082074929874951,OK
sub-29,1,Block-01,1,0,1.86728975829815e-05,0.0077653296130068,0.0077597403497935,0.0077933931176691,0.0077983432967521,9.12764596634807e-06,0.0077919318892613,0.0078060320791402,0.007884773317358,0.007900795854497,-4.86741164243254e-05,0.0078553618275668,0.0077216966556532,0.0076985091913797,0.0076853114890481,2.40028057751607e-05,OK
sub-29,1,Block-02,2,0,1.03925046967561e-05,0.0077631209113601,0.0077207991430024,0.0077957610795753,0.0077919986040131,2.24206162817853e-05,0.0077314509585089,0.0077954874399066,0.0077176121448378,0.0075537792695641,0.000250599195277,0.0077412351434634,0.0078477268941883,0.0079292017818119,0.008050017796487,-1.17054242904926e-05,OK
sub-29,1,Block-03,3,0,-0.0850109531793022,0.274077040936446,0.304286421374464,-0.0105109243297345,0.185744798216412,-0.113607455829539,0.308039880876563,-0.0410917862993811,0.161490618266781,0.257112765930562,-0.125842681244672,-0.0833556354698274,0.20051829986505,0.24382266225114,0.260548985321879,-0.0093609298249496,OK
sub-29,2,ALL,0,1,0.0,0.0078125,0.0078125,0.0078125,0.0078125,0.0,0.0078125,0.0078125,0.0078125,0.0078125,0.0,0.0078125,0.0078125,0.0078125,0.0078125,0.0,OK
sub-29,2,Block-01,1,0,0.0,0.0078125,0.0078125,0.0078125,0.0078125,0.0,0.0078125,0.0078125,0.0078125,0.0078125,0.0,0.0078125,0.0078125,0.0078125,0.0078125,0.0,OK
sub-29,2,Block-02,2,0,0.0,0.0078125,0.0078125,0.0078125,0.0078125,0.0,0.0078125,0.0078125,0.0078125,0.0078125,0.0,0.0078125,0.0078125,0.0078125,0.0078125,0.0,OK
sub-29,2,Block-03,3,0,-0.134477391159015,0.261840847066151,0.250131836640999,0.164691736190352,-0.144200658422748,-0.136968624810436,0.346530777125459,0.390121197776826,-0.151646646899737,0.313912388208902,-0.147228519524345,0.387664225352954,-0.26010194396736,0.277249850520722,0.302432610947365,-0.159432664266318,OK
sub-30,1,ALL,0,1,-0.0730493677779619,0.162774198667134,0.177384802127707,0.136388599346622,0.159701933249771,-0.0667431210695716,0.168418794779729,0.128989519215047,0.18573903729531,0.177905112944071,-0.0824826297299704,0.149624598093489,0.123082022628205,0.118925602673886,0.130302219824288,-0.0430374067847184,OK
sub-30,1,Block-01,1,0,-0.0013253970591295,0.0108729341037058,0.0109278321426467,0.0088033722809358,0.0163801320398456,-0.0042586022222437,0.0175383339348955,0.0131169316963808,0.0140026472500166,0.0139530485201401,-0.0034930262303005,0.0117181792545996,-0.003516802203814,-0.0022015230477239,-0.004749140232471,0.0046013466292653,OK
sub-30,1,Block-02,2,0,-0.0003678333019181,0.0083573732347714,0.0084277920313026,0.0088024470391961,0.0084094882172127,-0.0002217345100299,0.0083127212906622,0.0086124599482725,0.0087744136049327,0.0085243434606932,-0.000401642378909,0.0091054467908726,0.0079718577843203,0.0079299692389425,0.0079455168558308,-0.0001079472338492,OK
sub-30,1,Block-03,3,0,-0.210222052154935,0.203177804925915,0.29882496195678,-0.0335229598676958,0.208088246790531,-0.197930263133446,0.286978275072345,-0.0248691497733295,0.203357822275739,0.192172983783953,-0.243097641087386,-0.0796329956201729,0.197027013606856,0.189789656182735,0.223950489647017,-0.044076923209041,OK
sub-30,2,ALL,0,1,-0.158682287756563,0.160688217097022,0.174690435643628,0.16919524297996,0.14495081682385,-0.129034507157563,0.152930698090811,0.148256851136691,0.136918091909411,0.134434286323997,-0.137918926216101,0.145014489436977,0.129203208450415,0.126050358820756,0.142412931148134,-0.125538386240311,OK
sub-30,2,Block-01,1,0,-0.0319610228172934,0.0663826265000027,0.0829363930310379,0.0660834107551258,0.062266079178587,-0.0237043877783055,0.0706359207570609,0.0567139771091264,0.0930835121629569,0.0840401692970274,-0.0460945164934475,0.0819719926824236,0.0640662796796394,0.0580264028397601,0.0716223414681627,-0.0241336124695987,OK
sub-30,2,Block-02,2,0,-6.13700173722125e-05,0.0078592677004771,0.0072415590944924,0.0081783399030577,0.0079365937419494,-2.36230311106367e-05,0.0072357090116109,0.0081820738841949,0.0079392425348232,0.0078607441709406,0.0002945231562845,0.0081895209573443,0.007918844073205,0.0078529873651356,0.0073179469837872,-0.0001583710568549,OK
sub-30,2,Block-03,3,0,-0.262028077356762,0.60581895746163,-0.208589094042214,0.0664119351621512,0.639005353543879,-0.221542096949318,-0.18661319127872,0.063014418492716,0.180638622924921,0.196732286680224,-0.0640201312500276,0.419067600303467,0.502022018445176,0.467371251811177,-0.299733108175876,-0.200265815946291,OK
sub-31,1,ALL,0,1,-0.0001615321416188,0.0079648029838795,0.0085836086831213,0.007814971897813,0.0081030974679686,-6.86468424024362e-05,0.0085047073412589,0.0078155899369421,0.0082615149386677,0.0080229706978123,-0.0005367931723994,0.0078136651666727,0.0081083941674573,0.0079526450435205,0.0085165795320042,-1.87977934435131e-06,OK
sub-31,1,Block-01,1,0,0.0018899232221492,0.004092770941158,0.0033148546536648,0.0048579360543414,0.0026795041853288,0.0025442283202497,0.0017278348627337,0.0037768364257266,0.0251654867855236,0.0245522697497546,-0.0126116831415113,0.0201037548306534,-0.0006185947109566,-0.0004006998464803,-0.0036142204328496,0.00313052668173,OK
sub-31,1,Block-02,2,0,1.87630070796135e-05,0.0075827489154461,0.0073264600067944,0.0080238745215965,0.007768059126798,0.000137193413022,0.0072312938900003,0.0080655593073701,0.0077563077880093,0.0074644030652325,0.0003683245313247,0.0081333168231327,0.0077715810991493,0.0075573242116807,0.0072715864124305,-0.0001182930754558,OK
sub-31,1,Block-03,3,0,-0.104464863112699,0.41511842034801,0.402760635158693,-0.0469195709904938,0.186625264805258,-0.192996539802294,0.455922430909583,-0.216377858661564,0.175470838821426,0.447892301642865,-0.179464242702761,-0.211172186932342,0.24017810337402,0.331930432568622,0.332344377372175,0.0109350380692504,OK
sub-31,2,ALL,0,1,-0.13677986187531,0.164614903771283,0.15844824337288,0.157637212372203,0.1614755507619,-0.1326367410893,0.155506099921037,0.153997938497422,0.142113154183049,0.140374768588092,-0.109727713949879,0.137141638532657,0.140606251069833,0.138993238449627,0.134239428079399,-0.108709392172481,OK
sub-31,2,Block-01,1,0,-0.0029353519752254,0.0129281943264436,0.0146083633687508,0.0094644025018066,0.0079302289586713,0.0002455011482659,0.0084048516580789,0.0049151076747367,0.0196256553971882,0.0186648723562099,-0.0065277405631527,0.0141515463794344,-0.0141026934894923,-0.0135363908999893,-0.0156199897424057,0.0090282548336473,OK
sub-31,2,Block-02,2,0,-8.07398310148222e-05,0.0081097682833427,0.0076927422746837,0.0081033491461711,0.0079845672827225,-0.0001585160933859,0.0076833211783476,0.008123194582069,0.0080253214937857,0.0082057396288545,8.0370772852519e-05,0.0081966326078938,0.0079188237053346,0.0080063385883367,0.0077372682991184,-9.48365024719604e-05,OK
sub-31,2,Block-03,3,0,-0.0872933358916141,0.0523175680416399,0.156429173579784,0.264797139699623,0.223866594267163,-0.0698026808441941,0.195200939152183,0.228266460305688,0.184910267599119,0.0748720953078706,-0.0650971528145126,0.226592059943506,0.178909586451315,-0.0530431587138487,0.118401927738853,-0.126656440565985,OK
sub-32,1,ALL,0,1,-0.0664492126656189,0.121702422916956,0.177305085607996,0.157203087354399,0.129709042851241,-0.0458408439735757,0.152628996874246,0.136219009764907,0.185231139369031,0.151608281142303,-0.0944670132487789,0.18949081836285,0.126155182829653,0.097732442469461,0.150281453461316,-0.0607537116654307,OK
sub-32,1,Block-01,1,0,-0.0019923046884886,0.0126829867660046,0.0102236791034501,0.0073118111623239,0.0198922549437833,-0.0061818075897665,0.0182707588102441,0.0133378651709622,-0.0010620444546927,0.0012743787746516,0.0057490023857293,-0.0044994279741034,-0.0178756379865935,-0.0150454539234089,-0.0196051179587184,0.0117145372501937,OK
sub-32,1,Block-02,2,0,-0.0001416181720505,0.007721434428946,0.0079654306817258,0.0086717314850404,0.0080946841781493,4.43035602931972e-05,0.0079654989522349,0.0086634175050976,0.0081701943042954,0.00770039571223,-9.69687667946576e-05,0.0088918768875731,0.0080755352047469,0.0077285454563423,0.0079546506277298,-0.0003981353906217,OK
sub-32,1,Block-03,3,0,-0.113651773027602,0.257306036726963,0.557795756405747,-0.0682342053798116,0.254492742682818,-0.107844972145056,0.539156183211369,-0.0644340153345076,0.224358515124071,0.219565286045974,-0.287340099162081,-0.269843335017074,0.243046896880784,0.23449753429562,0.349513443774766,0.0301360508608105,OK
sub-32,2,ALL,0,1,-0.115420970972416,0.134826509161686,0.141601446017569,0.142434545505112,0.136120361743268,-0.1137764633156,0.141647857760845,0.142695736834385,0.157234498371087,0.155752132199284,-0.142018060714594,0.164209078009099,0.15162192776561,0.150395296412063,0.15732544912081,-0.13660291145888,OK
sub-32,2,Block-01,1,0,-0.0059165512815804,0.0198861450501597,0.0222411763147021,0.0253557951502649,0.0226473456286341,-0.0074446152772388,0.0259254187061274,0.0298431217646977,0.019480893730092,0.0198051524590294,-0.0068745592387996,0.0246168808123717,0.0248004837751142,0.0249131256466443,0.0286872416878303,-0.0125515026192621,OK
sub-32,2,Block-02,2,0,-0.000137437083093,0.0079452728180106,0.0079528790511572,0.0081078933340936,0.0081193504313692,-7.42115175536654e-05,0.0079694879380094,0.0081418077290315,0.0082329490793799,0.0080151083829848,-0.0001070811905464,0.0082638222218862,0.0082456355910664,0.0080194290153152,0.00803152762393,-0.0002324884968925,OK
sub-32,2,Block-03,3,0,-0.0577074098905553,0.151316190736883,0.210962475256796,0.0981679023022141,0.121806463091977,-0.0623413723024305,0.20416517409172,0.0890934803946541,0.133260334635066,0.155035274456016,-0.0952615879291664,0.0976313752206167,0.102261408597649,0.126486540302156,0.1913089761113,-0.029707827878456,OK
sub-33,1,ALL,0,1,0.0,0.0078125,0.0078125,0.0078125,0.0078125,0.0,0.0078125,0.0078125,0.0078125,0.0078125,0.0,0.0078125,0.0078125,0.0078125,0.0078125,0.0,OK
sub-33,1,Block-01,1,0,0.0,0.0078125,0.0078125,0.0078125,0.0078125,0.0,0.0078125,0.0078125,0.0078125,0.0078125,0.0,0.0078125,0.0078125,0.0078125,0.0078125,0.0,OK
sub-33,1,Block-02,2,0,0.0,0.0078125,0.0078125,0.0078125,0.0078125,0.0,0.0078125,0.0078125,0.0078125,0.0078125,0.0,0.0078125,0.0078125,0.0078125,0.0078125,0.0,OK
sub-33,1,Block-03,3,0,-0.249957099331757,0.66584667282137,-0.288600864411015,-0.0649544240382929,0.628805342990727,-0.252350992962119,-0.220616464208608,-0.0414043807192359,0.349626960349878,0.314872430455008,-0.0209376528907609,0.117898152259549,0.254844046628991,0.240538574142631,-0.0440474925451828,-0.0092971052954609,OK
sub-33,2,ALL,0,1,0.0,0.0078125,0.0078125,0.0078125,0.0078125,0.0,0.0078125,0.0078125,0.0078125,0.0078125,0.0,0.0078125,0.0078125,0.0078125,0.0078125,0.0,OK
sub-33,2,Block-01,1,0,0.0,0.0078125,0.0078125,0.0078125,0.0078125,0.0,0.0078125,0.0078125,0.0078125,0.0078125,0.0,0.0078125,0.0078125,0.0078125,0.0078125,0.0,OK
sub-33,2,Block-02,2,0,0.0,0.0078125,0.0078125,0.0078125,0.0078125,0.0,0.0078125,0.0078125,0.0078125,0.0078125,0.0,0.0078125,0.0078125,0.0078125,0.0078125,0.0,OK
sub-33,2,Block-03,3,0,-0.101593783096722,0.398712149877203,0.455761771615889,-0.0516466584832738,0.172308178241355,-0.173208355053716,0.527088516879295,-0.16893005293554,0.107570945622421,0.392907962030468,-0.211421846794975,-0.249746273969125,0.200535833181963,0.278082763891404,0.281826267694335,0.0137847450976078,OK
sub-34,1,ALL,0,1,-0.146231898488408,0.154555236255849,0.157661380005536,0.167221575479854,0.146671684515365,-0.143551228694872,0.151606078082592,0.165198728759463,0.152028941983815,0.154177043597199,-0.153130492367822,0.173005919435804,0.111263681314297,0.115465401057819,0.116764914283992,-0.128084692461984,OK
sub-34,1,Block-01,1,0,-0.0268558726059893,0.0612774398135603,0.0598579753837716,0.0306669242185333,0.059428808143988,-0.0246428776900103,0.0567485060409387,0.0294535939523769,0.0605718155650693,0.0591728926721305,-0.0245731253620231,0.0269186718471447,-0.0266092622540909,-0.0259064449511476,-0.0240361795739798,0.0166146306355027,OK
sub-34,1,Block-02,2,0,0.0002506640854838,0.0074450860400345,0.0073212360557382,0.0084933397512752,0.0072864100181636,0.0001925836462687,0.0072971648115256,0.0085269173848504,0.0072683701052463,0.0074142122063529,0.0002663672529284,0.0085540022896425,0.0073986786350911,0.0075096868056961,0.0074068598669419,-0.0002827381207417,OK
sub-34,1,Block-03,3,0,-0.0730684794444351,0.249190443110316,0.181243591131827,0.209811090079564,0.032186347150682,-0.134764713236245,0.148134445985107,0.264790249698372,0.053479970392499,0.230305205399304,-0.0568000903062545,0.198407365534033,-0.0139089779823192,0.250591639118569,0.103758826741856,-0.0979441690746622,OK
sub-34,2,ALL,0,1,-0.169188016349681,0.153440305003484,0.149485532963348,0.158171091538181,0.146413162085267,-0.157562285426546,0.141358051445122,0.151100622558233,0.156654408221781,0.155955455862669,-0.165524447116451,0.156762121518806,0.123208810618939,0.1238757268954,0.118217039509171,-0.133342868967093,OK
sub-34,2,Block-01,1,0,-0.0064575210330431,0.020390362825303,0.0232024642912033,0.0140175781398471,0.0209086226725412,-0.006304549242231,0.0231641928585845,0.0139352059059957,0.0161855360839564,0.015955798785993,-0.0047258426615534,0.0114658400221409,0.0017591118530838,0.0021123371823378,-0.0009524549627506,0.0021180789285198,OK
sub-34,2,Block-02,2,0,-5.04054469350062e-05,0.0077863990948447,0.0074336034678118,0.0084116777041938,0.007919029141325,1.38312413734659e-05,0.0074119539809671,0.008445514657137,0.0079558080249356,0.0077754203306509,0.0002689317297883,0.0086628982106911,0.0078964630214912,0.0077913933450178,0.0074993430297124,-0.0002482370227249,OK
sub-34,2,Block-03,3,0,-0.156367207303561,0.124611683922732,0.111590104744636,0.199185037829471,0.214731001620311,-0.0868055386335362,0.11722433710891,0.176458905110319,0.187612052482123,0.112794632012233,-0.0631169094433694,0.153597837707782,0.211033049596798,0.0915888573350288,0.0802504744347221,-0.109536754208309,OK
sub-35,1,ALL,0,1,-0.0561418364427949,0.122575443534787,0.108631187514853,0.11373083786021,0.123750179811234,-0.0535660862396663,0.10729896641584,0.111513404781039,0.107143017429327,0.101866602769812,-0.0384589226640359,0.0966379754248679,0.107564482020095,0.103954655383453,0.0915960247933281,-0.0428397266945898,OK
sub-35,1,Block-01,1,0,-0.0089439283108525,0.0288494009338754,0.0134939908756947,0.0246100283086845,0.0469121981861254,-0.0211678091128079,0.0189542672640555,0.0457397338053969,0.0117518044311265,0.0134425067381694,-0.0008753789474027,0.0108158777331298,0.0149345521599792,0.0168213560671534,0.0103971605407707,-0.0030811791890617,OK
sub-35,1,Block-02,2,0,-0.0002447464236135,0.0079076767983554,0.0076674712635703,0.0081403010973547,0.0083580559447227,-5.36046847854021e-05,0.0076527850427854,0.0081783327635073,0.0079479619180901,0.0078385916189334,2.02761251070332e-05,0.0079032145973404,0.0082815024448204,0.0079044547792337,0.0076748724029965,-0.0001570646979188,OK
sub-35,1,Block-03,3,0,-0.0382233080191845,0.0485915260046378,0.0260518638052869,0.0443949199384219,0.049083583262994,-0.0356715654989823,0.0278749090710557,0.0411764065069001,0.0334685927405114,0.0329437308793697,-0.0924874628402203,0.0331928691072156,0.0488049143987735,0.0451101178334601,0.0316360224136956,-0.0399489647650423,OK
sub-35,2,ALL,0,1,-0.0036935631256058,0.0171221537416605,0.0077182393019005,0.0176727601720651,0.0157674592284289,-0.0049933588544393,0.0076962746078796,0.0184163893674979,0.0148323731081829,0.0165995888841368,-1.07609488853413e-05,0.0171187979078161,0.0155863370432348,0.0175965769691494,0.0077050525704344,-0.0051672187895486,OK
sub-35,2,Block-01,1,0,0.0004079059255554,0.0073406258962695,0.00986505125463,0.0072951191435857,0.0091465898431735,-0.0007029665571716,0.0116570454684142,0.0094376870570674,0.0450788251569754,0.0408128063015833,-0.0164717960239632,0.0453349990417364,0.0118203464362212,0.0114882787818066,0.012855427728382,-0.0020882530614599,OK
sub-35,2,Block-02,2,0,-0.0001614196115232,0.0080215696904255,0.0073565860012343,0.0085119691968549,0.0081702264428915,-0.0001155771739419,0.0073066230164883,0.0085873611243602,0.0082628008696745,0.0081049345810395,0.0003127959955186,0.0087817877039573,0.0080462021912468,0.0079630235599827,0.0074765948656713,-0.0002545809962822,OK
sub-35,2,Block-03,3,0,-0.0978457998195879,0.101075718688867,0.416900424515438,0.266388350504662,0.225852207310107,-0.0342427922446639,0.43005108947671,0.273844370447416,0.0697781458536275,-0.0763429376340962,-0.157768291934238,0.128233616932441,0.179402063091313,0.0514787581381451,0.387637526081495,-0.091773291791481,OK
sub-36,1,ALL,0,1,-0.0703863211859169,0.152108156065734,0.165215400198635,0.146317388421497,0.155586172504214,-0.0660636449521181,0.161465493263559,0.140914370036102,0.171696216217501,0.16383462508061,-0.0786158789180442,0.159208447105368,0.0985540135833086,0.0930565602294174,0.102325308590357,-0.0430014688580333,OK
sub-36,1,Block-01,1,0,-0.0020351788562403,0.0122321028391276,0.0118824776047423,0.0074985724324875,0.0189842836549288,-0.0055944831426707,0.0183263919380233,0.0118967214813121,0.0158160495363575,0.0159632148840845,-0.0037828972533267,0.0102174952540509,-0.0325856386494729,-0.0303445733373886,-0.028335441317079,0.0150341483477084,OK
sub-36,1,Block-02,2,0,-0.0001975480170268,0.0080844469415289,0.0079639174208564,0.0090839148522909,0.0081605415961472,-0.0001200006125297,0.0079472190666186,0.0089263960959345,0.0081448361761134,0.0080436413144857,-6.61117426641154e-05,0.0088623909568724,0.0080315308174497,0.0079629280677386,0.0078959056376045,-0.000353660775114,OK
sub-36,1,Block-03,3,0,-0.0667984092449212,0.105778952773344,0.284424738736872,0.203782466610722,0.169657525818962,-0.0620278088244579,0.232032770855002,0.184420565727602,0.05224196691379,-0.0235000267366432,-0.155868628268975,0.208493345907524,0.0737730476435178,0.0110593341320355,0.309728554257079,-0.085236867740526,OK
sub-36,2,ALL,0,1,0.0036538629520245,-0.0032720086279534,-0.0163420509604659,0.006553613734404,0.0004408803787586,0.0056117017463716,-0.0165919151785636,0.0065423037316743,0.0023249558225117,-0.0005142005291983,0.0091054266149324,0.0068656778274041,0.0004747684941808,-0.0033341841042837,-0.0164675494852626,0.000634231912833,OK
sub-36,2,Block-01,1,0,0.0004120064844765,0.0070265744102803,0.0085658817192256,0.0062112456946311,0.0061477829529043,0.0007997226703882,0.0079352505008679,0.0053133663879991,0.0250981485181921,0.0240664567018652,-0.0101899176532963,0.0218122078305371,-0.0025759716102675,-0.0019841105149496,-0.0020680047277917,0.0049115036436264,OK
sub-36,2,Block-02,2,0,-3.12970309957773e-05,0.007687856700325,0.0072152276989285,0.0080250954772959,0.0078658604757062,5.41764214105978e-05,0.0072958071937082,0.0079952926275838,0.0078867719894238,0.0076657320864793,0.0003521577168345,0.0080633673329656,0.0078715625110202,0.0076941650889256,0.0072464717277295,-0.0001005141033022,OK
sub-36,2,Block-03,3,0,-0.286059199400324,0.381706858694468,-0.075421734287598,0.0114925658673663,0.500666073979603,-0.217663334449807,-0.0270532430303558,0.0350054460024162,0.357491978994689,0.293174258002463,-0.0448381532450954,0.123886365464834,0.396020969657888,0.294278995911829,0.0259313652306938,-0.0320647752992769,OK
sub-37,1,ALL,0,1,0.0,0.0078125,0.0078125,0.0078125,0.0078125,0.0,0.0078125,0.0078125,0.0078125,0.0078125,0.0,0.0078125,0.0078125,0.0078125,0.0078125,0.0,OK
sub-37,1,Block-01,1,0,0.0,0.0078125,0.0078125,0.0078125,0.0078125,0.0,0.0078125,0.0078125,0.0078125,0.0078125,0.0,0.0078125,0.0078125,0.0078125,0.0078125,0.0,OK
sub-37,1,Block-02,2,0,0.0,0.0078125,0.0078125,0.0078125,0.0078125,0.0,0.0078125,0.0078125,0.0078125,0.0078125,0.0,0.0078125,0.0078125,0.0078125,0.0078125,0.0,OK
sub-37,1,Block-03,3,0,-0.0729728003332349,0.255171447841666,0.276855341475521,0.0080827301266307,0.143625375355521,-0.10300718043166,0.266145854393728,-0.030796093913525,0.15250979134808,0.245123411616634,-0.114378270900887,-0.0114497709596533,0.154305047651844,0.260919192941728,0.276368066337393,0.0366266275478014,OK
sub-37,2,ALL,0,1,-0.150258586482471,0.143361008867364,0.133373192646148,0.137014987225031,0.153292638982516,-0.168295422110834,0.14533422506638,0.14780696735192,0.162582170649688,0.166965336968283,-0.168167847401434,0.153870272401666,0.133125698381839,0.135411630130472,0.122927785554011,-0.13072690009341,OK
sub-37,2,Block-01,1,0,0.0022405702773037,0.0037661289684339,0.0028291989928317,0.001715422140609,0.0072032602066499,0.0001067566075225,0.0073658036310889,0.0047239159041256,0.0068658896818688,0.0072586923078208,0.0004314575907427,0.0045299993026784,-0.0198104444071163,-0.0190693971482446,-0.0242602275003588,0.013038485846918,OK
sub-37,2,Block-02,2,0,-0.0002135109487888,0.0082018278121383,0.0079717438738963,0.0084852974332522,0.0081650523875442,-0.0001604863763507,0.0079434844000096,0.0083681509491648,0.0082522361741825,0.0082131806735711,-8.16485840075751e-05,0.0085052281202809,0.0082370062528597,0.0081994652794632,0.0079714522218456,-0.0003335975345625,OK
sub-37,2,Block-03,3,0,-0.109519885011901,0.248690554314084,-0.036340610409516,0.174281555700476,0.255345248201691,-0.108693258345466,-0.0004616534261846,0.175383852364818,0.236482586457791,0.249849349434044,-0.0869041227940354,0.197405736140879,0.21844873449228,0.210063120266083,-0.0452675167059228,-0.0646752486998727,OK
sub-38,1,ALL,0,1,0.0020039715191249,0.0031876093114384,0.0066885354779285,0.0083184360271027,-3.44322675839646e-05,0.0045351098422263,0.0060852230695482,0.0092642861561762,-0.0365619700720694,-0.04375325371093,0.0084161922968978,0.0094068242375457,-0.0354141639831525,-0.0424747618361897,-0.0092952477895717,-0.0003801652629931,OK
sub-38,1,Block-01,1,0,-0.0144656024591395,0.0376300528049493,0.0346421372713489,0.0248055027682001,0.0096906856249073,-0.0026996730626982,0.0196410129152767,0.0040756147720189,-0.0373778702139411,-0.0288215095879315,0.0072969478796906,-0.0312641397174027,0.0484441176557541,0.0494120805081184,0.0458050251927141,-0.0114351722060098,OK
sub-38,1,Block-02,2,0,-0.0003399653233896,0.0100437060560461,0.0103940199047552,0.0092225513149303,0.0067217691690548,0.0007761706826964,0.0090778328015809,0.011561667152604,-0.0081256714310741,-0.028213336720273,0.0084419159240518,0.0234909864086555,-0.018845726442095,-0.0519993566399848,-0.0191560305894825,-0.0135100492104431,OK
sub-38,1,Block-03,3,0,-0.0544358089991416,0.10542281840729,0.0425876777987169,0.0687495077400788,0.135767753023761,-0.0571750513620185,0.0846093649628096,0.10394238599744,0.153937222399404,0.170612603510369,-0.0765511731871026,0.174263826179708,0.144511460242551,0.154959492971826,0.145465500030678,-0.0673994393853069,OK
sub-38,2,ALL,0,1,-0.0424810516159777,0.0778659150898582,0.124605264103762,0.146396672630487,0.0829077188083797,-0.0280270000327575,0.105944412375226,0.127840220841322,0.151753573588481,0.125625968162077,-0.0876990474153607,0.221411115024158,0.152287442289295,0.12641254458055,0.199168158768602,-0.0969802014569169,OK
sub-38,2,Block-01,1,0,0.0033456215111945,0.0015825893327529,-0.0366711739021478,-0.0182781540232034,0.0023104640998268,0.0020050683704239,-0.0141233950890979,-0.0056923684189076,0.0076354331019177,0.0115610888596628,-0.02432581719943,0.0347797426620083,0.0062269127139882,0.0068613378368287,0.0041385202593156,0.0012298795002083,OK
sub-38,2,Block-02,2,0,-0.0001453322094065,0.0076365406475196,0.0069915774828279,0.008555882957563,0.0081633699614892,0.0001061275635744,0.0068217401002455,0.0087095267411476,0.0082720230522021,0.0075343568519725,0.0006487169683384,0.0089874399538403,0.007986380371496,0.0077075021086446,0.0073223597752643,-0.0002219431487944,OK
sub-38,2,Block-03,3,0,-0.127221700083908,0.299776877695852,-0.0848806767370437,0.341261110258878,0.260940478313747,-0.11489390553577,-0.056815460147491,0.296537588074886,0.291461125913186,0.287169327679086,-0.169503236270861,0.192079762338328,0.195201936130737,0.198495888553974,-0.137641962579632,-0.108452338661724,OK
sub-39,1,ALL,0,1,-0.124668503811319,0.144561337645473,0.138111179537412,0.123555795435634,0.163380570010406,-0.153866187896387,0.164956330514318,0.139518319947857,0.204816931921701,0.2166167420898,-0.197569453501577,0.168332385858215,0.0988462538765032,0.0991193134928111,0.0929769906527399,-0.065371706083318,OK
sub-39,1,Block-01,1,0,-0.0024963129107551,0.0138514536992609,0.0157942565490728,0.0107869964975371,0.018395111223961,-0.006124239972608,0.024030765666825,0.0142720609079778,0.0288033722015381,0.0318079534454421,-0.0154978761854268,0.0208311113250625,0.0064120381407638,0.0066053380538284,0.0063139224983857,0.0005216555767425,OK
sub-39,1,Block-02,2,0,-0.0001892482699293,0.0079448567807298,0.0079792128572407,0.0083807770549897,0.0081907298559292,-6.64546919185567e-05,0.0079797929292605,0.0083790056307583,0.0081674097627408,0.007937285090782,-7.84300017690851e-05,0.0083442215262068,0.0082716781059936,0.0079717330321284,0.0080135948170231,-0.000344715320836,OK
sub-39,1,Block-03,3,0,-0.09741016635536,0.212047209594351,-0.001514935081041,0.277421470411415,0.219962928774238,-0.0898962362153448,0.0095573961922767,0.266003489003515,0.228224815744881,0.222593186684038,-0.0691498595324335,0.211393851445864,0.194356660686501,0.17841161672771,-0.094199617325738,-0.11755896599905,OK
sub-39,2,ALL,0,1,0.0003303001548915,0.0045897062643386,0.0142716077610934,0.0196395998626858,0.00715310406658,0.001603284670527,0.0142330721593106,0.0195587282459048,0.0071534335503123,0.0045364104155927,-0.003298282527101,0.0199329320253223,0.0068998786211959,0.0034565189316374,0.01646522935397,-0.0079313973068677,OK
sub-39,2,Block-01,1,0,0.0061498460460066,-0.0030687882304547,-0.008138043407899,-0.0073771615832774,-0.018176255080957,0.0110564328942435,-0.0266046190556615,-0.0261410084155669,-0.0001494818588416,-0.0001059700666067,0.0050504006152592,-0.0009746689251084,0.018006825973188,0.0144851772867611,0.0220989238512815,-0.0078862282329892,OK
sub-39,2,Block-02,2,0,-0.000353877006543,0.008581517506366,0.0081227632726521,0.0081992948118569,0.0085550001917543,-0.0004029904313374,0.0081363610223703,0.0082169231552617,0.008620720748604,0.0086900317806197,-0.0001773486711248,0.0082539785247037,0.008575419012615,0.0086407572674861,0.0081481377471333,-0.0002083931697118,OK
sub-39,2,Block-03,3,0,-0.089743513104809,0.310562206494997,0.272205448302988,-0.0081207254353026,0.164230489696659,-0.134365598717894,0.259045151297269,-0.082923189833259,0.183663573631722,0.294238931988956,-0.115661333536635,-0.014592742260916,0.193035403728985,0.325504579184926,0.263537412513926,0.0339252316194091,OK
sub-40,1,ALL,0,1,-0.0592322313170371,0.146274502983172,0.17361142116806,0.107612686394738,0.152995486735341,-0.0712737217687856,0.194408264884057,0.120416479460892,0.200040207521723,0.214947071242758,-0.108487867686932,0.157122650357597,0.0967393972337076,0.10353742318789,0.123339300373985,-0.0328451823304055,OK
sub-40,1,Block-01,1,0,-0.0051028342735671,0.0204049511407331,0.0211473931967272,0.0176703625144836,0.0278950574565549,-0.0118310154417541,0.0350316667962483,0.0262998759587107,0.0188060651171772,0.0213118898991293,-0.007095063374174,0.0183819672867354,0.0213184557430399,0.0240232596976249,0.025918619770059,-0.0062497513152821,OK
sub-40,1,Block-02,2,0,-0.0002481699952121,0.008210477885017,0.0080635305700926,0.008288310308945,0.0082260185941941,-0.0001657315456153,0.0080221677157886,0.0082087317103259,0.0084357488620098,0.0083124056451615,-0.0001580146870649,0.0084094105720227,0.0081766176690788,0.0081048230425128,0.0079978987991371,-0.0001743145039664,OK
sub-40,1,Block-03,3,0,-0.155349827028022,0.336570306100645,-0.125354172689069,0.150694528740173,0.376991344442729,-0.147661719463846,-0.0875750553029614,0.167855088781142,0.251406295819459,0.263566340399216,-0.0837263276943768,0.224291860679269,0.304044394909945,0.280613579270935,-0.0826876756337629,-0.0682264007704493,OK
sub-40,2,ALL,0,1,-0.0478998936859993,0.10797504687955,0.131610751420171,0.0962205353122685,0.108290412877698,-0.0479694583881902,0.131714367247628,0.0963542403279444,0.131087226028839,0.130993699209373,-0.0701469491101047,0.115562583647829,0.084167901974949,0.0841248106567332,0.0981816024843825,-0.0318754376149246,OK
sub-40,2,Block-01,1,0,0.0007252053615918,0.0056955589738276,0.0062582670064821,0.0052883826984522,0.0018640865952821,0.0035088996745624,-0.0007910209510629,0.0011416457755859,0.0190168408676506,0.0191051552594724,-0.0091925727467255,0.0163669151971886,-0.0041513907237153,-0.0059764123001936,-0.009814759908772,0.0064641196193402,OK
sub-40,2,Block-02,2,0,-0.0002127183410265,0.0082564699823943,0.0080810639448974,0.0082996172702956,0.008306513310042,-0.0002575420413764,0.0081250570036868,0.0083776170604899,0.0083839999459334,0.0084084499262236,-0.0001815481474221,0.0084654373223453,0.0082810569809688,0.0083012227488439,0.0081091549795961,-0.000267798724441,OK
sub-40,2,Block-03,3,0,-8.85823873420626e-06,0.0078311030477122,0.0078295810546163,0.0078312158098108,0.0078311258952132,-9.77644226692025e-06,0.007830455311292,0.0078321740582683,0.0078300828151182,0.0078309593570573,-8.47406504150536e-06,0.0078310711486167,0.0078315376490536,0.0078324867393181,0.0078308530078317,-1.00524837057404e-05,OK
sub-42,1,ALL,0,1,0.0,0.0078125,0.0078125,0.0078125,0.0078125,0.0,0.0078125,0.0078125,0.0078125,0.0078125,0.0,0.0078125,0.0078125,0.0078125,0.0078125,0.0,OK
sub-42,1,Block-01,1,0,0.0,0.0078125,0.0078125,0.0078125,0.0078125,0.0,0.0078125,0.0078125,0.0078125,0.0078125,0.0,0.0078125,0.0078125,0.0078125,0.0078125,0.0,OK
sub-42,1,Block-02,2,0,0.0,0.0078125,0.0078125,0.0078125,0.0078125,0.0,0.0078125,0.0078125,0.0078125,0.0078125,0.0,0.0078125,0.0078125,0.0078125,0.0078125,0.0,OK
sub-42,1,Block-03,3,0,0.0,0.0078125,0.0078125,0.0078125,0.0078125,0.0,0.0078125,0.0078125,0.0078125,0.0078125,0.0,0.0078125,0.0078125,0.0078125,0.0078125,0.0,OK
sub-42,2,ALL,0,1,-0.070107241759551,0.137237631362358,0.164457656794631,0.119293216309851,0.125011672465835,-0.0482077295112419,0.13002483068856,0.0944990031384439,0.163396225681955,0.142086333834053,-0.0751164787175882,0.121862067393935,0.0939932873530293,0.0821907572916607,0.0969901104319479,-0.0300994606628583,OK
sub-42,2,Block-01,1,0,-0.0066422258322479,0.0186426958971817,0.0216625332397044,0.0202941516699355,0.0163959346387298,-0.0034792120479411,0.0173816481329276,0.0160255649226592,0.0442774214740253,0.0372843545448975,-0.0177068597410186,0.0413360454935565,0.0246379822462487,0.0214740242955082,0.025849981801823,-0.0078813274677424,OK
sub-42,2,Block-02,2,0,-0.000409111131447,0.008578410273864,0.0081617681334089,0.008249965560134,0.008651850037891,-0.0003922785290017,0.0081695419159739,0.0082598580356508,0.0085984205498383,0.0085473815518754,-0.0001677393890868,0.0082319103188382,0.0086126295319427,0.008560587830649,0.0081545163566679,-0.0002134059559778,OK
sub-42,2,Block-03,3,0,-7.79747222578206e-06,0.0078277669014861,0.0078269264643791,0.0078315550418589,0.00782758082964,-7.37976596723831e-06,0.0078264485048481,0.00783092584531,0.0078279923547303,0.0078276649436763,-7.16470413173825e-06,0.00783142179708,0.0078300169264925,0.0078296464938858,0.0078287034737155,-1.06970097430472e-05,OK
sub-44,1,ALL,0,1,-0.0024018049553674,0.0103206060992492,-0.0017253029800552,0.0141156589001951,0.0122653703370901,-0.001162822211743,-0.0009730362099414,0.0136368861266725,0.0132531644464521,0.0106624183329183,0.0053337629615495,0.0148788956794465,0.0139852525582675,0.0110252079777539,-0.0044580636142082,-0.0040359562509978,OK
sub-44,1,Block-01,1,0,0.0001617757765182,0.0075839005167141,0.0075854584291263,0.0074994470912724,0.0075831188037795,8.00661529595092e-05,0.0076534799328667,0.0075907156708998,0.0080955617911019,0.0080140877733749,-0.0001008344234154,0.0080896280327489,0.0076102132360763,0.0076697800544625,0.007670076398959,9.85156353898093e-05,OK
sub-44,1,Block-02,2,0,-0.0001013176808196,0.0074853442493714,0.0066474632293726,0.0083218848630526,0.0080052493903894,0.0001567660661986,0.0066998349655852,0.0082970978837996,0.0079813487462354,0.0075343505616269,0.000491050484609,0.0082384001171427,0.0079993682582817,0.0075147435902913,0.0067488234707875,-0.0002334288086513,OK
sub-44,1,Block-03,3,0,-0.0872075310596781,0.144262627474887,0.244327977907802,0.098880904083783,0.20044348915041,-0.0718204164161225,0.209980090809446,0.117770936509839,0.0730607365648147,0.0177724812524931,-0.0842083933244267,-0.0022777460738831,0.171845956978592,0.125288152413358,0.216810470875019,-0.0394828370222011,OK
sub-44,2,ALL,0,1,0.0,0.0078125,0.0078125,0.0078125,0.0078125,0.0,0.0078125,0.0078125,0.0078125,0.0078125,0.0,0.0078125,0.0078125,0.0078125,0.0078125,0.0,OK
sub-44,2,Block-01,1,0,0.0,0.0078125,0.0078125,0.0078125,0.0078125,0.0,0.0078125,0.0078125,0.0078125,0.0078125,0.0,0.0078125,0.0078125,0.0078125,0.0078125,0.0,OK
sub-44,2,Block-02,2,0,0.0,0.0078125,0.0078125,0.0078125,0.0078125,0.0,0.0078125,0.0078125,0.0078125,0.0078125,0.0,0.0078125,0.0078125,0.0078125,0.0078125,0.0,OK
sub-44,2,Block-03,3,0,-0.178931287111676,0.431552122114586,-0.0909943235497971,0.0788468301377095,0.43490166944779,-0.166074966229338,-0.0824335463074194,0.0755134282358295,0.236373668431766,0.232786564770021,-0.0377134776841147,0.242279843166153,0.394106392686258,0.377805178021655,-0.168221081157881,-0.0754692168044245,OK
sub-45,1,ALL,0,1,0.0,0.0078125,0.0078125,0.0078125,0.0078125,0.0,0.0078125,0.0078125,0.0078125,0.0078125,0.0,0.0078125,0.0078125,0.0078125,0.0078125,0.0,OK
sub-45,1,Block-01,1,0,0.0,0.0078125,0.0078125,0.0078125,0.0078125,0.0,0.0078125,0.0078125,0.0078125,0.0078125,0.0,0.0078125,0.0078125,0.0078125,0.0078125,0.0,OK
sub-45,1,Block-02,2,0,0.0,0.0078125,0.0078125,0.0078125,0.0078125,0.0,0.0078125,0.0078125,0.0078125,0.0078125,0.0,0.0078125,0.0078125,0.0078125,0.0078125,0.0,OK
sub-45,1,Block-03,3,0,0.0,0.0078125,0.0078125,0.0078125,0.0078125,0.0,0.0078125,0.0078125,0.0078125,0.0078125,0.0,0.0078125,0.0078125,0.0078125,0.0078125,0.0,OK
sub-45,2,ALL,0,1,0.0036745129169516,-0.0527298564835037,-0.046113630556079,0.0965995966304628,0.0029549061205435,0.0214488887181361,-0.0296431286090557,0.0697739848390634,0.0088370095149951,-0.0123619709520683,0.0094145008747979,0.0430706739694623,0.0046607376475428,-0.0643097825253553,-0.0575395427964787,-0.0545127840073818,OK
sub-45,2,Block-01,1,0,0.0003748365043892,0.0073448348196267,0.0065764890391821,0.0066394991380632,0.0171454240113482,-0.0047308195415103,0.0258605866244245,0.0213410234206901,0.0245048276558634,0.0250931304079071,-0.0160115210356582,0.0319193637710895,0.0066181162863392,0.0075053962419176,0.0061544046292713,0.0010049309988077,OK
sub-45,2,Block-02,2,0,-0.0922017562252158,0.159153354760445,-0.212004811674216,0.263557996429978,0.162516242690788,-0.0533699082923227,-0.193961098375976,0.212185036908309,0.0255079597615963,0.0441990707201518,-0.0723664296432178,-0.0202970934236641,0.221290757293623,0.169892206096889,-0.215433113249857,-0.118409192017491,OK
sub-45,2,Block-03,3,0,-0.0639622532265688,0.120194177610641,0.0660977367776049,0.075402569514794,0.160939165559784,-0.0652763024369963,0.106128935671641,0.101569979567764,0.178775034277279,0.183438997633853,-0.0764779213719491,0.142107109864485,0.120879199781637,0.116350197827058,0.0964073370115615,-0.0375898134062693,OK
sub-46,1,ALL,0,1,-0.0686583187086503,0.163576299922154,0.180013044690844,0.111854329015768,0.164583958160788,-0.0733343119053992,0.188796858455416,0.114631493983277,0.219529957663352,0.226009005375382,-0.108960051020678,0.14969962821047,0.0853765680237324,0.0879493065144119,0.0968376839429474,-0.0252529754007884,OK
sub-46,1,Block-01,1,0,-0.0043075868075915,0.0176595480835858,0.0194062482257875,0.0159068803835633,0.019995810418356,-0.0068541898142304,0.0243189560203009,0.0190616754582884,0.0225373528866143,0.0245582930757081,-0.0097766671937816,0.0215711618245332,0.0160990607110544,0.0172204350228933,0.0189672816865066,-0.0038350386786783,OK
sub-46,1,Block-02,2,0,0.0001786523110033,0.0071829427220433,0.006404795036518,0.0083253156816055,0.0074561684256778,0.0003131080467512,0.0064142365229416,0.0083187624832188,0.0072954524911972,0.0069009870912354,0.0010184159423957,0.0085534242180679,0.007622620148119,0.0074765064079056,0.0070575842390339,-0.0001395494259605,OK
sub-46,1,Block-03,3,0,-0.150493402206233,0.274840096989358,0.34812068150737,-0.0871821216250399,0.305289190763747,-0.133413687570486,0.333270898269516,-0.0630573210299896,0.242150057870657,0.203683212729835,-0.139938483524568,-0.145223993463467,0.193956000757464,0.219723277890285,0.100129306043683,-0.151352185422915,OK
sub-46,2,ALL,0,1,-0.000155498815655,0.0099311398880273,0.0125347240400769,0.0108058362365752,0.0081006952814054,-0.0009894897173233,0.0122333596650676,0.0106201743752133,0.0080300015645905,0.0092480977031091,-0.0015966715483905,0.0098577699111333,0.0080338795399323,0.0092863772909159,0.0110936273045999,-0.0010444150533339,OK
sub-46,2,Block-01,1,0,0.0019629943079204,0.0036587144684104,0.0018206783231753,0.0047291987465948,-0.0006759234269083,0.0045835325350982,-0.0046715613858448,0.0011217903679867,0.0284800931039729,0.0293417398819004,-0.0162741180235414,0.0240358375177348,0.0023207509465803,0.0016319090483306,0.0007587003497165,0.002182768358489,OK
sub-46,2,Block-02,2,0,-0.0003367014012582,0.0084176497860009,0.0068073211138817,0.0078817667983912,0.0085135194603624,-0.0003146053036462,0.0067665603325334,0.0078844065446989,0.0087259531670119,0.0086330472294589,0.0006776359788501,0.0079073329028708,0.0085852165311095,0.0085063931892202,0.0066592280705479,-3.92254818768267e-05,OK
sub-46,2,Block-03,3,0,-0.247748795297691,0.623703361616133,-0.149200923117796,-0.0363775710205361,0.633243254781732,-0.239711246753946,-0.127739608531967,-0.0256009184135204,0.205626262286611,0.210761151168246,-0.0727048555347309,0.347865247082739,0.513990649861268,0.503075877593923,-0.164441508252045,-0.135990168331859,OK
sub-47,1,ALL,0,1,0.0,0.0078125,0.0078125,0.0078125,0.0078125,0.0,0.0078125,0.0078125,0.0078125,0.0078125,0.0,0.0078125,0.0078125,0.0078125,0.0078125,0.0,OK
sub-47,1,Block-01,1,0,0.0,0.0078125,0.0078125,0.0078125,0.0078125,0.0,0.0078125,0.0078125,0.0078125,0.0078125,0.0,0.0078125,0.0078125,0.0078125,0.0078125,0.0,OK
sub-47,1,Block-02,2,0,0.0,0.0078125,0.0078125,0.0078125,0.0078125,0.0,0.0078125,0.0078125,0.0078125,0.0078125,0.0,0.0078125,0.0078125,0.0078125,0.0078125,0.0,OK
sub-47,1,Block-03,3,0,-0.0835994019370247,0.423680004424673,0.473960346747251,0.0443810331594578,0.0608101419879816,-0.162742098369702,0.719241643722409,-0.0221968701826863,-0.0866186779193291,0.350980479788082,-0.331984031383346,-0.129595125370254,0.136677841630451,0.310643556324064,0.283277563334388,3.33907372959445e-05,OK
sub-47,2,ALL,0,1,0.0,0.0078125,0.0078125,0.0078125,0.0078125,0.0,0.0078125,0.0078125,0.0078125,0.0078125,0.0,0.0078125,0.0078125,0.0078125,0.0078125,0.0,OK
sub-47,2,Block-01,1,0,0.0,0.0078125,0.0078125,0.0078125,0.0078125,0.0,0.0078125,0.0078125,0.0078125,0.0078125,0.0,0.0078125,0.0078125,0.0078125,0.0078125,0.0,OK
sub-47,2,Block-02,2,0,0.0,0.0078125,0.0078125,0.0078125,0.0078125,0.0,0.0078125,0.0078125,0.0078125,0.0078125,0.0,0.0078125,0.0078125,0.0078125,0.0078125,0.0,OK
sub-47,2,Block-03,3,0,-0.0373783607410345,0.0516965159436664,0.0514618319323712,0.0368986347605642,0.0534625557562275,-0.0397179435695361,0.0552972913307646,0.037764007477122,0.0539855619945014,0.0558103231172508,-0.0456429254672126,0.0380159930181625,0.0352379051905816,0.0348037732514018,0.0338074382903954,-0.0290128719358946,OK
sub-48,1,ALL,0,1,0.0,0.0078125,0.0078125,0.0078125,0.0078125,0.0,0.0078125,0.0078125,0.0078125,0.0078125,0.0,0.0078125,0.0078125,0.0078125,0.0078125,0.0,OK
sub-48,1,Block-01,1,0,0.0,0.0078125,0.0078125,0.0078125,0.0078125,0.0,0.0078125,0.0078125,0.0078125,0.0078125,0.0,0.0078125,0.0078125,0.0078125,0.0078125,0.0,OK
sub-48,1,Block-02,2,0,0.0,0.0078125,0.0078125,0.0078125,0.0078125,0.0,0.0078125,0.0078125,0.0078125,0.0078125,0.0,0.0078125,0.0078125,0.0078125,0.0078125,0.0,OK
sub-48,1,Block-03,3,0,-0.0754128995449557,0.251988220804814,0.408168534746126,0.102412248016114,0.0439014928344149,-0.347908877246715,0.503139063212373,0.0339748339134151,-0.0589972255298142,0.286313556929892,-0.344510227229461,-0.0325007791660896,0.185887784130503,0.197558503804306,0.239586125433637,-0.0719653530776446,OK
sub-48,2,ALL,0,1,0.0,0.0078125,0.0078125,0.0078125,0.0078125,0.0,0.0078125,0.0078125,0.0078125,0.0078125,0.0,0.0078125,0.0078125,0.0078125,0.0078125,0.0,OK
sub-48,2,Block-01,1,0,0.0,0.0078125,0.0078125,0.0078125,0.0078125,0.0,0.0078125,0.0078125,0.0078125,0.0078125,0.0,0.0078125,0.0078125,0.0078125,0.0078125,0.0,OK
sub-48,2,Block-02,2,0,0.0,0.0078125,0.0078125,0.0078125,0.0078125,0.0,0.0078125,0.0078125,0.0078125,0.0078125,0.0,0.0078125,0.0078125,0.0078125,0.0078125,0.0,OK
sub-48,2,Block-03,3,0,-0.0421960587003438,0.0640812281087973,0.057538646580667,0.0475512827011087,0.0638436555666858,-0.047408975368107,0.0633853013033814,0.0490618188249236,0.0669234573797957,0.0721561592326777,-0.06329463259458,0.0490259041785348,0.0425736749971686,0.0437778449618318,0.0372409413541495,-0.0351641886349783,OK
sub-49,1,ALL,0,1,-0.174067469113534,0.157396448359919,0.151377750405194,0.15389168163313,0.148790289099079,-0.168111039955589,0.144193407563562,0.149419846671916,0.15948919198821,0.16055705873206,-0.174234068832412,0.156396533668471,0.116263762865656,0.119879929191091,0.110527071543588,-0.123746182356927,OK
sub-49,1,Block-01,1,0,-0.0010255006353324,0.0102246636159757,0.0120300768532019,0.009300908144935,0.0126916471169588,-0.0026231747041292,0.0160521084818448,0.0109389108876735,0.0302807522034725,0.0307250572491046,-0.0160666121661078,0.0209925643882488,0.0073079597613781,0.0075525667940662,0.0080925752686229,3.50073319241906e-05,OK
sub-49,1,Block-02,2,0,-0.0001538420248472,0.0079906932759307,0.0079394232112694,0.0086439948904248,0.0081474000948,-9.69861945203754e-05,0.0079508927421976,0.0087160480367802,0.0082025525122133,0.0080401530142262,-8.16920260833235e-05,0.0088582267016985,0.0079561810891111,0.0078963697211833,0.0078726858402332,-0.0001927072744441,OK
sub-49,1,Block-03,3,0,-0.0628021445150968,0.153513842794509,0.19606462849265,0.166493417663297,0.143769337772344,-0.0674332804222173,0.197102421070889,0.167253207648583,0.111116912956711,0.121912438998434,-0.0743221727434803,0.143530321602896,0.083165856043352,0.0971749261432232,0.164769098226353,-0.0597522257905622,OK
sub-49,2,ALL,0,1,-0.149291499266704,0.143572554337567,0.142481382635549,0.142661488526835,0.147047606490872,-0.15456522840762,0.146753856080588,0.146306307653931,0.158794497552316,0.159183509708637,-0.168624461122792,0.157471210758514,0.131644525393653,0.131949451394215,0.130241326857426,-0.134100246290146,OK
sub-49,2,Block-01,1,0,-0.0068790988660612,0.0217178220110301,0.024226699323775,0.0215891702581769,0.021930963220386,-0.0070514544889968,0.0251119697259875,0.0224704378048682,0.0402162023649533,0.0402835153968736,-0.0177364868128688,0.0374165841435498,0.0334940582059161,0.0335439898062137,0.0362015999766359,-0.011540006454988,OK
sub-49,2,Block-02,2,0,-1.2587078771681e-05,0.0074676442046549,0.0071246402091364,0.0080300081534536,0.0078383760298894,0.0001823866518176,0.0070849399255265,0.0080413781577717,0.0078368960386178,0.0074722947474455,0.0003393462570874,0.0080260858964481,0.0078415257389926,0.0074385117555898,0.0070650454616189,-0.0001191805344302,OK
sub-49,2,Block-03,3,0,-0.0776578945560329,0.237887143595799,0.0167736416543996,0.191642579017673,0.178107547602338,-0.106579118302754,0.0025273470788288,0.197831746118933,0.184091184007585,0.207364704231615,-0.0540325045414164,0.16975878054433,0.141086174211866,0.203082816713824,-0.0242081487560811,-0.0719480304495643,OK
