Subject,Run,Condition,BlockIndex,IsALL,A_vOTC_to_vOTC,A_lOTC_to_vOTC,A_V1_L_to_vOTC,A_IFG_L_to_vOTC,A_vOTC_to_lOTC,A_lOTC_to_lOTC,A_V1_L_to_lOTC,A_IFG_L_to_lOTC,A_vOTC_to_V1_L,A_lOTC_to_V1_L,A_V1_L_to_V1_L,A_IFG_L_to_V1_L,A_vOTC_to_IFG_L,A_lOTC_to_IFG_L,A_V1_L_to_IFG_L,A_IFG_L_to_IFG_L,FilePath,Status
sub-01,1,ALL,0,1,-0.0553648504580864,0.114508049042394,0.133340249403853,0.12553306747533,0.105980330603706,-0.0430723753904495,0.113452967940114,0.107004810372034,0.141365125142498,0.130026255261452,-0.067683254112612,0.142359725714983,0.125389507066348,0.115418135763997,0.134537845095833,-0.0559518796268784,work/glm_cropped/sub-01/GLM_run_1_ALL/DCM_sub-01_GLM_run_1_ALL_4ROI.mat,OK
sub-01,1,Block-01,1,0,0.00482294754101598,-0.00216774116025887,0.00377855460103757,-0.00336923184650743,0.00635185222743827,0.000646747343439626,0.00742760385319057,0.00654606221094393,0.00654984269069789,0.00662161708428409,0.00020433074917849,0.00657457790134905,0.0152516335323209,0.0158346377045393,0.0112298657747679,-0.00458411168081892,work/glm_cropped/sub-01/GLM_run_1_block-01/DCM_sub-01_GLM_run_1_block-01_4ROI.mat,OK
sub-01,1,Block-02,2,0,-0.0263317218077028,0.0621014554531309,0.0758249546717129,0.0338165611460379,0.0578679006248116,-0.0245180265351207,0.0702937413841866,0.0315887772165733,0.0637343475185625,0.064117488884109,-0.0342464910392221,0.0349814137035465,0.0153978957912729,0.0149962718759821,0.0152506535660262,-0.00119836422841394,work/glm_cropped/sub-01/GLM_run_1_block-02/DCM_sub-01_GLM_run_1_block-02_4ROI.mat,OK
sub-01,1,Block-03,3,0,-0.0104409642036547,0.0280921102193707,0.0240786829405282,0.033752465031875,0.0200802337101791,-0.00602829656225101,0.0159247485730923,0.02170616475033,0.0498223691445356,0.04783748935324,-0.0166536089173001,0.0607497480126979,0.0719121051886646,0.0693937149151914,0.0574432521371044,-0.0381118521295195,work/glm_cropped/sub-01/GLM_run_1_block-03/DCM_sub-01_GLM_run_1_block-03_4ROI.mat,OK
sub-01,2,ALL,0,1,-0.0943070010687116,0.128699695808177,0.210674400177291,0.071913520311547,0.135534341152254,-0.0968384400409796,0.219408411822883,0.0733832338842972,0.212081785499979,0.210626648754783,-0.212678352442136,0.131423730960872,0.0793051968808963,0.0776657145202116,0.13974464887871,-0.0216665485559248,work/glm_cropped/sub-01/GLM_run_2_ALL/DCM_sub-01_GLM_run_2_ALL_4ROI.mat,OK
sub-01,2,Block-01,1,0,-0.0170072223443718,0.0520532864202435,0.0583062999837972,0.0356671786646958,0.0485773128004165,-0.0252842243642217,0.067317710746322,0.0395987040140329,0.0736099278570066,0.0911275875762955,-0.0460436188021167,0.0585995297703597,0.00979604986395145,0.010756712384413,0.0107534573511625,-0.00126718913543142,work/glm_cropped/sub-01/GLM_run_2_block-01/DCM_sub-01_GLM_run_2_block-01_4ROI.mat,OK
sub-01,2,Block-02,2,0,-0.00111058655973162,0.00947643053343552,0.010720740261918,0.00967956222160714,0.0130980732647278,-0.00187508210036992,0.014774576502502,0.0124043810695439,0.0125702309637398,0.0113516600524543,-0.0030988252687087,0.0118181083390601,0.00293002714836122,0.00452387887644683,0.00132850713833968,0.00219988008823238,work/glm_cropped/sub-01/GLM_run_2_block-02/DCM_sub-01_GLM_run_2_block-02_4ROI.mat,OK
sub-01,2,Block-03,3,0,-0.00702903137696001,0.0220217417104622,0.0273953075476575,0.0208012407854357,0.0190128866264677,-0.00557287304283623,0.0232636247587702,0.0180626278676542,0.0287742814899857,0.0291111614728628,-0.0145152229308671,0.0273230446796827,0.0165167460622464,0.0165539060862552,0.019864619557425,-0.00397716147153885,work/glm_cropped/sub-01/GLM_run_2_block-03/DCM_sub-01_GLM_run_2_block-03_4ROI.mat,OK
sub-02,1,ALL,0,1,-0.016983263549873,0.0356902432108344,-0.0233008526714184,0.0576561791830028,0.0472867285300706,-0.0156843512639763,-0.0282902981271134,0.0650918271456452,0.0355264621355573,0.0296508742115404,0.013990484837305,0.0489919838668251,0.0346198584592336,0.0292760855788329,-0.0173608251689314,-0.0192479068349786,work/glm_cropped/sub-02/GLM_run_1_ALL/DCM_sub-02_GLM_run_1_ALL_4ROI.mat,OK
sub-02,1,Block-01,1,0,-0.00753292861093165,0.0224112561535528,0.0156029180927733,0.0254504753724705,0.0297875612392332,-0.0103442563176769,0.0177134458753394,0.0337782561830752,0.0513252333888133,0.0483554248636321,-0.00717724956923093,0.0608806891588653,0.0115847716266903,0.0116028062302139,0.010757736100367,-0.00201741942510398,work/glm_cropped/sub-02/GLM_run_1_block-01/DCM_sub-02_GLM_run_1_block-01_4ROI.mat,OK
sub-02,1,Block-02,2,0,-0.00235684005542952,0.0130210571812133,0.0148543175216193,0.00943740277671174,0.0162163104041683,-0.00457568662135915,0.0201053768491464,0.0102901120920186,0.0332179785687373,0.0351564295582431,-0.0173480876133262,0.0118197046099657,0.0163753393354023,0.0171465956887189,0.0201851044222504,-0.00111043061125131,work/glm_cropped/sub-02/GLM_run_1_block-02/DCM_sub-02_GLM_run_1_block-02_4ROI.mat,OK
sub-02,1,Block-03,3,0,-0.0553928038152465,0.118573232021073,0.0979860749710855,0.116310678872175,0.115767358199155,-0.0492919567434157,0.0940235649734799,0.10701069223108,0.138575720885776,0.132394295356121,-0.0490049774634365,0.129650681357505,0.0753564440374658,0.0721244058060594,0.0574978141166475,-0.0313676269720717,work/glm_cropped/sub-02/GLM_run_1_block-03/DCM_sub-02_GLM_run_1_block-03_4ROI.mat,OK
sub-02,2,ALL,0,1,-0.0300634860318643,0.0763010006207234,0.023637924127914,0.053085630337075,0.0665542144674152,-0.0317090506305381,0.0239380332523653,0.0510915327771065,0.0882543985903899,0.0975505272450466,-0.00902323118499447,0.0665484138072722,0.0560700618015359,0.0617822667540842,0.0179112830178962,-0.0173099552049032,work/glm_cropped/sub-02/GLM_run_2_ALL/DCM_sub-02_GLM_run_2_ALL_4ROI.mat,OK
sub-02,2,Block-01,1,0,-0.0212324539850427,0.0540837990810064,0.0441203932747902,0.033830808890148,0.0639423871711068,-0.0290292505788179,0.0550839666328217,0.0412069520018835,0.0344151481204739,0.0365003993893212,-0.0109147006852754,0.0240951299276181,0.0317388821053529,0.0335030001407889,0.0277568346559716,-0.00720682017349561,work/glm_cropped/sub-02/GLM_run_2_block-01/DCM_sub-02_GLM_run_2_block-01_4ROI.mat,OK
sub-02,2,Block-02,2,0,-0.0153830799063427,0.0346504643140969,0.0314035563270002,0.0400636425975012,0.035693881274347,-0.01186662998744,0.028916074406171,0.0366387842849644,0.0309603600153891,0.0277250823511999,-0.00868065488446476,0.0317355527314282,0.0442851103258124,0.0388859094819577,0.0350647758156361,-0.0184256117564816,work/glm_cropped/sub-02/GLM_run_2_block-02/DCM_sub-02_GLM_run_2_block-02_4ROI.mat,OK
sub-02,2,Block-03,3,0,-0.00385693852233057,0.0156599379791371,0.0121773312433236,0.0127888898196584,0.0111464053983068,-0.00164340143574353,0.0101072922595171,0.00986372417398474,0.0265390636694184,0.0269252418567097,-0.00483957858926151,0.0200110903617338,0.0034480463110966,0.00317800852012112,0.00651068556406574,0.00152708159872008,work/glm_cropped/sub-02/GLM_run_2_block-03/DCM_sub-02_GLM_run_2_block-03_4ROI.mat,OK
sub-03,1,ALL,0,1,-0.00242511778822012,-0.0364604290383821,0.00485304175036686,0.0235575605450176,0.0121187863844226,0.0197395494732488,0.0052863398956296,0.0216695758056445,0.0132134308087062,-0.0425701658963052,0.00175872292224552,0.0255234404807075,0.0147935582291607,-0.0631535734670902,0.00216682798878639,-0.0118680565577623,work/glm_cropped/sub-03/GLM_run_1_ALL/DCM_sub-03_GLM_run_1_ALL_4ROI.mat,OK
sub-03,1,Block-01,1,0,0.0031417138721977,0.00449941122894214,0.00645102990153849,0.0192659957725246,-0.0640368974624871,0.0185656480179025,-0.00709248711697436,0.139821832754911,-0.0206053624881202,-0.00882971611517738,0.00342159443588781,0.0591332203367671,-0.0195732507831322,-0.00807740915240605,0.00129970506858961,-0.0242775439366542,work/glm_cropped/sub-03/GLM_run_1_block-01/DCM_sub-03_GLM_run_1_block-01_4ROI.mat,OK
sub-03,1,Block-02,2,0,-0.00753703214424116,0.0193838296621146,0.0211186411779695,0.0239614218261007,0.0263037332854521,-0.00691472343302063,0.0240787176731029,0.0273119123767427,0.0136083747992156,0.01260762311692,-0.00243789232684405,0.0143497980680346,0.0375498610211094,0.0294496046677416,0.0343318778626671,-0.0150753929960156,work/glm_cropped/sub-03/GLM_run_1_block-02/DCM_sub-03_GLM_run_1_block-02_4ROI.mat,OK
sub-03,1,Block-03,3,0,-0.0106250581798033,0.0223220775789955,0.0147777269850901,0.0161852844053827,0.0273389058200031,-0.00659285244189091,0.0143035822490067,0.0157258733542296,0.0263106523318585,0.020531914438134,-0.00320393422049157,0.0158377845747272,0.049985752134874,0.0363286927978102,0.0215312593077891,-0.00819849542842583,work/glm_cropped/sub-03/GLM_run_1_block-03/DCM_sub-03_GLM_run_1_block-03_4ROI.mat,OK
sub-03,2,ALL,0,1,-0.242221643978142,0.111547537011834,0.147406803557482,0.17000713819361,0.157294890893733,-0.201671172141083,0.158834961246615,0.163981011548041,0.136286088930708,0.0999370510609468,-0.237185875764139,0.16885894395216,0.114213962804012,0.079610480561715,0.126258329114966,-0.221426639947468,work/glm_cropped/sub-03/GLM_run_2_ALL/DCM_sub-03_GLM_run_2_ALL_4ROI.mat,OK
sub-03,2,Block-01,1,0,-0.0530134800823688,0.129955084672685,0.138407668827242,0.113386661030798,0.142357757979449,-0.0686713721533999,0.1580615920227,0.13595282683545,0.126674386259344,0.138925877923487,-0.0724935746444189,0.118511929518577,0.0928175746626757,0.10251609106047,0.133219677063162,-0.0376056439914711,work/glm_cropped/sub-03/GLM_run_2_block-01/DCM_sub-03_GLM_run_2_block-01_4ROI.mat,OK
sub-03,2,Block-02,2,0,-0.0220168401370526,0.0358854835131233,0.0509660428701364,0.0432211055127261,0.0493735723512449,-0.0127525309865611,0.04775683484849,0.0405864660856914,0.0384869248636642,0.0274954050579252,-0.0144088566388318,0.0317979792549727,0.0292113679115139,0.0219476573638123,0.0280327658389954,-0.00823392191487328,work/glm_cropped/sub-03/GLM_run_2_block-02/DCM_sub-03_GLM_run_2_block-02_4ROI.mat,OK
sub-03,2,Block-03,3,0,-0.0111431537442882,0.0246805075007778,0.0314602725381479,0.0348349277822779,0.0338838735062015,-0.00975028229567974,0.035190899659395,0.038920463594497,0.0339032708373635,0.0276648702208755,-0.013526511546106,0.0387989620236053,0.0249197109508337,0.0210617178596019,0.0258071419105047,-0.00994716015037521,work/glm_cropped/sub-03/GLM_run_2_block-03/DCM_sub-03_GLM_run_2_block-03_4ROI.mat,OK
sub-04,1,ALL,0,1,-0.22738537295148,0.148037343293415,0.0956293423642932,0.14347648714441,0.137249512163781,-0.204207586908512,0.0868549550037158,0.137836142504839,0.168575563898578,0.15093035915989,-0.198313287236317,0.178994531518747,0.145769139062688,0.155535412158128,0.0976445801377625,-0.241571639521939,work/glm_cropped/sub-04/GLM_run_1_ALL/DCM_sub-04_GLM_run_1_ALL_4ROI.mat,OK
sub-04,1,Block-01,1,0,-0.0154716648840146,0.0378502056413108,0.039238595137059,0.0476537568239795,0.0418105722423868,-0.0160360323599528,0.0418282029137086,0.0510061936667069,0.0560169431645539,0.053612233006678,-0.0230662816874534,0.0698959188310663,0.0415002833299645,0.0399086317326402,0.0410159519092852,-0.0211720546194956,work/glm_cropped/sub-04/GLM_run_1_block-01/DCM_sub-04_GLM_run_1_block-01_4ROI.mat,OK
sub-04,1,Block-02,2,0,-0.00707229181516938,0.0165783937592435,0.019770223278978,0.0179333141477759,0.024295340231381,-0.00501056090703678,0.0215934116405001,0.0194711689894455,0.02856566926562,0.0202657357321767,-0.00851326487569115,0.022322862247993,0.02351495457333,0.0172011151595172,0.020779532067709,-0.00544593257146426,work/glm_cropped/sub-04/GLM_run_1_block-02/DCM_sub-04_GLM_run_1_block-02_4ROI.mat,OK
sub-04,1,Block-03,3,0,-0.0162926302550449,0.0304543011219604,0.0290050061390615,0.0425195191713315,0.0348166196657759,-0.00926401976556222,0.0255174611374891,0.0356355742576687,0.0416525366054763,0.0309517591105568,-0.0107176944301927,0.0432973036128104,0.015695007742314,0.0137251198811405,0.0138073231435888,-0.00355949455477732,work/glm_cropped/sub-04/GLM_run_1_block-03/DCM_sub-04_GLM_run_1_block-03_4ROI.mat,OK
sub-04,2,ALL,0,1,-0.237816857523674,0.0950180444937731,0.111305739589737,0.243035065019093,0.172295014485806,-0.14532824692248,0.158334269500715,0.180926936461214,0.169380290784206,0.128958972287559,-0.174743253160662,0.209029894605994,0.147944787145522,0.0459352612465858,0.0700856149505002,-0.257702976325055,work/glm_cropped/sub-04/GLM_run_2_ALL/DCM_sub-04_GLM_run_2_ALL_4ROI.mat,OK
sub-04,2,Block-01,1,0,-0.00218595533431949,0.00868489950061786,0.0125182182970711,0.0125408949441371,0.0133213989827273,-0.00057770002371526,0.0137253008764705,0.0137174709255488,0.0117623978355559,0.00861247794674775,-0.00211773543099593,0.0120788009719308,0.00912322033611266,0.00810778135853863,0.00921716756574733,-0.000712554427281372,work/glm_cropped/sub-04/GLM_run_2_block-01/DCM_sub-04_GLM_run_2_block-01_4ROI.mat,OK
sub-04,2,Block-02,2,0,-0.0123761476877459,0.0250257517537625,0.0369111273153198,0.0508025443723408,0.0315050623029347,-0.00808127161917262,0.0353530325493073,0.0484972779756235,0.0442710219432005,0.0322993951519918,-0.0206798207806332,0.0711226003053847,0.0566351420045701,0.039263099976985,0.0636464279433453,-0.0416175676141243,work/glm_cropped/sub-04/GLM_run_2_block-02/DCM_sub-04_GLM_run_2_block-02_4ROI.mat,OK
sub-04,2,Block-03,3,0,-0.0462463906264123,0.0967975640258434,0.100968096813578,0.0762616611660538,0.108129155911787,-0.0445574437967217,0.104802519679976,0.0791240321691479,0.104893926492035,0.0974819498812557,-0.0451403750983991,0.076809221371144,0.0630737755786824,0.0604185528985742,0.0618340205317763,-0.0192110903111488,work/glm_cropped/sub-04/GLM_run_2_block-03/DCM_sub-04_GLM_run_2_block-03_4ROI.mat,OK
sub-05,1,ALL,0,1,-0.00352047206564529,0.0165101320237444,0.0153554060762253,-0.00221494347079772,0.0147384048053108,-0.00426071135418754,0.0152502521183813,-0.00210776015526396,0.000874781415672442,-0.00046124401581356,0.00317919962136656,0.0153997239404849,0.012478256615666,0.0135466746614714,0.0126924874313988,0.00318152440194617,work/glm_cropped/sub-05/GLM_run_1_ALL/DCM_sub-05_GLM_run_1_ALL_4ROI.mat,OK
sub-05,1,Block-01,1,0,-0.00814310582084527,0.0243500974102984,0.0251870119668841,0.0330440341518678,0.0276006840787159,-0.00988988902494769,0.0288741955555822,0.0380291750017591,0.0375474801704899,0.0375944726104823,-0.0151965472081788,0.0546471867389965,0.020318470249183,0.0203369529038236,0.0207639654903021,-0.00975744686829795,work/glm_cropped/sub-05/GLM_run_1_block-01/DCM_sub-05_GLM_run_1_block-01_4ROI.mat,OK
sub-05,1,Block-02,2,0,-0.00792655463484407,0.0225930222982949,0.0243843897938729,0.0193374024396447,0.0182060502546025,-0.00472938502694932,0.0188970546068241,0.0152629978452588,0.0360310225665163,0.0342092029526585,-0.0138503905510229,0.0282838039376916,0.0139794228316774,0.0134470277180456,0.014426016023675,-0.00220004205924482,work/glm_cropped/sub-05/GLM_run_1_block-02/DCM_sub-05_GLM_run_1_block-02_4ROI.mat,OK
sub-05,1,Block-03,3,0,-0.0251838549869334,0.0559667625695768,0.0435856522018295,0.0782492114515259,0.0593256567371834,-0.023642666198989,0.0439989764516638,0.0779912963501941,0.065466619226211,0.0612330891571559,-0.0181675796826264,0.089191074934761,0.0670397235488147,0.0626666839363438,0.0455546117422083,-0.0403928878627208,work/glm_cropped/sub-05/GLM_run_1_block-03/DCM_sub-05_GLM_run_1_block-03_4ROI.mat,OK
sub-05,2,ALL,0,1,-0.246943639658081,0.141530726269536,0.135384164988,0.1537911585377,0.124935658754235,-0.257236468703523,0.129564840578901,0.153912022520086,0.128505215323018,0.133534245654661,-0.250843044779592,0.173948901493876,0.0993919890416659,0.113985323628991,0.0985231292588928,-0.249886643017629,work/glm_cropped/sub-05/GLM_run_2_ALL/DCM_sub-05_GLM_run_2_ALL_4ROI.mat,OK
sub-05,2,Block-01,1,0,-0.014978110335051,0.0395118556133619,0.0427311680548315,0.0284175352848425,0.0413789365876617,-0.0172331940634969,0.0463780801966099,0.0305456236521873,0.0399620439819413,0.0413604118932156,-0.0181500325156368,0.0295584237290934,0.0101451787459888,0.0102755908359792,0.010200907673133,-0.000460681921954748,work/glm_cropped/sub-05/GLM_run_2_block-01/DCM_sub-05_GLM_run_2_block-01_4ROI.mat,OK
sub-05,2,Block-02,2,0,-0.00349601341346544,0.0131695309642928,0.0170913730276724,0.0186095887217261,0.00580148535785899,0.0013580897749401,0.0056049499726369,0.00470731128982103,0.0232724566891681,0.0205364210084698,-0.00992639283179507,0.0315857428755976,0.026581859887175,0.0241184763781856,0.0318423382752865,-0.0142266674319688,work/glm_cropped/sub-05/GLM_run_2_block-02/DCM_sub-05_GLM_run_2_block-02_4ROI.mat,OK
sub-05,2,Block-03,3,0,-0.000796555811305985,0.0091295341466544,0.00925516470932808,0.00936490272640972,0.00434000913976917,0.00157743598642842,0.00616260496283176,0.00522124466274627,0.0195332857502034,0.0180435483731867,-0.00380330456626515,0.0176490302834232,0.0154586267468036,0.0144124463866887,0.0131797245940772,-0.0032960662495116,work/glm_cropped/sub-05/GLM_run_2_block-03/DCM_sub-05_GLM_run_2_block-03_4ROI.mat,OK
sub-06,1,ALL,0,1,-0.212769004809774,0.121595555753528,0.114922097478582,0.198237197826037,0.149918206099438,-0.145403025175485,0.131694442409441,0.170978480074893,0.186006039231979,0.1372973852812,-0.200840739053448,0.21680337437308,0.130282722814005,0.100074425594658,0.0659419541093627,-0.202717687116099,work/glm_cropped/sub-06/GLM_run_1_ALL/DCM_sub-06_GLM_run_1_ALL_4ROI.mat,OK
sub-06,1,Block-01,1,0,-0.0212528651229575,0.0365377421020396,0.0421022876626735,0.0636116980027891,0.0461233220864722,-0.0126523791785227,0.0383954444743338,0.0569310698782852,0.0598500928003795,0.0404763436102593,-0.0189979562989383,0.0770865764562699,0.0506512029382052,0.0363936189837479,0.041940977687537,-0.0268226109606484,work/glm_cropped/sub-06/GLM_run_1_block-01/DCM_sub-06_GLM_run_1_block-01_4ROI.mat,OK
sub-06,1,Block-02,2,0,-0.00791025898165077,0.0161208767821379,0.0192094374854191,0.0181461914922638,0.0223091486856203,-0.0037881361891731,0.0182499835796853,0.017252769597377,0.0357326671786634,0.0222247123851729,-0.00978606706143544,0.0257885192610845,0.0246678550566009,0.0161992243493872,0.0192940180584005,-0.00526217135763429,work/glm_cropped/sub-06/GLM_run_1_block-02/DCM_sub-06_GLM_run_1_block-02_4ROI.mat,OK
sub-06,1,Block-03,3,0,-0.019695903464261,0.0300732889688025,0.0344811206329633,0.0522070470948433,0.0475774628550536,-0.011068193206617,0.0346547727841881,0.0515981890531236,0.0646516781889207,0.0389644354246,-0.0183263432422213,0.0710792467436209,0.0279186256382488,0.0188250530628869,0.0209669960993301,-0.0110784595515687,work/glm_cropped/sub-06/GLM_run_1_block-03/DCM_sub-06_GLM_run_1_block-03_4ROI.mat,OK
sub-06,2,ALL,0,1,0.00505916222772047,-0.0458617715332386,-0.0120356875686823,0.0306009702961223,-0.00132762372220422,0.0249620688518014,-0.0102009989363757,0.0285007448343259,-0.00426307443043942,-0.0540513508359515,0.0118127936544213,0.033466750461869,-0.00416396135184315,-0.0538496586641288,-0.0154135743383126,-0.0126853527156639,work/glm_cropped/sub-06/GLM_run_2_ALL/DCM_sub-06_GLM_run_2_ALL_4ROI.mat,OK
sub-06,2,Block-01,1,0,-0.0351426197387308,0.0912753000850321,0.10443181219935,0.0752521700850237,0.102861560820357,-0.0519617431148614,0.135241325146437,0.0960413785124686,0.118078862957106,0.133116968858226,-0.0697109672512075,0.109952291816808,0.0716332577256842,0.0816045154960976,0.0927592051150573,-0.0289679204232652,work/glm_cropped/sub-06/GLM_run_2_block-01/DCM_sub-06_GLM_run_2_block-01_4ROI.mat,OK
sub-06,2,Block-02,2,0,-0.0016220693103482,0.00977604598923591,0.0128645372406688,0.0121461322499797,0.00895537042860939,-0.000381424286825084,0.00956777937732485,0.00921683150806619,0.0189855076191498,0.0145424817006682,-0.00860446037689866,0.0227297224835371,0.0115227207121127,0.010022947694921,0.0135853709036503,-0.00248868087744364,work/glm_cropped/sub-06/GLM_run_2_block-02/DCM_sub-06_GLM_run_2_block-02_4ROI.mat,OK
sub-06,2,Block-03,3,0,-0.00282922181111753,0.0163840232772129,0.015903832383864,0.0250905685812207,0.0122146480561423,-0.00344208710358124,0.0143198549980106,0.0220682070058063,0.0121718907309749,0.0144838213166515,-0.00313603059912764,0.0213771120048998,0.0164819222466237,0.0211379097239085,0.0203785264724184,-0.0133975594162686,work/glm_cropped/sub-06/GLM_run_2_block-03/DCM_sub-06_GLM_run_2_block-03_4ROI.mat,OK
sub-07,1,ALL,0,1,-0.00126819799917136,-0.00709493834399043,0.0094175799238147,0.0148626522217878,0.00884507893973013,0.00267876033056959,0.00849920641817763,0.0103283618740045,0.00971450639242527,-0.00345674959806573,-0.000599900598281741,0.0131251801655492,0.01019886205846,-0.00679235735163084,0.00930619700771046,-0.00341645980367553,work/glm_cropped/sub-07/GLM_run_1_ALL/DCM_sub-07_GLM_run_1_ALL_4ROI.mat,OK
sub-07,1,Block-01,1,0,-0.00167406798386946,-0.00227894052306436,0.00569757455826518,0.0172159563623687,0.0122807191012402,0.00677256720342938,0.00498431520320587,0.0203465288345722,0.0151185422422604,-0.0153115813324935,0.00272391514443664,0.0287292172097941,0.0141639020739749,-0.0118349888182488,0.00341062365821515,-0.00892113084558579,work/glm_cropped/sub-07/GLM_run_1_block-01/DCM_sub-07_GLM_run_1_block-01_4ROI.mat,OK
sub-07,1,Block-02,2,0,0.0144273907048052,0.0109261555908884,-0.00387777115069678,0.00606688737426307,-0.0424282402952598,-0.00284907386940305,-0.0126539486794678,0.00486159698030366,-0.0366098948397541,0.0125025986257241,0.00926817579583894,0.00498660114720537,-0.0244543907476411,0.0113224862290956,-0.00544829829857007,0.000992444927857669,work/glm_cropped/sub-07/GLM_run_1_block-02/DCM_sub-07_GLM_run_1_block-02_4ROI.mat,OK
sub-07,1,Block-03,3,0,0.00498118058470269,0.000929014573201668,-0.000158968751453895,0.00229188974651269,-0.0129948293029583,0.00697544357925561,-0.00908299006511694,-0.00480791552688043,0.00210852312874223,0.00391706665283486,0.00230665812414478,0.00453824544751358,0.0194504223426539,0.015339123783867,0.0173277783790359,-0.00371842596149557,work/glm_cropped/sub-07/GLM_run_1_block-03/DCM_sub-07_GLM_run_1_block-03_4ROI.mat,OK
sub-07,2,ALL,0,1,-0.0128795857935172,-0.0714533187818982,0.0601397219642403,0.0796703668191465,0.0218427217065197,0.0152467803775514,0.0327851922939416,0.0394742539377574,0.039113040364292,-0.0982141540428195,-0.0319155884412529,0.100104579957969,0.0328767118386205,-0.0845181726046879,0.0622863576934098,-0.0376747804505893,work/glm_cropped/sub-07/GLM_run_2_ALL/DCM_sub-07_GLM_run_2_ALL_4ROI.mat,OK
sub-07,2,Block-01,1,0,-0.0553651984637044,0.102996317406466,0.13422735359118,0.0794270185088877,0.123827235256744,-0.0466825448399927,0.135237875154394,0.0808599371376414,0.1626827322838,0.133641925174931,-0.0790599244443007,0.101934754554889,0.0904273147007919,0.0713499651151372,0.0956576274675357,-0.0227466843421987,work/glm_cropped/sub-07/GLM_run_2_block-01/DCM_sub-07_GLM_run_2_block-01_4ROI.mat,OK
sub-07,2,Block-02,2,0,0.00117611282863457,0.00817478840882585,0.00390926969838485,0.0066267583466935,0.0026345309434273,-0.00043265223102849,-0.000960994414137229,0.0045864747249687,0.00218316579747395,0.00878207122688411,0.00482600805994884,0.00403882964800876,-0.00985728350852606,0.0109682989878645,-0.0226591371405995,0.00646910883851236,work/glm_cropped/sub-07/GLM_run_2_block-02/DCM_sub-07_GLM_run_2_block-02_4ROI.mat,OK
sub-07,2,Block-03,3,0,-0.0129206373289269,0.00538817486595158,0.0512952579849205,0.0514861181904083,0.0189362708675381,-0.0017408250424631,0.0203976206085137,0.024964132803854,0.0364473837601234,0.00187510912660687,-0.0253344028307628,0.0566651787498084,0.0566061180759586,-0.00527189115835998,0.100009267815907,-0.0405656179706788,work/glm_cropped/sub-07/GLM_run_2_block-03/DCM_sub-07_GLM_run_2_block-03_4ROI.mat,OK
sub-08,1,ALL,0,1,0.0189830925717373,-0.0359410379887948,-0.0259058642591028,-0.031826393809942,-0.0259728255799549,0.0202208804102586,-0.0227382617849376,-0.0281101561258361,-0.0112305572621997,-0.0147004193561978,0.008792392723095,-0.0125811504380677,-0.0222805791855353,-0.0274517979515026,-0.0193288336699417,0.0162280059948644,work/glm_cropped/sub-08/GLM_run_1_ALL/DCM_sub-08_GLM_run_1_ALL_4ROI.mat,OK
sub-08,1,Block-01,1,0,-0.000591436323794602,0.00910825987358433,0.00911572089546523,0.00853125373470643,0.011007954490495,-0.00169131150449661,0.0102930218359837,0.0102192159193068,0.0169705309681864,0.017337021032745,-0.00231906154985125,0.0158487048179545,0.000123566112607624,-7.87378220786904e-05,0.00514521094915617,0.00367167491462753,work/glm_cropped/sub-08/GLM_run_1_block-01/DCM_sub-08_GLM_run_1_block-01_4ROI.mat,OK
sub-08,1,Block-02,2,0,-0.00585783113936766,0.0212588503325396,0.020828011626565,0.0173945832831417,0.0200455329298586,-0.00688361946240449,0.0215036465371954,0.0177964281424372,0.0327587057845069,0.0365483806912928,-0.0131503604141702,0.0278658735165448,0.0172125358170819,0.0184791298000965,0.0183277080927997,-0.00381718391855725,work/glm_cropped/sub-08/GLM_run_1_block-02/DCM_sub-08_GLM_run_1_block-02_4ROI.mat,OK
sub-08,1,Block-03,3,0,-0.0068458420249854,0.0226901812784859,0.0183206328399884,0.0218530273077233,0.0243657327018628,-0.00884241204475252,0.0203499857372681,0.0246148976560019,0.0312986180610868,0.0331414352977428,-0.00891302043684861,0.0317812110771648,0.0339571482446573,0.0360050572652241,0.0273670832148548,-0.0130199812603035,work/glm_cropped/sub-08/GLM_run_1_block-03/DCM_sub-08_GLM_run_1_block-03_4ROI.mat,OK
sub-08,2,ALL,0,1,-0.055093939691687,0.119601342027177,0.119232311512691,0.125564979036088,0.121655631097213,-0.0519196242456016,0.117514264124663,0.122084029265466,0.129315274901593,0.12452440000506,-0.0555026981997808,0.129717105877847,0.127304690969163,0.122884741715255,0.124137964522159,-0.0564012793543479,work/glm_cropped/sub-08/GLM_run_2_ALL/DCM_sub-08_GLM_run_2_ALL_4ROI.mat,OK
sub-08,2,Block-01,1,0,-0.00277526609212429,0.0144447088497857,0.0142584250844018,0.01373487355585,0.0226524274900042,-0.0086325217027355,0.0252664062189246,0.0239646650849967,0.00937679117506345,0.0102059053569254,-0.000597395133272507,0.00866777394950102,0.00569440481348554,0.00559771738673127,0.0050058220922159,0.001365532491057,work/glm_cropped/sub-08/GLM_run_2_block-01/DCM_sub-08_GLM_run_2_block-01_4ROI.mat,OK
sub-08,2,Block-02,2,0,-0.0470693076470687,0.0956752751160214,0.0992340310813615,0.0879483348351863,0.0881290106736915,-0.0347121968416672,0.0827406620557658,0.0731497918772106,0.101022733016018,0.0903595099294894,-0.0423548515475034,0.0829832440820361,0.0785642449608961,0.0703452990795557,0.0747189248414406,-0.0277628211254608,work/glm_cropped/sub-08/GLM_run_2_block-02/DCM_sub-08_GLM_run_2_block-02_4ROI.mat,OK
sub-08,2,Block-03,3,0,0.0041057642096596,-0.00224906107130862,0.00156341476536049,-0.000554555081870804,0.00108142234056252,0.00411602789440581,0.00330122439603835,0.000610585869059752,0.0138293239099848,0.015562736802493,-0.00351866159218956,0.0127379488385157,-0.00749970719381211,-0.0110525674431543,-0.00405768178039968,0.00785412979662834,work/glm_cropped/sub-08/GLM_run_2_block-03/DCM_sub-08_GLM_run_2_block-03_4ROI.mat,OK
sub-09,1,ALL,0,1,-0.00456768286744887,0.0146313195181519,0.0165866335541569,0.0200346884457347,0.0167029849773659,-0.00331406478201349,0.016362159963568,0.0195378294812388,0.0231253070080082,0.0194489048141931,-0.00742759079269222,0.0274607258053085,0.00811177661212903,0.00786203478761097,0.00788162498389047,-0.000549982683255086,work/glm_cropped/sub-09/GLM_run_1_ALL/DCM_sub-09_GLM_run_1_ALL_4ROI.mat,OK
sub-09,1,Block-01,1,0,-0.0487942951605132,0.112830667774697,0.108532299550779,0.10345174769126,0.134070083123176,-0.0614035551149342,0.131993347135986,0.126722847885744,0.103423102996331,0.102023066993032,-0.0445821020731608,0.0928794004038793,0.121541107619308,0.126486416800995,0.119779266705923,-0.0516094598473085,work/glm_cropped/sub-09/GLM_run_1_block-01/DCM_sub-09_GLM_run_1_block-01_4ROI.mat,OK
sub-09,1,Block-02,2,0,0.00197008924450279,0.00455940919469466,0.00686636989893526,0.00358080203387165,0.0125438209724638,-0.00269025389380639,0.0109974496995116,0.0109950855547308,0.010506286274513,0.011263898812643,-0.00116017329970114,0.00914295999514138,-0.00722221953573327,-0.00614537716822131,0.00211993260045786,0.00717935045542547,work/glm_cropped/sub-09/GLM_run_1_block-02/DCM_sub-09_GLM_run_1_block-02_4ROI.mat,OK
sub-09,1,Block-03,3,0,-0.00824146660752644,0.0218022374292196,0.0151575344225455,0.0259885373007634,0.0296544914615097,-0.00913890835328877,0.0176146619853114,0.0315371992916057,0.0289561299787899,0.0256025065523897,-0.00464104174898479,0.0309536562027114,4.04487113947393e-05,0.00139028222971389,0.00466181155999552,0.00442645056489079,work/glm_cropped/sub-09/GLM_run_1_block-03/DCM_sub-09_GLM_run_1_block-03_4ROI.mat,OK
sub-09,2,ALL,0,1,0,0.0078125,0.0078125,0.0078125,0.0078125,0,0.0078125,0.0078125,0.0078125,0.0078125,0,0.0078125,0.0078125,0.0078125,0.0078125,0,work/glm_cropped/sub-09/GLM_run_2_ALL/DCM_sub-09_GLM_run_2_ALL_4ROI.mat,OK
sub-09,2,Block-01,1,0,-0.0618677825616571,0.147914851811095,0.143908408831511,0.0770311067821713,0.164627396921925,-0.0774526790398807,0.169947898263321,0.0885565508279293,0.150191780059952,0.158350250349918,-0.0684990168824176,0.0848693498676097,0.0419283833598945,0.0532295028487414,0.0460298099785994,0.00281074928681709,work/glm_cropped/sub-09/GLM_run_2_block-01/DCM_sub-09_GLM_run_2_block-01_4ROI.mat,OK
sub-09,2,Block-02,2,0,0.00394121526099943,0.000736098828246889,-0.00906468421616241,0.00242328954231887,-0.00276427971829077,0.0047473839620241,-0.0152001587039101,0.000488131354794093,0.0130465083156106,0.0123048542317454,-0.00601074304332552,0.0116047584163707,0.00342209000418855,0.00359342278285146,-0.00060488626480526,0.00138890664867347,work/glm_cropped/sub-09/GLM_run_2_block-02/DCM_sub-09_GLM_run_2_block-02_4ROI.mat,OK
sub-09,2,Block-03,3,0,0.00555206444750979,-0.00464765737948511,-0.0102018509353373,0.000502222420443074,-0.0106023235887226,0.0101839374585384,-0.0218898558382007,-0.00340765993139759,-0.0150216373197999,-0.0174429023483396,0.0188154236407507,-0.00648753329863961,-0.0103845342761057,-0.0116819716520268,-0.0213032443675345,0.00521249877982124,work/glm_cropped/sub-09/GLM_run_2_block-03/DCM_sub-09_GLM_run_2_block-03_4ROI.mat,OK
sub-10,1,ALL,0,1,0.000256289621900568,-0.00430528362594472,0.00449507002481183,0.0174926424405672,0.00700816584735565,0.0190169767975647,0.00401918329709781,0.0384636826608267,0.00609533159077015,-0.0807140332227047,0.00377423394397566,0.0807192488203407,0.00764030217074179,0.0128091473738785,0.00600163844670571,0.00220404541078799,work/glm_cropped/sub-10/GLM_run_1_ALL/DCM_sub-10_GLM_run_1_ALL_4ROI.mat,OK
sub-10,1,Block-01,1,0,-0.0155240237260653,0.0289012386829366,0.040376957430723,0.0509586712610478,0.0462458303043974,-0.0127739675647764,0.0476426757246792,0.0604325027816397,0.0596952451802799,0.0411655782548488,-0.0257410576606067,0.0794689670900371,0.051093483259858,0.0375381624283468,0.0531342382820323,-0.0287307119964408,work/glm_cropped/sub-10/GLM_run_1_block-01/DCM_sub-10_GLM_run_1_block-01_4ROI.mat,OK
sub-10,1,Block-02,2,0,-0.0398050583640727,0.0676791372944976,0.0776638659382961,0.112159984250561,0.0933774174401293,-0.0298421505542193,0.0791765728189535,0.116962260249178,0.114590501654846,0.0880962001352602,-0.0451339876953118,0.140872166841269,0.0926932517307423,0.0694447647536362,0.0797307438865723,-0.0512337984630542,work/glm_cropped/sub-10/GLM_run_1_block-02/DCM_sub-10_GLM_run_1_block-02_4ROI.mat,OK
sub-10,1,Block-03,3,0,-0.049859814895714,0.0712966471044768,0.14667412393482,0.113733959541833,0.0955190962559579,-0.0278452122709937,0.124324938404946,0.0964662742269588,0.162385846275385,0.100723593214044,-0.0962319775641702,0.166544086402773,0.101386179883832,0.0639284936190404,0.133634299065205,-0.0463363023249373,work/glm_cropped/sub-10/GLM_run_1_block-03/DCM_sub-10_GLM_run_1_block-03_4ROI.mat,OK
sub-10,2,ALL,0,1,-0.00107832981243071,0.021010528580518,0.00866934742288374,0.00751750067387228,0.0101640062466825,-0.00796355503141999,0.0100533054488233,0.00477505760885925,-0.00270571518364039,-0.067789704458292,0.00813433838004324,0.0310815370817933,0.0318328415299101,0.167600260178725,0.0337337683043716,0.0158822850526243,work/glm_cropped/sub-10/GLM_run_2_ALL/DCM_sub-10_GLM_run_2_ALL_4ROI.mat,OK
sub-10,2,Block-01,1,0,-0.014946363726351,0.0234185757614713,0.048292981098472,0.0482288908527303,0.0435752242735279,-0.0104413998696545,0.0562401629316605,0.0526285664406714,0.0654630348385889,0.0363457651512265,-0.0371399563469793,0.0859998554021309,0.022276273680033,0.017365247615304,0.0276246186575328,-0.00843004448211915,work/glm_cropped/sub-10/GLM_run_2_block-01/DCM_sub-10_GLM_run_2_block-01_4ROI.mat,OK
sub-10,2,Block-02,2,0,-0.0088409118018802,-0.0184424887876741,0.0334394997694447,0.0183922060358374,0.0240407549783302,0.0123772794292208,0.0311862371222964,0.0177192317882455,0.0347894340082752,-0.0312602853933081,-0.0189917481348565,0.023495033441198,-0.00398621714374845,0.0270351300990035,-0.00934452988679984,0.00393814019018373,work/glm_cropped/sub-10/GLM_run_2_block-02/DCM_sub-10_GLM_run_2_block-02_4ROI.mat,OK
sub-10,2,Block-03,3,0,8.36144474145143e-05,0.00777103928001568,0.00761519472222447,0.00738005949113063,0.00937039721423621,-0.000532365043881119,0.00981256572291224,0.0101838078915069,0.0115336745044114,0.0103057967871371,-0.00237525338483173,0.013604457232855,-0.00118582899293474,0.00194533492340197,-0.00367220267628153,0.00724035115555861,work/glm_cropped/sub-10/GLM_run_2_block-03/DCM_sub-10_GLM_run_2_block-03_4ROI.mat,OK
sub-11,1,ALL,0,1,0,0.0078125,0.0078125,0.0078125,0.0078125,0,0.0078125,0.0078125,0.0078125,0.0078125,0,0.0078125,0.0078125,0.0078125,0.0078125,0,work/glm_cropped/sub-11/GLM_run_1_ALL/DCM_sub-11_GLM_run_1_ALL_4ROI.mat,OK
sub-11,1,Block-01,1,0,-0.00144580044197587,0.0227160826091836,-0.000540186595862711,-0.00287800171834506,0.0114354519543847,-0.00940632032341197,-0.00315453257315636,-0.00588110391376315,0.0221694905246832,0.0704011054084094,0.0124822345245825,-0.0345136409130141,0.00901411175316269,0.0148781469146785,0.00304183888946908,0.00264177363293895,work/glm_cropped/sub-11/GLM_run_1_block-01/DCM_sub-11_GLM_run_1_block-01_4ROI.mat,OK
sub-11,1,Block-02,2,0,0.000241264650522041,0.00632952190106717,0.00112839321359559,0.0102138425321932,0.00559654363558532,0.00479106135265096,-0.0229835302871706,0.020570549852988,0.00575439452462129,-0.00129010057563393,0.0145008809394322,0.0198143265652408,0.00854916761346184,0.0119838330733565,0.0180990625894959,0.00244379619545195,work/glm_cropped/sub-11/GLM_run_1_block-02/DCM_sub-11_GLM_run_1_block-02_4ROI.mat,OK
sub-11,1,Block-03,3,0,-0.0143736659861601,0.0284607949125618,-0.000224657333752475,0.0411588921181564,0.0359276070389832,-0.00993329110620477,0.000526298556655198,0.0395769566303732,0.0302773990203789,0.023734891741898,0.00309256185516451,0.0335095334345988,-0.00415813114999427,-0.000792128394425967,0.0107068380798184,0.00669897962470798,work/glm_cropped/sub-11/GLM_run_1_block-03/DCM_sub-11_GLM_run_1_block-03_4ROI.mat,OK
sub-11,2,ALL,0,1,0,0.0078125,0.0078125,0.0078125,0.0078125,0,0.0078125,0.0078125,0.0078125,0.0078125,0,0.0078125,0.0078125,0.0078125,0.0078125,0,work/glm_cropped/sub-11/GLM_run_2_ALL/DCM_sub-11_GLM_run_2_ALL_4ROI.mat,OK
sub-11,2,Block-01,1,0,-0.113058619390491,0.152083387959041,0.34059938248466,0.103665440716981,0.295340846962997,-0.101328311954135,0.326832683207232,0.126734022257056,0.1101725290826,-0.0193262614229847,-0.115189337386906,0.0341722243132425,0.059398453931715,0.0278856821104309,0.0850602709528984,-0.00721564739333456,work/glm_cropped/sub-11/GLM_run_2_block-01/DCM_sub-11_GLM_run_2_block-01_4ROI.mat,OK
sub-11,2,Block-02,2,0,-0.0266557612290836,0.0513278453426873,0.094592199243295,0.0538900242175616,0.0589056087009931,-0.020054176544564,0.0888157323502965,0.051070362880555,0.140843605545197,0.115469950246566,-0.0965485074481568,0.121540833625193,0.0606549643285221,0.0493964168563343,0.0916510151291993,-0.0215752680605612,work/glm_cropped/sub-11/GLM_run_2_block-02/DCM_sub-11_GLM_run_2_block-02_4ROI.mat,OK
sub-11,2,Block-03,3,0,-0.0107919896817545,0.0180821123290958,0.024424527666268,0.0164345899342388,0.0350121690231974,-0.0064731003853387,0.0288053754255619,0.0186209961459431,0.0575493927374112,0.0307713382543629,-0.0183425482690198,0.0273585956962882,0.0127457546849941,0.0102758084093251,0.0117361008359409,-0.000991357596922245,work/glm_cropped/sub-11/GLM_run_2_block-03/DCM_sub-11_GLM_run_2_block-03_4ROI.mat,OK
sub-12,1,ALL,0,1,-0.00223446618692206,0.003348008178835,0.0516033612748175,0.0381043505838515,0.0120692196715505,0.00300288570423905,0.0565410715043164,0.041168258399875,0.0109094352380939,-0.0168662491086773,-0.0558900249487992,0.0849417002342857,0.0101357787120451,-0.0082465461821272,0.0862674579983609,-0.0251382036321826,work/glm_cropped/sub-12/GLM_run_1_ALL/DCM_sub-12_GLM_run_1_ALL_4ROI.mat,OK
sub-12,1,Block-01,1,0,-0.00129255019858751,0.0113117855343693,0.0126983172628423,0.0116121543622677,0.017296860836996,-0.00530841172423326,0.0284188759332614,0.0219325010563755,0.0145486727907799,0.015077739587455,-0.00745629570511496,0.0178697707641174,0.0142288706021663,0.0143050717180915,0.0226791485680677,-0.00478264661588038,work/glm_cropped/sub-12/GLM_run_1_block-01/DCM_sub-12_GLM_run_1_block-01_4ROI.mat,OK
sub-12,1,Block-02,2,0,0.00242663740423098,-0.00251340279086937,-0.00381931436809289,4.59739598802043e-06,0.00650547619700238,0.00135447985922005,0.00489142246433057,0.0056662580046699,0.0168581270966415,0.0273900886150042,-0.0111365469397725,0.0222489615283543,-4.85569893108814e-05,-0.00889876618809133,-0.0109271700082617,0.00638596020353551,work/glm_cropped/sub-12/GLM_run_1_block-02/DCM_sub-12_GLM_run_1_block-02_4ROI.mat,OK
sub-12,1,Block-03,3,0,-0.00528001994884205,0.0173976617616631,0.0194176785342374,0.0237422664731733,0.0191862579852349,-0.00510848951941646,0.0202284612762843,0.0249115024438849,0.0180765097578486,0.0170367384826044,-0.00558728981192553,0.0230644354141206,0.0477768503989708,0.0430125573986998,0.0521974264497667,-0.0275732202639171,work/glm_cropped/sub-12/GLM_run_1_block-03/DCM_sub-12_GLM_run_1_block-03_4ROI.mat,OK
sub-12,2,ALL,0,1,0,0.0078125,0.0078125,0.0078125,0.0078125,0,0.0078125,0.0078125,0.0078125,0.0078125,0,0.0078125,0.0078125,0.0078125,0.0078125,0,work/glm_cropped/sub-12/GLM_run_2_ALL/DCM_sub-12_GLM_run_2_ALL_4ROI.mat,OK
sub-12,2,Block-01,1,0,-0.010749733357213,0.026840156979725,0.0429812819166515,0.0312595325870255,0.0235807128048993,-0.00681687356498652,0.0322690305142156,0.0241866180901786,0.0225882204744219,0.0209233822853008,-0.0129216198848513,0.0251253048934244,0.015366552191494,0.0143603524200191,0.0191931454103365,-0.00380380784787277,work/glm_cropped/sub-12/GLM_run_2_block-01/DCM_sub-12_GLM_run_2_block-01_4ROI.mat,OK
sub-12,2,Block-02,2,0,-0.00733330321378324,0.0215917580911177,0.0294617152745835,0.0198721881952462,0.0239761481723335,-0.00748216828417853,0.031415298004764,0.0210104277942707,0.0158051052426378,0.0155047531820857,-0.00510825775579564,0.0145223050253302,0.0201441738774062,0.0193745956464997,0.0254883624780745,-0.00502878374018594,work/glm_cropped/sub-12/GLM_run_2_block-02/DCM_sub-12_GLM_run_2_block-02_4ROI.mat,OK
sub-12,2,Block-03,3,0,-0.00615768472161485,0.0224143201768121,0.0212417341907684,0.0198403168119152,0.0172479368285911,-0.00531131658441115,0.0180830108098441,0.0168085637288793,0.0234082416737817,0.026383213585862,-0.00835718043669647,0.023016587248744,0.0169240079528215,0.0178963390443476,0.0177604253614783,-0.00427476778479645,work/glm_cropped/sub-12/GLM_run_2_block-03/DCM_sub-12_GLM_run_2_block-03_4ROI.mat,OK
sub-14,1,ALL,0,1,0,0.0078125,0.0078125,0.0078125,0.0078125,0,0.0078125,0.0078125,0.0078125,0.0078125,0,0.0078125,0.0078125,0.0078125,0.0078125,0,work/glm_cropped/sub-14/GLM_run_1_ALL/DCM_sub-14_GLM_run_1_ALL_4ROI.mat,OK
sub-14,1,Block-01,1,0,0.0179162317537434,-0.0350910278528146,0.00553741100317664,0.00302718821527619,-0.00462841771647832,0.00822570414287655,0.00590238628791427,0.00264637125700294,0.00760460645666367,0.0154317807512108,-0.00360800019395359,0.0309275961903839,0.0567954810650169,0.074428473645839,0.0177134154158939,-0.0133548346040853,work/glm_cropped/sub-14/GLM_run_1_block-01/DCM_sub-14_GLM_run_1_block-01_4ROI.mat,OK
sub-14,1,Block-02,2,0,-0.00668070647834399,0.00914011719100318,0.0341533438472471,0.0273288008996477,0.0241852677730749,-0.00131602457507187,0.0392828078657811,0.0312183931388195,0.0367933415089994,0.0094966296907549,-0.0279641409347941,0.0502690325176543,0.0246620278279212,0.00963141970882569,0.0407212861119914,-0.0120565594368671,work/glm_cropped/sub-14/GLM_run_1_block-02/DCM_sub-14_GLM_run_1_block-02_4ROI.mat,OK
sub-14,1,Block-03,3,0,-0.00980725558241757,0.0271070321596545,0.025064027832827,0.0350588575253353,0.0293043416404694,-0.0103434115371136,0.0265197550605527,0.037547524227177,0.0241379242720614,0.0237973127303927,-0.00707297845413681,0.029945903239756,0.0315327329544476,0.0310544282973349,0.0285183270994133,-0.015797758395858,work/glm_cropped/sub-14/GLM_run_1_block-03/DCM_sub-14_GLM_run_1_block-03_4ROI.mat,OK
sub-14,2,ALL,0,1,-0.163772136816432,0.113567783947366,0.185131075551057,0.184763936664085,0.169151933315495,-0.104342737839951,0.193147682804925,0.145621156290225,0.145458925348172,0.0819027235511057,-0.276648495594183,0.266106010351813,0.0840545795061284,0.0109166822267575,0.158053080590059,-0.194078419190575,work/glm_cropped/sub-14/GLM_run_2_ALL/DCM_sub-14_GLM_run_2_ALL_4ROI.mat,OK
sub-14,2,Block-01,1,0,-0.00559182806217116,0.00957672689224119,0.0454020749759479,0.0297222218796192,0.0217032862364259,-0.00143682645828066,0.0524773772697033,0.0339372733155469,0.0222710675481818,0.0111567112818368,-0.0223404721470552,0.0345546456614463,0.0127667663540586,0.00813887497918591,0.0255298555831826,-0.00510708249242641,work/glm_cropped/sub-14/GLM_run_2_block-01/DCM_sub-14_GLM_run_2_block-01_4ROI.mat,OK
sub-14,2,Block-02,2,0,0.000685956520079953,0.0051446299504918,0.0107449772261692,0.00847365986463332,-0.00765257664465917,0.0169749785535279,0.0325607114877916,0.0171877555974526,-0.0160366589160441,-0.0437760235379561,-0.0186770592121813,0.0223556357574856,0.0122193801702821,0.0177961808874248,0.00190296137341421,0.00146616439935719,work/glm_cropped/sub-14/GLM_run_2_block-02/DCM_sub-14_GLM_run_2_block-02_4ROI.mat,OK
sub-14,2,Block-03,3,0,-0.000176677951688482,0.00694885674062987,0.00879785840302693,0.00960558725996641,0.00937505412285364,0.00216008540350713,0.0123406233305167,0.016166331010907,0.00899046205582948,0.00434679401288796,-0.0017365294381148,0.0142820047164916,0.0104412984732989,-0.000325182606968646,0.015711638825778,-0.0073252548666353,work/glm_cropped/sub-14/GLM_run_2_block-03/DCM_sub-14_GLM_run_2_block-03_4ROI.mat,OK
sub-15,1,ALL,0,1,-0.167450947536344,0.182454233370856,0.144695698176064,0.125450019007115,0.158400768478838,-0.212254852772739,0.147790057894651,0.140529610492866,0.161496864572794,0.181198744068102,-0.165513840888856,0.134819341515055,0.0987211022249299,0.136345615752839,0.0883282732469691,-0.0709574357139467,work/glm_cropped/sub-15/GLM_run_1_ALL/DCM_sub-15_GLM_run_1_ALL_4ROI.mat,OK
sub-15,1,Block-01,1,0,-0.0165509500224174,0.0357457181396903,0.0369566589279466,0.0351043632621686,0.0483269408302243,-0.0167009207260062,0.0428539608690992,0.0400835681385133,0.0297623554146636,0.0262229241468159,-0.00940132583906013,0.0252375195561976,-0.00449253344536962,-0.00208700644987731,-0.00291163018959037,0.00541641847207221,work/glm_cropped/sub-15/GLM_run_1_block-01/DCM_sub-15_GLM_run_1_block-01_4ROI.mat,OK
sub-15,1,Block-02,2,0,-0.00498577134956479,0.0140264210234938,0.0129632818453329,0.0143943660559871,0.0207548382406202,-0.00400980928894193,0.0145207791595789,0.0163369475154287,0.0264797287902965,0.0192189884520853,-0.00463978259401846,0.0199305594569107,0.0195924474205605,0.0150796716275976,0.0138111852675351,-0.00383549348669362,work/glm_cropped/sub-15/GLM_run_1_block-02/DCM_sub-15_GLM_run_1_block-02_4ROI.mat,OK
sub-15,1,Block-03,3,0,-0.0202803075102093,0.0483192697656262,0.0481182315465529,0.0501200113236187,0.0443106975128532,-0.0176036563220145,0.0432769176957749,0.0452984518982963,0.0685931260005774,0.0676322573833619,-0.0281117893011871,0.0715336074770677,0.0298988693687053,0.0291922495761255,0.0310073761995702,-0.0103880011077917,work/glm_cropped/sub-15/GLM_run_1_block-03/DCM_sub-15_GLM_run_1_block-03_4ROI.mat,OK
sub-15,2,ALL,0,1,-0.223555200563584,0.141839570424023,0.102827429923056,0.158858161431432,0.144226437264182,-0.227814544528571,0.101792316830076,0.162012503382351,0.176073544553158,0.175692222683892,-0.243998289475419,0.177905354105456,0.121293296366317,0.121929050941378,0.0735976407615283,-0.184898369405997,work/glm_cropped/sub-15/GLM_run_2_ALL/DCM_sub-15_GLM_run_2_ALL_4ROI.mat,OK
sub-15,2,Block-01,1,0,-0.0233879776178742,0.0536721549633247,0.0591110062407176,0.0552032518406296,0.0640944913635447,-0.0262874371740168,0.0678581073533111,0.063625817089868,0.0819646957863541,0.0770821942539771,-0.0369808599606423,0.081111745505606,0.0560776990255165,0.0538740316098787,0.0591744706339944,-0.0234192627133712,work/glm_cropped/sub-15/GLM_run_2_block-01/DCM_sub-15_GLM_run_2_block-01_4ROI.mat,OK
sub-15,2,Block-02,2,0,-0.0321557286504547,0.0657467398271243,0.107777987029403,0.066196115431577,0.0680752285667493,-0.0255788903414274,0.0962194464611222,0.0601666166314896,0.205261547491118,0.17818033766833,-0.125909691362762,0.176765194492723,0.0719914618473648,0.0639476137322562,0.104607566523516,-0.027577082371995,work/glm_cropped/sub-15/GLM_run_2_block-02/DCM_sub-15_GLM_run_2_block-02_4ROI.mat,OK
sub-15,2,Block-03,3,0,0.00102830152022113,0.00585394337481765,0.00662573304261288,0.00672636717852742,0.00817860323982424,-0.000156774379752218,0.00749499956155278,0.00791314912835494,0.0345740201481884,0.0330650777895496,-0.00581817833137956,0.0213190915662055,0.00757538398522623,0.00761656246923379,0.00810533895712854,2.27273512386246e-05,work/glm_cropped/sub-15/GLM_run_2_block-03/DCM_sub-15_GLM_run_2_block-03_4ROI.mat,OK
sub-16,1,ALL,0,1,-0.110194133124837,0.136079651020804,0.152740829463162,0.145507173259458,0.12400480082929,-0.0891370036519511,0.132431037503428,0.130722839053176,0.175429293528863,0.165437102141829,-0.152832378387621,0.192869173188472,0.142051887141739,0.136158430565471,0.148005573546717,-0.112646459412566,work/glm_cropped/sub-16/GLM_run_1_ALL/DCM_sub-16_GLM_run_1_ALL_4ROI.mat,OK
sub-16,1,Block-01,1,0,-0.0136980166574169,0.0368307480533652,0.0432905458238486,0.0468185958040756,0.032308830065778,-0.0125717818779921,0.0387768878131983,0.0417099171102547,0.0371701855038895,0.0384788239736979,-0.0184104528747451,0.0489659532404455,0.0375876179588471,0.0389589211008426,0.0458959904936094,-0.0205350573849365,work/glm_cropped/sub-16/GLM_run_1_block-01/DCM_sub-16_GLM_run_1_block-01_4ROI.mat,OK
sub-16,1,Block-02,2,0,-0.0125381747266799,0.0444440744152474,0.0401634509972219,0.0447918935907759,0.0489789499935124,-0.0291212742077406,0.0589360832036991,0.0701443610108383,0.0567087773804924,0.0793007160025974,-0.0288023611704548,0.0846081123818847,0.0293199758654797,0.0388741983254088,0.0351381791870469,-0.0154908766811725,work/glm_cropped/sub-16/GLM_run_1_block-02/DCM_sub-16_GLM_run_1_block-02_4ROI.mat,OK
sub-16,1,Block-03,3,0,-0.0523205030900655,0.0908663582823656,0.109355206726621,0.131963042267839,0.086083959500136,-0.0280544753356143,0.0769360455068852,0.0957713258094356,0.146721953918023,0.114581907461195,-0.0631247802887661,0.164178184757058,0.147560752495954,0.112013220440774,0.13364860815296,-0.0729295982441752,work/glm_cropped/sub-16/GLM_run_1_block-03/DCM_sub-16_GLM_run_1_block-03_4ROI.mat,OK
sub-16,2,ALL,0,1,0.000913791923322212,0.00578001150276175,0.00563315042861684,0.00460795051834866,0.0100084046457404,-0.00124082439211553,0.0105030708331472,0.011433692299792,0.0306518401895607,0.0331642886068214,-0.0125979477935522,0.0473884648628081,-0.00159436481822504,-0.00292833002746334,-0.00477848326394255,0.00782766017536666,work/glm_cropped/sub-16/GLM_run_2_ALL/DCM_sub-16_GLM_run_2_ALL_4ROI.mat,OK
sub-16,2,Block-01,1,0,-0.0298645604193954,0.0771010736775928,0.0732865249446287,0.074579946604101,0.08680912363051,-0.0428004084077409,0.0921262074524764,0.0944742734364221,0.0750624329173017,0.0830708176739707,-0.0347772700044143,0.0821828345125476,0.0705395555573765,0.0791397792227284,0.0748227581463962,-0.0328123487851927,work/glm_cropped/sub-16/GLM_run_2_block-01/DCM_sub-16_GLM_run_2_block-01_4ROI.mat,OK
sub-16,2,Block-02,2,0,-0.0119081281131458,0.0284057818710697,0.0415130086270184,0.0336017513022427,0.0378688369514356,-0.0125130949408828,0.0491357862201199,0.0398885545266641,0.0792366606334063,0.0672847224457267,-0.0465244039261201,0.0838357267726762,0.039412766254963,0.0333115878087533,0.0492335813259124,-0.0164497633999033,work/glm_cropped/sub-16/GLM_run_2_block-02/DCM_sub-16_GLM_run_2_block-02_4ROI.mat,OK
sub-16,2,Block-03,3,0,-0.00201592349711869,0.0139825171286688,0.01276674541871,0.0145906763506103,0.00598342346967608,0.00251273363272533,0.00535638187384414,0.00213126403397246,0.0128153554992794,0.0162916807397015,-0.00309441940394503,0.017195142530213,0.00483328953124787,0.00142124736230612,0.00398258832739826,0.00359545285436333,work/glm_cropped/sub-16/GLM_run_2_block-03/DCM_sub-16_GLM_run_2_block-03_4ROI.mat,OK
sub-17,1,ALL,0,1,-0.0256408473034146,0.031785339990984,-0.0408327055956678,0.0932887367417503,0.0531563661610832,-0.0105834999312532,-0.0326940041080811,0.0805747638292136,0.0224009376248668,0.0154379360267803,0.00561933855388336,0.029884891777021,0.0559041080211372,0.029830082217214,-0.0366692247389634,-0.0378484103582783,work/glm_cropped/sub-17/GLM_run_1_ALL/DCM_sub-17_GLM_run_1_ALL_4ROI.mat,OK
sub-17,1,Block-01,1,0,-0.00932701022243288,0.0260274783917718,-0.014894587785625,0.0393400279829565,0.0345083417330255,-0.0127794847510113,-0.0242712952016114,0.0524440996885013,0.0059066660901046,0.00587835430955192,-0.000989651141975021,0.00482079000264066,0.0275532529270047,0.0266033308428233,-0.0170429367873625,-0.0165966179713314,work/glm_cropped/sub-17/GLM_run_1_block-01/DCM_sub-17_GLM_run_1_block-01_4ROI.mat,OK
sub-17,1,Block-02,2,0,-0.00780083049324182,0.0269851040748558,0.0226015417962887,0.0218330045846999,0.0271833877518645,-0.0116565133327549,0.0259672962848004,0.0250847133699942,0.0115607414210379,0.0122468728510942,-0.00158098828639957,0.0111781075791866,0.0208394922801027,0.0237435478652129,0.0201926320787305,-0.00576662697168409,work/glm_cropped/sub-17/GLM_run_1_block-02/DCM_sub-17_GLM_run_1_block-02_4ROI.mat,OK
sub-17,1,Block-03,3,0,-0.0511928531552317,0.0970235237876813,0.0525761540294952,0.102212419795695,0.0983337439423736,-0.0367615102053783,0.0474633174217267,0.0869468977864007,0.0789622410649678,0.0669218858966456,-0.014312945037477,0.0708488335441359,0.072998842851435,0.0625077281631479,0.0366903599861896,-0.0277543051423507,work/glm_cropped/sub-17/GLM_run_1_block-03/DCM_sub-17_GLM_run_1_block-03_4ROI.mat,OK
sub-17,2,ALL,0,1,-0.0311894804969397,0.0505334942067205,-0.0181200315702195,0.0952340711954511,0.0688489817158088,-0.020185235839115,-0.0155241274361868,0.0903464762448737,0.0494831102609395,0.0349134506565138,0.00952869062019655,0.0655793049286677,0.0655290552538897,0.0464172066979525,-0.0150045570680498,-0.0378706696434507,work/glm_cropped/sub-17/GLM_run_2_ALL/DCM_sub-17_GLM_run_2_ALL_4ROI.mat,OK
sub-17,2,Block-01,1,0,-0.0399849176310994,0.099359936284512,0.106234252527228,0.0669712194269235,0.10342814239452,-0.0507649019772285,0.122325974805209,0.0760773477879345,0.131984227068065,0.145505280403399,-0.0694547181215365,0.0969700206563686,0.052658906256906,0.0574431853777163,0.0615738265284859,-0.0157802456520958,work/glm_cropped/sub-17/GLM_run_2_block-01/DCM_sub-17_GLM_run_2_block-01_4ROI.mat,OK
sub-17,2,Block-02,2,0,-0.00397010438936502,0.0127624350487711,0.017817199676467,0.0130577086030365,0.0168238344524322,-0.00280012524102564,0.0190647874207677,0.0137331564056004,0.00107311583025204,0.00408849128799141,0.00468253031798635,0.00329412338660504,0.0076291730394692,0.0077681112649982,0.00745031097473251,6.69453699589832e-05,work/glm_cropped/sub-17/GLM_run_2_block-02/DCM_sub-17_GLM_run_2_block-02_4ROI.mat,OK
sub-17,2,Block-03,3,0,-0.0108373205204517,0.0326523799525098,0.0282445818744982,0.0318177031415438,0.0320660059264064,-0.0135760371742721,0.0304880928001637,0.0344080014026032,0.0193458391017344,0.0208663358589686,-0.00531966417036435,0.0204277845874583,0.0304799121346876,0.033538672026881,0.0290193186553518,-0.0122797321354085,work/glm_cropped/sub-17/GLM_run_2_block-03/DCM_sub-17_GLM_run_2_block-03_4ROI.mat,OK
sub-19,1,ALL,0,1,-0.0105241059131509,0.0134741895915426,0.0443335348655699,0.0597182635314696,0.0241888033486479,-0.0024010091733325,0.0353046544939409,0.0466333290087243,0.0283775822488842,0.0138571792556233,-0.0170040657876695,0.0565490455056148,0.0354686068292611,0.0145700931574306,0.0563152424261013,-0.0336204636950835,work/glm_cropped/sub-19/GLM_run_1_ALL/DCM_sub-19_GLM_run_1_ALL_4ROI.mat,OK
sub-19,1,Block-01,1,0,-0.00664005047607474,0.0197806906739654,0.0233626033045544,0.0245851298768538,0.0132227458545738,-0.00232714439731637,0.0138019357866642,0.0145252069250928,0.0156660399755153,0.0148080552346686,-0.00451358601482631,0.0176484699913905,0.0266094786388485,0.0246598972350926,0.0297136111879598,-0.0116529499813926,work/glm_cropped/sub-19/GLM_run_1_block-01/DCM_sub-19_GLM_run_1_block-01_4ROI.mat,OK
sub-19,1,Block-02,2,0,-0.00330129581549672,0.0142536597313517,0.0139661536419448,0.0133452615748557,0.0182010112863037,-0.00492613473407082,0.0174997180584989,0.016220612598929,0.0118641776605436,0.0117609854518293,-0.00187224500348476,0.011211683122924,0.0170468976544351,0.0167271389604582,0.016395666410929,-0.00379561073445766,work/glm_cropped/sub-19/GLM_run_1_block-02/DCM_sub-19_GLM_run_1_block-02_4ROI.mat,OK
sub-19,1,Block-03,3,0,-0.00589222203886711,0.0192782302342446,0.0180047203943154,0.0210295560157226,0.0179931603854424,-0.00488581939798355,0.016718793248764,0.019227826385896,0.0238801784307124,0.0233654842572945,-0.006734793591919,0.0256074719682676,0.0272410353725483,0.0266496999395631,0.0238600532275896,-0.0105642007290598,work/glm_cropped/sub-19/GLM_run_1_block-03/DCM_sub-19_GLM_run_1_block-03_4ROI.mat,OK
sub-19,2,ALL,0,1,0.000945578125699043,-0.0288843568902414,0.0108559549337568,0.0416105246030065,0.0082579785263916,0.00847652424036759,0.0104381846389779,0.0244286769547139,0.0060750108500163,-0.0252234940889153,-0.00135284904752271,0.0382093324543051,0.00636538405889456,-0.0234165103935447,0.0105570274318981,-0.0142491712439539,work/glm_cropped/sub-19/GLM_run_2_ALL/DCM_sub-19_GLM_run_2_ALL_4ROI.mat,OK
sub-19,2,Block-01,1,0,-0.000997987430163884,0.00544707358447241,0.0145266750324207,0.0153398880574505,0.00936442908070511,0.000757034256799299,0.0126621453163426,0.0132133197195132,0.0107876671911891,0.0040205026294784,-0.00512176461942142,0.0193902467271422,0.0104262302457613,0.00420571101287367,0.0171723919415158,-0.00524687128437606,work/glm_cropped/sub-19/GLM_run_2_block-01/DCM_sub-19_GLM_run_2_block-01_4ROI.mat,OK
sub-19,2,Block-02,2,0,-0.00905442776405607,0.0214360003010706,0.0225807207919156,0.023235500210603,0.0337946195928698,-0.00960232331984248,0.0288118465653017,0.029728832896909,0.0236025542842458,0.0198388716709451,-0.00637189541042953,0.0210400466286141,0.0133592203645724,0.0124772912815097,0.0124418385344565,-0.00223404522420976,work/glm_cropped/sub-19/GLM_run_2_block-02/DCM_sub-19_GLM_run_2_block-02_4ROI.mat,OK
sub-19,2,Block-03,3,0,-0.00767919120556742,0.0185655367665349,0.022581582473342,0.0260103765409759,0.016507382850645,-0.00303096129645116,0.0162812789290562,0.017956302086753,0.0307258845848335,0.0236754544206094,-0.010707690152679,0.0348508421699991,0.0253438151191531,0.0199953984030301,0.0245605957744402,-0.0101950640378429,work/glm_cropped/sub-19/GLM_run_2_block-03/DCM_sub-19_GLM_run_2_block-03_4ROI.mat,OK
sub-20,1,ALL,0,1,-4.45043789189652e-05,0.0111768460456577,0.00970056693013386,0.00500858822666506,0.00744380437546044,0.00129062907987891,0.00721279878120614,0.0116196163758077,0.00670638698172598,-0.0041917213732503,0.00225703936534731,0.0221638604722007,0.00493354985540608,-0.0253209196419344,-0.00512684977516569,-0.0189540760273156,work/glm_cropped/sub-20/GLM_run_1_ALL/DCM_sub-20_GLM_run_1_ALL_4ROI.mat,OK
sub-20,1,Block-01,1,0,0.0194068336516278,-0.0202145874763867,0.0237084087364578,-0.0382719607939104,-0.0325374170028828,0.0152600914541244,0.0228478904265334,-0.0402604881806066,-0.0431890176363994,-0.0301418903403444,-0.00956035958090276,-0.0530821037191785,-0.0136453834512924,-0.00822145520193598,0.0156502581928559,0.0129127638590778,work/glm_cropped/sub-20/GLM_run_1_block-01/DCM_sub-20_GLM_run_1_block-01_4ROI.mat,OK
sub-20,1,Block-02,2,0,-0.0168370645098029,0.0393069692510506,0.0330054841910911,0.0563586483639745,0.0460739263168165,-0.0172988278105088,0.035968371709266,0.0623180814539294,0.0315483224358721,0.029812574554277,-0.00869942468407243,0.0413090364150288,0.0560202801577037,0.0519420438411618,0.0432413215248717,-0.0334044677888698,work/glm_cropped/sub-20/GLM_run_1_block-02/DCM_sub-20_GLM_run_1_block-02_4ROI.mat,OK
sub-20,1,Block-03,3,0,0.00339601485832237,0.00745563299751312,0.0070109472857543,0.00151848762047136,0.000166478946258689,0.000197657151097818,0.00692419706523684,0.000719264130896581,0.00312623484172704,0.00757767857698553,0.000264727743824277,0.00347569580115396,0.00646029690196522,0.00773709638219053,0.00764340748190728,0.000629417557908736,work/glm_cropped/sub-20/GLM_run_1_block-03/DCM_sub-20_GLM_run_1_block-03_4ROI.mat,OK
sub-20,2,ALL,0,1,0.000149656075153327,0.00867148295841647,0.00914456459777817,0.00344275185643324,0.00794735007801534,9.03896881991742e-05,0.00755343454391702,0.00919913319325158,0.00870329314538873,0.00575576484021182,0.00156680752721518,0.0194373344357193,0.00814459939733766,0.00704701139484009,0.00665228018081727,-0.00222024541694684,work/glm_cropped/sub-20/GLM_run_2_ALL/DCM_sub-20_GLM_run_2_ALL_4ROI.mat,OK
sub-20,2,Block-01,1,0,-0.0105867319350414,0.0302526153011907,0.0300336744969487,0.0317193930365207,0.0424270544297636,-0.0175630811951723,0.0433346018221157,0.0477838251871966,0.0387183057431969,0.039341938091837,-0.0154993719617525,0.0442795579959346,0.00879792491736484,0.00891770736059273,0.00888769394563097,-0.000438914004023324,work/glm_cropped/sub-20/GLM_run_2_block-01/DCM_sub-20_GLM_run_2_block-01_4ROI.mat,OK
sub-20,2,Block-02,2,0,0.00464189518530682,0.00111693163240426,-0.0141741984529725,-0.0100770988864517,0.00278877060694646,0.00181107512787444,-0.00398314037745139,-0.00183003644115766,0.0152634180615196,0.0133936198488796,-0.00943130784349797,0.0229254321471426,0.00455063928371437,0.00534406530556245,-0.000706928747559154,0.00336405294583705,work/glm_cropped/sub-20/GLM_run_2_block-02/DCM_sub-20_GLM_run_2_block-02_4ROI.mat,OK
sub-20,2,Block-03,3,0,0.00476245583149671,-0.00164605318473414,0.00313528445586904,0.00138071074022911,-0.000809773810826446,0.00431466293961645,0.00361149210386647,0.00199080265312301,0.0227609014187444,0.0227340739132575,-0.0039064905803329,0.0181899068136783,0.0112737463529886,0.0112815823342028,0.0100845820502844,-0.00131295704331393,work/glm_cropped/sub-20/GLM_run_2_block-03/DCM_sub-20_GLM_run_2_block-03_4ROI.mat,OK
sub-21,1,ALL,0,1,-0.00426192822747376,0.0129209092997451,-0.0153996328022296,0.0425898966757332,0.0170726424442291,-0.00264048461355466,-0.0190499047513323,0.0467773510908319,0.0207810149584382,0.0144592027519646,0.022213293219541,0.066871290440574,0.0214084770572357,0.0150687161020425,-0.0355882364626637,-0.0292721273255517,work/glm_cropped/sub-21/GLM_run_1_ALL/DCM_sub-21_GLM_run_1_ALL_4ROI.mat,OK
sub-21,1,Block-01,1,0,-0.0106920982170707,0.0340865780988021,0.0149906336830245,0.0348505243787479,0.0377253472486516,-0.0178927213207086,0.0175324316638533,0.0452384261455174,0.0322917475139141,0.0376486496573968,-0.00340524998002275,0.0383767018260223,0.043227526585965,0.0509370505557246,0.0185503279325811,-0.021678145195131,work/glm_cropped/sub-21/GLM_run_1_block-01/DCM_sub-21_GLM_run_1_block-01_4ROI.mat,OK
sub-21,1,Block-02,2,0,-0.00309620851373062,0.0169288951651187,0.0106520355822777,0.0188851488232935,0.0211351938199496,-0.00971049031503724,0.012157283409349,0.0321240364175225,0.0278140002690164,0.0372933918037008,-0.00264762803214143,0.0447086377085274,0.0200826153514457,0.0258809519798817,0.0116435528218306,-0.0110997439323528,work/glm_cropped/sub-21/GLM_run_1_block-02/DCM_sub-21_GLM_run_1_block-02_4ROI.mat,OK
sub-21,1,Block-03,3,0,0.00280945400032284,0.00129156745262016,0.00835770528857079,-0.000172774903463738,0.00229646173219674,0.00321888861336278,0.00831918440131476,-6.6497349430308e-05,0.0218428157987352,0.0241371329696635,-0.0012711804727427,0.0300252446501081,0.0217348853175933,0.0240114165076363,0.00892410206776895,-0.0105034197111192,work/glm_cropped/sub-21/GLM_run_1_block-03/DCM_sub-21_GLM_run_1_block-03_4ROI.mat,OK
sub-21,2,ALL,0,1,-0.00628034532209677,0.0229217894626197,-0.0229433136177807,0.0538628335922591,0.020704840401805,-0.00765776291269849,-0.0237741650724479,0.0549779536569197,0.0216495473130361,0.0245454780947394,0.0188813309066558,0.0611380970562606,0.022481869546414,0.0255115319827067,-0.0307603715615326,-0.0272208829004684,work/glm_cropped/sub-21/GLM_run_2_ALL/DCM_sub-21_GLM_run_2_ALL_4ROI.mat,OK
sub-21,2,Block-01,1,0,-0.0182303718194267,0.0489953302712054,0.0383351086292687,0.0568715868988504,0.0480156061399418,-0.0218763850851654,0.0409561594674994,0.0609363185035251,0.0540967580725907,0.0592666095461377,-0.0186163885092876,0.0694039596598696,0.0340740574351621,0.0371538653227364,0.0285033852270722,-0.0177393447089006,work/glm_cropped/sub-21/GLM_run_2_block-01/DCM_sub-21_GLM_run_2_block-01_4ROI.mat,OK
sub-21,2,Block-02,2,0,-0.00434998394295582,0.0180335482219811,0.0179013432388982,0.0207680649572204,0.0129588741229133,-0.00301825545037678,0.0137767575865888,0.0155209426645197,0.0156283930596548,0.0166766535849037,-0.00440449706494559,0.0188208713966723,0.0112156406900031,0.0119529936093523,0.0118399686963477,-0.00268189683309468,work/glm_cropped/sub-21/GLM_run_2_block-02/DCM_sub-21_GLM_run_2_block-02_4ROI.mat,OK
sub-21,2,Block-03,3,0,-0.00226745341662408,0.0130152003871215,0.00854467057807248,0.0162238913838316,0.0120067650730796,-0.00239179145448462,0.00848555065448748,0.0155707405610398,0.0186219953210719,0.0202713421098541,-0.000497009644009252,0.0282040120626388,0.0155684964265605,0.0167207088071882,0.00877509322754105,-0.00719294077099421,work/glm_cropped/sub-21/GLM_run_2_block-03/DCM_sub-21_GLM_run_2_block-03_4ROI.mat,OK
sub-22,1,ALL,0,1,0,0.0078125,0.0078125,0.0078125,0.0078125,0,0.0078125,0.0078125,0.0078125,0.0078125,0,0.0078125,0.0078125,0.0078125,0.0078125,0,work/glm_cropped/sub-22/GLM_run_1_ALL/DCM_sub-22_GLM_run_1_ALL_4ROI.mat,OK
sub-22,1,Block-01,1,0,-0.0151624564777374,0.0306890544803146,0.0206366596229142,0.0373561876309249,0.0486047352388043,-0.0149987644997014,0.0249204220547597,0.0469717336868343,0.0359759228321153,0.0280748846039649,-0.00545263346329003,0.0348864918611562,0.0347160616853465,0.0275859621509835,0.0187606952644549,-0.0127591331111006,work/glm_cropped/sub-22/GLM_run_1_block-01/DCM_sub-22_GLM_run_1_block-01_4ROI.mat,OK
sub-22,1,Block-02,2,0,-0.00920776988948354,0.0200294037369897,0.0137322643515035,0.02390156023927,0.0277874276436826,-0.00651585357277085,0.0141619073229173,0.0250968148651486,0.0222635143648905,0.0174253636992875,-0.00237490995004579,0.0203641042070954,0.0269995634524171,0.0201608760399369,0.0135627012159469,-0.00818297070110104,work/glm_cropped/sub-22/GLM_run_1_block-02/DCM_sub-22_GLM_run_1_block-02_4ROI.mat,OK
sub-22,1,Block-03,3,0,-0.0140765686911491,0.0282083037417593,0.0188776554829242,0.034425467271398,0.0346735554054481,-0.00950302388163748,0.0181890964319293,0.0328611219517716,0.0558197098059295,0.0423941695185371,-0.00976216946728749,0.0524235984699646,0.0242195423791819,0.0194926617582819,0.0140076549901399,-0.00759822213478706,work/glm_cropped/sub-22/GLM_run_1_block-03/DCM_sub-22_GLM_run_1_block-03_4ROI.mat,OK
sub-22,2,ALL,0,1,0,0.0078125,0.0078125,0.0078125,0.0078125,0,0.0078125,0.0078125,0.0078125,0.0078125,0,0.0078125,0.0078125,0.0078125,0.0078125,0,work/glm_cropped/sub-22/GLM_run_2_ALL/DCM_sub-22_GLM_run_2_ALL_4ROI.mat,OK
sub-22,2,Block-01,1,0,-0.0186356135978297,0.0428176563042435,0.0611412370141814,0.0510737560135913,0.0488180441942092,-0.0186657946143614,0.065548847067471,0.0546679573314291,0.0699528274666859,0.0649335628412809,-0.0422542092636504,0.0786197453956165,0.0560961519848637,0.0528440362340982,0.0755988528954868,-0.0269802812163685,work/glm_cropped/sub-22/GLM_run_2_block-01/DCM_sub-22_GLM_run_2_block-01_4ROI.mat,OK
sub-22,2,Block-02,2,0,-0.0108120087390383,0.0199791714205107,0.0274980335656513,0.0256084386947967,0.0254160281114321,-0.00483202033292188,0.0236908610563272,0.0222035489320085,0.0201085618704431,0.0149082902372716,-0.00546178154002238,0.0176342951041298,0.0114607078989501,0.00875402486420527,0.0114565192236003,-0.00188379847714382,work/glm_cropped/sub-22/GLM_run_2_block-02/DCM_sub-22_GLM_run_2_block-02_4ROI.mat,OK
sub-22,2,Block-03,3,0,-0.0070657910648008,0.0188568848113351,0.0148827421475949,0.024070005341803,0.0297673410051488,-0.00835694829936122,0.0184550463570624,0.0328388615979051,0.0275303196740735,0.0230776644508297,-0.00484833447323539,0.0303224588981547,0.032525646724981,0.0266511255516479,0.0196036999127864,-0.0138754237272155,work/glm_cropped/sub-22/GLM_run_2_block-03/DCM_sub-22_GLM_run_2_block-03_4ROI.mat,OK
sub-23,1,ALL,0,1,-0.000894642315266677,0.00796948656305497,0.00976891030865468,0.01102541594233,0.00862379634883726,-4.08630132070689e-05,0.00871158623734303,0.00919246879467753,0.0161095508996016,0.0086841427810533,-0.00457356796739527,0.0221207301170805,0.0197130523885027,0.00908947948389963,0.0209870101352927,-0.0101799917921176,work/glm_cropped/sub-23/GLM_run_1_ALL/DCM_sub-23_GLM_run_1_ALL_4ROI.mat,OK
sub-23,1,Block-01,1,0,0.00535145133323524,-0.00131290578140838,0.00041913942319207,-0.00363005149868853,-0.00156312554432289,0.00402832377567944,0.00131221495994548,-0.00221502070171586,-0.000224395074431684,0.000928131575031416,0.00279487019647425,-0.000813689788122997,0.00749327413589967,0.0075561643292188,0.00763156077579723,4.28889166396964e-05,work/glm_cropped/sub-23/GLM_run_1_block-01/DCM_sub-23_GLM_run_1_block-01_4ROI.mat,OK
sub-23,1,Block-02,2,0,-0.000424654086619436,0.00848804095079968,0.0088808591123849,0.00910926389692778,0.00700399713836382,0.000296697913295648,0.0068666964623698,0.00696781141248312,0.0118108208563573,0.0109081744718814,-0.00244584974523495,0.0133238746191151,0.0172749153852182,0.0150876171955276,0.0193638770597955,-0.00627679555298582,work/glm_cropped/sub-23/GLM_run_1_block-02/DCM_sub-23_GLM_run_1_block-02_4ROI.mat,OK
sub-23,1,Block-03,3,0,-0.00598986378511474,0.0171417914828368,0.0186016848295869,0.019311532191756,0.013483991631796,-0.00218506967455679,0.0131128877403605,0.0134295501406633,0.0301947033588161,0.0251273318468379,-0.0099811418665464,0.0292843414071898,0.0312090412464572,0.0259125740894391,0.028879508502331,-0.0110906614153584,work/glm_cropped/sub-23/GLM_run_1_block-03/DCM_sub-23_GLM_run_1_block-03_4ROI.mat,OK
sub-23,2,ALL,0,1,0.0118764310371667,0.00176642356261207,-0.0116677163499025,-0.0415287124069734,-0.0173691607714794,0.00327014819717524,-0.0130793617794314,-0.0450052824908765,-0.014615468814388,0.0019290543923761,0.00939142312758756,-0.0390848140742007,-0.00945465722399893,0.00398500807750408,-0.00641244556358592,0.0190678364232233,work/glm_cropped/sub-23/GLM_run_2_ALL/DCM_sub-23_GLM_run_2_ALL_4ROI.mat,OK
sub-23,2,Block-01,1,0,0.000492011677631286,0.00673039276176239,0.0064847038346621,0.00660450993310333,0.0102375096400154,-0.00136928151538854,0.0110943927455986,0.010752206550287,0.00970549342590075,0.00998380857172996,-0.00127873011158015,0.0100924493998436,0.00702596700588166,0.00700155660182493,0.00675525877130505,0.000498415655377048,work/glm_cropped/sub-23/GLM_run_2_block-01/DCM_sub-23_GLM_run_2_block-01_4ROI.mat,OK
sub-23,2,Block-02,2,0,0.00206263768367997,0.0082282154994356,-0.00263275613537537,-0.000529299930275394,0.00520338437535024,-0.000136715690003955,0.00122452590554223,0.00257142776704939,0.00702143008617657,0.00798342979718682,0.000872408321168873,0.00660520599966124,0.00955940797225911,0.00776766099380166,0.0126282787162516,-0.00204845283210276,work/glm_cropped/sub-23/GLM_run_2_block-02/DCM_sub-23_GLM_run_2_block-02_4ROI.mat,OK
sub-23,2,Block-03,3,0,0.00147705411911112,0.00426953284404015,0.00373415910977725,-0.00405619141914882,0.00520241087454736,0.00157012542210974,0.00421402869679536,-0.00269548666215132,0.00255585882478162,0.0014756603111354,0.00357237493002987,-0.0134465372991897,0.00535939187808212,0.00484417808283291,0.00455506035763279,0.00500895029316707,work/glm_cropped/sub-23/GLM_run_2_block-03/DCM_sub-23_GLM_run_2_block-03_4ROI.mat,OK
sub-24,1,ALL,0,1,-0.0198977992333515,0.0436711260573235,0.024187022994653,0.0386463950557894,0.0401292651046187,-0.0141019087431731,0.0183272688652447,0.0320638068260254,0.086138103924836,0.0770927444233411,-0.0191743096835092,0.0683215528355253,0.0422201035844349,0.038249702347543,0.0199618624510491,-0.0128168357479351,work/glm_cropped/sub-24/GLM_run_1_ALL/DCM_sub-24_GLM_run_1_ALL_4ROI.mat,OK
sub-24,1,Block-01,1,0,-0.00825779999401624,0.0271218125324903,0.0175811316195011,0.017035759705175,0.036082524436103,-0.0159801369555454,0.0214170825323,0.0237596529349729,0.0414893526545783,0.0463502509994931,-0.00712391131952686,0.0269962450279817,0.00694661468701941,0.00723311187744598,0.0121343199047241,0.000487948072739258,work/glm_cropped/sub-24/GLM_run_1_block-01/DCM_sub-24_GLM_run_1_block-01_4ROI.mat,OK
sub-24,1,Block-02,2,0,-0.016589526040719,0.0426405805070891,0.0427417307277004,0.0539368167450308,0.0443705525186203,-0.0185604205966458,0.0459509757870613,0.0577929306695216,0.056418727764144,0.0579288220751935,-0.0240179676635375,0.0744901430818609,0.0641111819031584,0.0657369403310346,0.0631844992420223,-0.0373470922182805,work/glm_cropped/sub-24/GLM_run_1_block-02/DCM_sub-24_GLM_run_1_block-02_4ROI.mat,OK
sub-24,1,Block-03,3,0,-0.0226527335614101,0.0490184936316542,0.0678241031908763,0.0524950375417134,0.0278744097852236,-0.00963067538391481,0.0317556723784751,0.0269142470361011,0.11146535850079,0.100904237936951,-0.0630459655472718,0.107744745038768,0.0546458347559387,0.0503943842008956,0.0675627821100983,-0.0220716946111529,work/glm_cropped/sub-24/GLM_run_1_block-03/DCM_sub-24_GLM_run_1_block-03_4ROI.mat,OK
sub-24,2,ALL,0,1,-0.00214935023672547,0.00562300414287329,0.00869123842452444,0.00433122477449141,0.0121328237247533,0.00109994852365578,0.00869705555667872,0.00434184251883167,0.00938049069926648,0.00701882851895071,-0.000160118233501644,0.00655092896475634,0.0123467394772007,0.00550135520661886,0.00874120393445688,0.00182039065336742,work/glm_cropped/sub-24/GLM_run_2_ALL/DCM_sub-24_GLM_run_2_ALL_4ROI.mat,OK
sub-24,2,Block-01,1,0,-0.0474404012303655,0.116572359578217,0.0924825350826687,0.110185114497889,0.129240280230101,-0.0630262366470072,0.111344303100921,0.133213297445744,0.0918431151815811,0.101755433806353,-0.035520206898115,0.0956622001238024,0.112819592748424,0.121395689981291,0.0962922650339205,-0.0514243225662774,work/glm_cropped/sub-24/GLM_run_2_block-01/DCM_sub-24_GLM_run_2_block-01_4ROI.mat,OK
sub-24,2,Block-02,2,0,-0.00859217724423371,0.0238990974961233,0.0120278182471572,0.0238577904135114,0.0204490974785837,-0.00579385689391758,0.011108756529464,0.0192932142209871,0.0108633471205727,0.0104960643364918,-0.000708634507360306,0.010011634091676,0.0143676120352359,0.0137188478732132,0.0102110488638282,-0.00264814794088664,work/glm_cropped/sub-24/GLM_run_2_block-02/DCM_sub-24_GLM_run_2_block-02_4ROI.mat,OK
sub-24,2,Block-03,3,0,0.00183988208843863,0.00542960243073417,0.00380410870399758,0.00491606296731181,0.0115936222437876,-0.00158580291528306,0.011546864114253,0.0119508374279392,-0.00102449231948777,0.00158338701891256,0.00470868758257931,5.42711553795979e-05,0.0191708781232125,0.0165867790549275,0.019450828005731,-0.00556449466205694,work/glm_cropped/sub-24/GLM_run_2_block-03/DCM_sub-24_GLM_run_2_block-03_4ROI.mat,OK
sub-25,1,ALL,0,1,-0.00926473437050614,0.000987323834288442,0.00814911170194226,0.0271749814933786,0.0233194841974486,0.00278739119534458,0.00818370333101223,0.0236965264712156,0.0202479624451104,0.00369893261272413,-0.000264971387169821,0.02062486108189,0.0321343125524511,-0.00144169859846528,0.00802621596582364,-0.0124877234614014,work/glm_cropped/sub-25/GLM_run_1_ALL/DCM_sub-25_GLM_run_1_ALL_4ROI.mat,OK
sub-25,1,Block-01,1,0,-0.00366233625861182,0.0146216678757154,0.00827896450278049,0.0122099081454773,0.00513479331137879,0.00180354935134604,0.006684388029528,0.00503407224881727,-0.00491781151717875,-0.00632304129110941,0.0014198452986845,-0.00228507677599777,-5.6341512994466e-05,-0.000729536066817764,0.00622496867786336,0.00302795930036876,work/glm_cropped/sub-25/GLM_run_1_block-01/DCM_sub-25_GLM_run_1_block-01_4ROI.mat,OK
sub-25,1,Block-02,2,0,-0.00939876550354436,0.0212152746255056,0.0248013085002385,0.0283311979099903,0.0292564789736792,-0.00769154199204729,0.0272420188617167,0.0309848055688336,0.0316597956712864,0.0246137825082426,-0.0105469174219879,0.0335934944752037,0.030117203161308,0.0229843326048992,0.0273997565957095,-0.0119192005434961,work/glm_cropped/sub-25/GLM_run_1_block-02/DCM_sub-25_GLM_run_1_block-02_4ROI.mat,OK
sub-25,1,Block-03,3,0,-0.0260623492193933,0.0462686905990387,0.0482444276200088,0.0638844415945729,0.0550599485022648,-0.0168629465480333,0.0438799300263068,0.0574986915598686,0.0653414926314461,0.0495741462087313,-0.0216081123783687,0.0683334499064775,0.0722149907229693,0.052789758320224,0.0545306049462572,-0.0326518000969462,work/glm_cropped/sub-25/GLM_run_1_block-03/DCM_sub-25_GLM_run_1_block-03_4ROI.mat,OK
sub-25,2,ALL,0,1,-0.010545228769757,-0.0349495113338742,-0.0200264309759318,0.0672269785867075,0.0226567743331666,0.0137377521467711,-0.00951712597536688,0.0473570544267737,0.02449660746669,-0.0190611020560484,0.00842108413656857,0.0497571194015852,0.0387200028299427,-0.0616965944653362,-0.0383147279309937,-0.0438145718063347,work/glm_cropped/sub-25/GLM_run_2_ALL/DCM_sub-25_GLM_run_2_ALL_4ROI.mat,OK
sub-25,2,Block-01,1,0,-0.0069280698358265,0.0170859496266906,0.0164332644064391,0.0210537087766296,0.0240762893817484,-0.00545137621965455,0.0179308111434061,0.0232290477437693,0.0160327489870385,0.0141514761794944,-0.00273120106064549,0.0155691176687979,0.0193297225142229,0.0152075800723034,0.0148061447725919,-0.00543318401303584,work/glm_cropped/sub-25/GLM_run_2_block-01/DCM_sub-25_GLM_run_2_block-01_4ROI.mat,OK
sub-25,2,Block-02,2,0,-0.00320130130843748,0.00405035302640716,0.0132185613357747,0.0239537574898808,0.0163195824905246,0.00228748045888874,0.0151997801870685,0.028794471533129,0.022449250632768,-0.000741689630798081,-0.00612643509652218,0.0445606125366658,0.0174464098183006,0.00126149519714361,0.0154321099660765,-0.012364910851698,work/glm_cropped/sub-25/GLM_run_2_block-02/DCM_sub-25_GLM_run_2_block-02_4ROI.mat,OK
sub-25,2,Block-03,3,0,-0.00172483594717904,0.0101014077230522,0.0101933666300364,0.0121125640306561,0.00847893260187265,-0.000264034182368114,0.00898660368996341,0.00852925829485462,0.021784557065244,0.0167607806821202,-0.00361510946788218,0.0255413830241342,0.0129803421360537,0.0111697276451244,0.0108776140955673,-0.00323512684349883,work/glm_cropped/sub-25/GLM_run_2_block-03/DCM_sub-25_GLM_run_2_block-03_4ROI.mat,OK
sub-26,1,ALL,0,1,-0.00807473032043416,0.0394549062038973,0.011556574929435,0.0530768846233888,0.0317139409647738,-0.0231081884887298,0.0118367242537643,0.0758851410743809,0.0394903019824108,0.0696698829604216,-0.00339033145331044,0.096496945823933,0.0367175813309392,0.0655315082546448,0.0112483763517536,-0.0403939984472833,work/glm_cropped/sub-26/GLM_run_1_ALL/DCM_sub-26_GLM_run_1_ALL_4ROI.mat,OK
sub-26,1,Block-01,1,0,-0.00903615035240208,0.0279934571701389,0.0179124639789344,0.0287771737860265,0.0300940431486794,-0.0121675422159141,0.0196107078865768,0.0338786433103121,0.0280859912094757,0.030231875396266,-0.00467183990498831,0.0327037486058995,0.0147805735905549,0.0155282318967646,0.0138200480105023,-0.00304608169326007,work/glm_cropped/sub-26/GLM_run_1_block-01/DCM_sub-26_GLM_run_1_block-01_4ROI.mat,OK
sub-26,1,Block-02,2,0,-0.00394810372827248,0.0221677282457107,0.0234663429130027,0.0208217661237402,0.0237034762907104,-0.0145947363758127,0.03887372902845,0.0331175463438409,0.0364474502321284,0.0612198893052635,-0.0272549635230484,0.0533724678558887,0.0316176224965067,0.0526847960197331,0.0541691369510746,-0.0184000773384741,work/glm_cropped/sub-26/GLM_run_1_block-02/DCM_sub-26_GLM_run_1_block-02_4ROI.mat,OK
sub-26,1,Block-03,3,0,-0.0385541970801492,0.0996811640021699,0.0828696596361221,0.0919118918147251,0.105760639402062,-0.0541360684617392,0.0957912368515443,0.111210810632782,0.113664258213018,0.130013191050375,-0.0475401060169103,0.119588921980095,0.094053098582625,0.107966919231563,0.081540907985866,-0.0437929016141959,work/glm_cropped/sub-26/GLM_run_1_block-03/DCM_sub-26_GLM_run_1_block-03_4ROI.mat,OK
sub-26,2,ALL,0,1,-0.170903195438262,0.149226165789309,0.114393464059897,0.149801892401878,0.143055830114234,-0.163024009274972,0.0991929312510136,0.144844230702859,0.201978886985185,0.213002267933903,-0.20380589194074,0.199838851248428,0.129041762127512,0.133267610861138,0.0779350616589516,-0.136414261145948,work/glm_cropped/sub-26/GLM_run_2_ALL/DCM_sub-26_GLM_run_2_ALL_4ROI.mat,OK
sub-26,2,Block-01,1,0,-0.0377192863714516,0.105986640383701,0.119438031882373,0.0850836532371529,0.089225601026979,-0.0487508238691428,0.124077525689922,0.0882472658033534,0.124330427078015,0.154875977022666,-0.077204240556156,0.123139330376154,0.0708005400853014,0.0858220254037178,0.0967989961849436,-0.0298576854533973,work/glm_cropped/sub-26/GLM_run_2_block-01/DCM_sub-26_GLM_run_2_block-01_4ROI.mat,OK
sub-26,2,Block-02,2,0,-0.00735067106322202,0.0307037879384616,0.029865377758877,0.0267545167909994,0.0236224765633003,-0.0122448408058652,0.031273183965771,0.0287286455922199,0.039146612831282,0.0585043886003943,-0.0225622174855683,0.0523362089047314,0.00313928297686611,-0.00169093711464822,0.00142040709981928,0.00525889365952745,work/glm_cropped/sub-26/GLM_run_2_block-02/DCM_sub-26_GLM_run_2_block-02_4ROI.mat,OK
sub-26,2,Block-03,3,0,0.00478064185695406,-0.00831677379101987,0.000432142997403216,-0.000628165456404796,-0.0147922892217917,0.0185791271508691,-0.0155485608814049,-0.0130720557307138,0.0252199704410157,0.0347815615660647,-0.0107318012431488,0.0244270709414806,0.00231045998575155,-0.00170290816907044,0.00425880818484561,0.00239735256739755,work/glm_cropped/sub-26/GLM_run_2_block-03/DCM_sub-26_GLM_run_2_block-03_4ROI.mat,OK
sub-27,1,ALL,0,1,0.000119008286092209,-0.0188006515117128,-0.0344874819369375,0.0211171761188319,0.00699722820538117,0.0151420748584579,-0.0391825005083432,0.0221443736147145,0.00746149771316536,-0.0271046519013336,0.0285168206050441,0.0252290104971505,0.00818506529066883,-0.0112420653458978,-0.0229131745158586,-0.0050285799286606,work/glm_cropped/sub-27/GLM_run_1_ALL/DCM_sub-27_GLM_run_1_ALL_4ROI.mat,OK
sub-27,1,Block-01,1,0,0.00584899260309065,0.00050501479876252,0.0111147725357914,-0.00401489704779557,-0.00492365639940651,0.00400288103727389,0.0113107627156142,-0.00517189614551826,0.0150617345589317,0.0120578382713781,0.00026936225967744,0.0156797472298692,0.00340620653910933,0.00495855693562925,0.00948810980383192,0.00217586598111317,work/glm_cropped/sub-27/GLM_run_1_block-01/DCM_sub-27_GLM_run_1_block-01_4ROI.mat,OK
sub-27,1,Block-02,2,0,0.00109679692590239,0.0118732821258067,0.0157185040121534,0.00104199888358017,0.0078115043860455,0.000305075282406111,0.00634262971387294,0.00859445973103685,0.00410896445197158,0.0151287469759282,-0.00717231180788335,-0.00420917545785597,0.00631536936411201,0.0102909247465495,0.0124912393127955,0.00212458390682959,work/glm_cropped/sub-27/GLM_run_1_block-02/DCM_sub-27_GLM_run_1_block-02_4ROI.mat,OK
sub-27,1,Block-03,3,0,-0.06351056105105,0.133385664723996,0.102780487513624,0.111608023121492,0.135330779809382,-0.0569488261837744,0.0977181826508617,0.106522127058883,0.116326419773298,0.110307963392323,-0.0388768880225613,0.0925432791699711,0.10092150468404,0.0960873701144145,0.0779296409711264,-0.0354280671953133,work/glm_cropped/sub-27/GLM_run_1_block-03/DCM_sub-27_GLM_run_1_block-03_4ROI.mat,OK
sub-27,2,ALL,0,1,-0.000359173026472179,0.00361431868235501,-0.00193458003122545,0.0109291540663737,0.00891950112670854,0.00307884953788038,-0.00654042372018704,0.0122884776681115,0.0105357696383815,-0.00620163548937698,0.0168229815831822,0.0177232796149763,0.00735318553525145,0.00998618234441305,0.0130144785602627,0.000739079871978262,work/glm_cropped/sub-27/GLM_run_2_ALL/DCM_sub-27_GLM_run_2_ALL_4ROI.mat,OK
sub-27,2,Block-01,1,0,-0.0161301952724123,0.0246247144148083,0.0331891874595256,0.0491916316408132,0.0407779512046085,-0.00834941111938506,0.0333576193147278,0.0495496044418756,0.0274795050847473,0.0190932447707901,-0.00753073281533692,0.0315026937167069,0.0279143205246965,0.0183935144997577,0.0233712692081105,-0.0124167009428168,work/glm_cropped/sub-27/GLM_run_2_block-01/DCM_sub-27_GLM_run_2_block-01_4ROI.mat,OK
sub-27,2,Block-02,2,0,-0.0151190097354315,0.0115980219906545,0.0334220970259619,0.0452109704440245,0.0248051993705027,-0.00150966866596632,0.0219982827904717,0.027913651666759,0.0298815253732144,0.0109093911074044,-0.00912727191562437,0.0344791255143739,0.0335489121727666,0.0110151431180136,0.0292891796852644,-0.0154309287159584,work/glm_cropped/sub-27/GLM_run_2_block-02/DCM_sub-27_GLM_run_2_block-02_4ROI.mat,OK
sub-27,2,Block-03,3,0,0.00605472328848899,0.00915360501561606,0.0302277339028518,0.00553127562322951,-0.00233576550122567,-0.000526167251072485,0.0265710651621383,0.00582587012630603,0.0112983378226982,0.00641693019498128,0.00411558363852078,0.00763593128914245,-0.00372705917896832,0.00900777967880564,0.0291334171808602,0.00113100217400605,work/glm_cropped/sub-27/GLM_run_2_block-03/DCM_sub-27_GLM_run_2_block-03_4ROI.mat,OK
sub-28,1,ALL,0,1,-0.0219274913450781,0.00631196121965901,0.0206849792625832,0.0853453269537643,0.0482284604357707,7.62130743180397e-05,0.0207072162228081,0.0767945649293525,0.0644291161148258,0.005552006628077,-0.0079297671461895,0.106389554801168,0.0525827682635642,0.00577181937489591,0.0201310641369437,-0.0378549470410914,work/glm_cropped/sub-28/GLM_run_1_ALL/DCM_sub-28_GLM_run_1_ALL_4ROI.mat,OK
sub-28,1,Block-01,1,0,-0.0566883558977638,0.115103516368478,0.0927810209853443,0.146357720437953,0.129498970071984,-0.0533639890899984,0.0961778189237969,0.150005698688609,0.122570763474037,0.108796751343235,-0.0360706913355549,0.146517814442994,0.13225528759658,0.120186154301966,0.0957278124228669,-0.0694145711135184,work/glm_cropped/sub-28/GLM_run_1_block-01/DCM_sub-28_GLM_run_1_block-01_4ROI.mat,OK
sub-28,1,Block-02,2,0,-0.011746000471586,0.0243207471793676,0.00181339097768027,0.0256763917560135,0.0287172143258439,-0.00724925984407641,0.00269971486187941,0.0237021406915858,0.00857306614964786,0.00871455521266463,-0.000212324330309199,0.00907686779428305,0.0413761713635972,0.0304966997218714,-0.00166553987221385,-0.0118934734161049,work/glm_cropped/sub-28/GLM_run_1_block-02/DCM_sub-28_GLM_run_1_block-02_4ROI.mat,OK
sub-28,1,Block-03,3,0,-0.0520873366222494,0.120106745043864,0.113715781757542,0.100631819881312,0.142851647200234,-0.0654801433755413,0.141672721577945,0.119380577696286,0.152211187896787,0.161385423739672,-0.0703909542851156,0.122255836216901,0.0757902694541907,0.0786383990943271,0.0760910084935512,-0.0271836814349212,work/glm_cropped/sub-28/GLM_run_1_block-03/DCM_sub-28_GLM_run_1_block-03_4ROI.mat,OK
sub-28,2,ALL,0,1,0,0.0078125,0.0078125,0.0078125,0.0078125,0,0.0078125,0.0078125,0.0078125,0.0078125,0,0.0078125,0.0078125,0.0078125,0.0078125,0,work/glm_cropped/sub-28/GLM_run_2_ALL/DCM_sub-28_GLM_run_2_ALL_4ROI.mat,OK
sub-28,2,Block-01,1,0,-0.0282363717493262,0.0542280389511248,0.0279015735768464,0.064644326735975,0.0645424199910053,-0.0226971467351852,0.0276223482182096,0.0628669217119497,0.0183391199250766,0.0199864256576276,-0.00212953849433909,0.015560883736933,0.0497708659034528,0.041137377739257,0.0223229456966889,-0.0202893174993684,work/glm_cropped/sub-28/GLM_run_2_block-01/DCM_sub-28_GLM_run_2_block-01_4ROI.mat,OK
sub-28,2,Block-02,2,0,-0.00695329623532381,0.0120010448221282,0.0164235042830489,0.0200787062987587,0.00897923391427455,-0.000273589282069705,0.0101229874998037,0.00875507109306966,0.0653537736885455,0.024401444865301,-0.0150550253548019,0.0584474502228828,0.0133978098792742,0.0096353188097786,0.0124141454184756,-0.00240747185062485,work/glm_cropped/sub-28/GLM_run_2_block-02/DCM_sub-28_GLM_run_2_block-02_4ROI.mat,OK
sub-28,2,Block-03,3,0,0.0121544480502891,-0.00893028134996221,-0.00155074854649452,-0.0174011211914496,-0.0195387601099421,0.00960184278699476,-0.00275527203692514,-0.0208738632427275,-0.0587132245727674,-0.0387008901062128,0.0136847705199336,-0.0619777408747345,-0.0186858525953145,-0.0106291239054242,-0.00243142392495205,0.0140840242225402,work/glm_cropped/sub-28/GLM_run_2_block-03/DCM_sub-28_GLM_run_2_block-03_4ROI.mat,OK
sub-29,1,ALL,0,1,0.00158927689090945,0.00472701859958355,-0.0234908064996588,0.0185653577994148,0.00388189950083902,0.00192520408888578,-0.0299902149563781,0.0208300185406756,-0.000179020602479402,-0.000191293385482565,0.0367631083269441,0.0324486097951747,0.00970001224466135,0.00991832109220923,0.0176224740433843,0.0018404162067041,work/glm_cropped/sub-29/GLM_run_1_ALL/DCM_sub-29_GLM_run_1_ALL_4ROI.mat,OK
sub-29,1,Block-01,1,0,-0.0107093533563804,0.0337690289107306,0.0138056592977597,0.0320381710561693,0.0320878783154317,-0.0143379902848447,0.0146065430986464,0.0348847867504081,0.0220001679475964,0.0247277379293081,-0.00209697745748686,0.0233271962773526,0.00974156329215014,0.00987204106421058,0.00910252189911549,-0.000596515462152537,work/glm_cropped/sub-29/GLM_run_1_block-01/DCM_sub-29_GLM_run_1_block-01_4ROI.mat,OK
sub-29,1,Block-02,2,0,0.00351722992877211,-8.43838758917224e-05,0.00524871992664684,0.00408899926291878,0.00308821306832954,0.00267220925028667,0.0059349306488379,0.00558559002968961,0.0177230842941035,0.0189668363082504,-0.00178032815868062,0.0131546798684538,-0.0350590249868572,-0.0404173269583257,-0.00737941400494763,0.011949538420903,work/glm_cropped/sub-29/GLM_run_1_block-02/DCM_sub-29_GLM_run_1_block-02_4ROI.mat,OK
sub-29,1,Block-03,3,0,-0.0062112355366384,0.0240577518610607,0.00755198792001859,0.0291369870052478,0.0277473872793964,-0.0127895496586797,0.00587939688008488,0.0426986265682108,0.0255568142724299,0.0308788101805591,1.42560972572984e-05,0.0378565867216523,0.0223066120087444,0.0266446791868365,0.00416157450662467,-0.0131677475343699,work/glm_cropped/sub-29/GLM_run_1_block-03/DCM_sub-29_GLM_run_1_block-03_4ROI.mat,OK
sub-29,2,ALL,0,1,0,0.0078125,0.0078125,0.0078125,0.0078125,0,0.0078125,0.0078125,0.0078125,0.0078125,0,0.0078125,0.0078125,0.0078125,0.0078125,0,work/glm_cropped/sub-29/GLM_run_2_ALL/DCM_sub-29_GLM_run_2_ALL_4ROI.mat,OK
sub-29,2,Block-01,1,0,-0.0232784604266822,0.0556437569493963,0.0525241235036999,0.0482299530643197,0.0490809611829126,-0.0203207669684378,0.0471403600427003,0.0433690595717213,0.0727588264720211,0.073271714136873,-0.0296307393061636,0.0627630505880906,0.0624453560214961,0.0627827985163674,0.0592618356963989,-0.0227882424015748,work/glm_cropped/sub-29/GLM_run_2_block-01/DCM_sub-29_GLM_run_2_block-01_4ROI.mat,OK
sub-29,2,Block-02,2,0,-0.00433293704014742,0.0154854342966862,0.0187993534802199,0.019556133990932,0.0142565578810005,-0.00282908015685488,0.0159299803908656,0.0164811294472126,0.0166172255516144,0.0155692260859272,-0.00541540170919251,0.0193281229672082,0.0146453702040046,0.0138323645824695,0.0161083485692577,-0.00430483006814629,work/glm_cropped/sub-29/GLM_run_2_block-02/DCM_sub-29_GLM_run_2_block-02_4ROI.mat,OK
sub-29,2,Block-03,3,0,0.000535817402055477,0.00708115648661962,0.00711450365149392,0.00693927195538014,0.00512389904791106,0.000897313323970197,0.00618118635086636,0.00571929779699018,0.00986413255701929,0.00915415586529795,-0.000578732853063262,0.00932941998857209,0.0156861128955167,0.0129004307677261,0.0120783263281489,-0.00276725695508273,work/glm_cropped/sub-29/GLM_run_2_block-03/DCM_sub-29_GLM_run_2_block-03_4ROI.mat,OK
sub-30,1,ALL,0,1,-0.19355724103963,0.219912546760519,0.138096102835876,0.112501818332425,0.192067123756566,-0.21588799941894,0.136584304039813,0.115409015361069,0.163193669823566,0.178963478283639,-0.109734252300642,0.0966811025949707,0.120623967187765,0.140765789996457,0.0718484530727339,-0.0422173619416312,work/glm_cropped/sub-30/GLM_run_1_ALL/DCM_sub-30_GLM_run_1_ALL_4ROI.mat,OK
sub-30,1,Block-01,1,0,-0.00673356338050585,0.0192874008557287,0.0254624407012451,0.0223761801957058,0.0240202670733373,-0.00682809778626685,0.028824757018345,0.0251163812356595,0.0178457770809585,0.0163356713267703,-0.0064498354285292,0.0185065180551396,0.0081945188383821,0.00856081744669026,0.00758986469799547,0.000261854002764568,work/glm_cropped/sub-30/GLM_run_1_block-01/DCM_sub-30_GLM_run_1_block-01_4ROI.mat,OK
sub-30,1,Block-02,2,0,-0.00688279427830317,0.0192604352899531,0.0245165729379303,0.0252195809699766,0.0233753522193553,-0.00635034992758509,0.0264989859741627,0.0274436645538748,0.0346148992668575,0.0289972726571093,-0.0154572761337014,0.042944424284411,0.0184103116518485,0.0158099034377467,0.0198672487252547,-0.00719104238551006,work/glm_cropped/sub-30/GLM_run_1_block-02/DCM_sub-30_GLM_run_1_block-02_4ROI.mat,OK
sub-30,1,Block-03,3,0,-0.00761938313134683,0.0210016919220185,0.0270739885149252,0.0238619465860981,0.0175542489390774,-0.00406777857288364,0.0202923089241747,0.0175413019663923,0.0349890805653658,0.0313124045003847,-0.0166245823663894,0.0366212222853675,0.0203365550917705,0.0186025268107446,0.0234537992024915,-0.00654178200299057,work/glm_cropped/sub-30/GLM_run_1_block-03/DCM_sub-30_GLM_run_1_block-03_4ROI.mat,OK
sub-30,2,ALL,0,1,-0.217844742428118,0.143018426864448,0.164375159858108,0.163355729368228,0.152548363152466,-0.217492487207162,0.169421452689009,0.162843891791637,0.116950548685394,0.110090121939597,-0.196124935456333,0.160444916602796,0.101722020006186,0.095139727066552,0.130201104704678,-0.17155194484663,work/glm_cropped/sub-30/GLM_run_2_ALL/DCM_sub-30_GLM_run_2_ALL_4ROI.mat,OK
sub-30,2,Block-01,1,0,-0.0159661249299168,0.0432163892586985,0.0355276996720228,0.0311383573264855,0.0515088308296431,-0.0232881089041735,0.0450816447845688,0.0392868173876472,0.0375326596776926,0.0403088951016484,-0.0125733545906019,0.029135705308824,0.0212861189479361,0.0226704374955017,0.0195032275914137,-0.00474819634167778,work/glm_cropped/sub-30/GLM_run_2_block-01/DCM_sub-30_GLM_run_2_block-01_4ROI.mat,OK
sub-30,2,Block-02,2,0,-0.0274856759411596,0.0581617471994936,0.0606599983436895,0.0639725775127152,0.0465439351942841,-0.0169155881716442,0.0445996089097135,0.0462114392971596,0.0735245180739972,0.0666570896399876,-0.0299063423133823,0.0734123148858516,0.0565221336311476,0.051302440322485,0.0535618769126206,-0.0237381057903888,work/glm_cropped/sub-30/GLM_run_2_block-02/DCM_sub-30_GLM_run_2_block-02_4ROI.mat,OK
sub-30,2,Block-03,3,0,-0.0117578486057428,0.0342968608327081,0.0207525800474907,0.0394633184677554,0.0310717521617658,-0.0127682744397961,0.0206579425284862,0.0386336433822276,0.0374342436326135,0.0408220844571647,-0.00793300473522281,0.0473160053706315,0.0283349829835977,0.0308402905815801,0.0181637680983908,-0.0137497107162583,work/glm_cropped/sub-30/GLM_run_2_block-03/DCM_sub-30_GLM_run_2_block-03_4ROI.mat,OK
sub-31,1,ALL,0,1,-0.00189414265597361,0.00739707661088634,0.00377983932815731,0.0143605051670893,0.0122194362622624,0.000237664213460535,0.00314657510188687,0.0152366409956088,0.0149985590208969,0.0070333976671288,0.00380916813480736,0.0198015239667194,0.013561117505049,0.00718866051523348,0.00171396836565651,-0.00493452097319287,work/glm_cropped/sub-31/GLM_run_1_ALL/DCM_sub-31_GLM_run_1_ALL_4ROI.mat,OK
sub-31,1,Block-01,1,0,-0.0196492038447099,0.0403291832678845,0.0256457264255987,0.0406450028793208,0.0510417067748849,-0.017535154788713,0.0276461235388377,0.0436183411595808,0.0302908535468045,0.0269693568171347,-0.00544316708959368,0.0268335271244909,0.0456636525870864,0.038592577666903,0.0247217579212591,-0.0152994460720543,work/glm_cropped/sub-31/GLM_run_1_block-01/DCM_sub-31_GLM_run_1_block-01_4ROI.mat,OK
sub-31,1,Block-02,2,0,0.00510767469564869,-0.00211396665402339,-0.000177471238926774,-0.00253584943272553,0.00573231275868222,0.000884161598079889,0.00675740579719501,0.00581895852614937,0.0151054690556704,0.0151831419208333,-0.00312397453543313,0.0153516468936532,0.00134744845594872,0.0016377381567284,0.00302910692006771,0.00326810724264371,work/glm_cropped/sub-31/GLM_run_1_block-02/DCM_sub-31_GLM_run_1_block-02_4ROI.mat,OK
sub-31,1,Block-03,3,0,0.0058533237259062,-0.00517139019158595,0.00459442685014762,-0.00234351400452051,-0.00181039871561939,0.00538469329065053,0.0051753114253019,-0.00047286766925083,0.00289429526766849,0.00242287475927468,0.000589094660336665,0.00443898250252453,0.0235380517220967,0.0254371064118102,0.0123374019613467,-0.00723132994580313,work/glm_cropped/sub-31/GLM_run_1_block-03/DCM_sub-31_GLM_run_1_block-03_4ROI.mat,OK
sub-31,2,ALL,0,1,-0.240380175501633,0.122804003620122,0.110049149445022,0.198127867800367,0.175786945912655,-0.227373356693416,0.14115182669955,0.186772700695255,0.169551850411957,0.158678378259957,-0.177885674980784,0.165070485615187,0.126544440554548,0.0765692981888195,0.0635024800316129,-0.178031967904278,work/glm_cropped/sub-31/GLM_run_2_ALL/DCM_sub-31_GLM_run_2_ALL_4ROI.mat,OK
sub-31,2,Block-01,1,0,-0.00963751017197438,0.0252948775368949,0.0219512924349239,0.0235560216642869,0.0339324608213541,-0.0115524005707928,0.026629951175527,0.0290421235882288,0.0341942968696056,0.0314264562911071,-0.00942377914190056,0.0292487208485583,0.00807536952564321,0.00804677297286283,0.0080011446636698,-0.000104778412989574,work/glm_cropped/sub-31/GLM_run_2_block-01/DCM_sub-31_GLM_run_2_block-01_4ROI.mat,OK
sub-31,2,Block-02,2,0,-0.00297443335390062,0.013308752329333,0.0154762685975351,0.0134410731569854,0.0156934769299683,-0.00358680991011109,0.0180168891785277,0.0154654342901276,0.0126777941362618,0.0124066965092136,-0.00300590668869265,0.0118808616868202,-0.00208090235532363,-0.00090746655422542,-0.00557480966395426,0.00555249210994561,work/glm_cropped/sub-31/GLM_run_2_block-02/DCM_sub-31_GLM_run_2_block-02_4ROI.mat,OK
sub-31,2,Block-03,3,0,-0.0344759603620719,0.0783178045973325,0.0867494851269775,0.0909105767337965,0.0811011988956962,-0.0351367961452084,0.0886899733549233,0.0930827880877931,0.106310166737902,0.104953096122008,-0.0511486444103361,0.121194769560546,0.109366124793822,0.108091922240262,0.118803503220863,-0.0557458255348511,work/glm_cropped/sub-31/GLM_run_2_block-03/DCM_sub-31_GLM_run_2_block-03_4ROI.mat,OK
sub-32,1,ALL,0,1,-0.252897097545387,0.137131202994174,0.104897399246222,0.164446418832271,0.141281594712691,-0.254764269290309,0.110885407041935,0.167298571610957,0.159230476066051,0.153155997273987,-0.22434016097829,0.171963788868668,0.120013881196056,0.114159226680951,0.0712127042569357,-0.235856485156869,work/glm_cropped/sub-32/GLM_run_1_ALL/DCM_sub-32_GLM_run_1_ALL_4ROI.mat,OK
sub-32,1,Block-01,1,0,-0.0532611167728066,0.117996718738173,0.098246470602358,0.118098750690598,0.125958696738952,-0.0557819515080453,0.103852909005717,0.125024426214393,0.0994898907181829,0.097429087749941,-0.035404222476399,0.0963294130453041,0.132377818639269,0.130653690943774,0.108503816379469,-0.0583514604900639,work/glm_cropped/sub-32/GLM_run_1_block-01/DCM_sub-32_GLM_run_1_block-01_4ROI.mat,OK
sub-32,1,Block-02,2,0,-0.0291471291839951,0.0553740837939703,0.0618402579842703,0.0717377211237383,0.0695329925873228,-0.0239700858631835,0.0634432511101878,0.0736053427070682,0.054584083934746,0.0462080256020398,-0.0205495970376263,0.0548673094041324,0.0239933444354057,0.0202768478148651,0.022500220785712,-0.00893994705719838,work/glm_cropped/sub-32/GLM_run_1_block-02/DCM_sub-32_GLM_run_1_block-02_4ROI.mat,OK
sub-32,1,Block-03,3,0,0.00214541674056862,0.00500243891821942,0.00342731332770188,0.0033440504587591,0.00560746766569163,0.000700015363221563,0.005769786404457,0.00570832611715197,0.0212905224056989,0.0171771624415654,-0.00797683999414109,0.0239650289792137,0.0198311180587769,0.0161987118648141,0.0223145386858561,-0.00721825754355377,work/glm_cropped/sub-32/GLM_run_1_block-03/DCM_sub-32_GLM_run_1_block-03_4ROI.mat,OK
sub-32,2,ALL,0,1,-0.195615447687091,0.147175546215742,0.118358182630953,0.142437735619973,0.153498878758136,-0.216379769326465,0.121409275617371,0.158775724623723,0.17618259465159,0.178077492278916,-0.225078004293532,0.167128855398477,0.112486629014696,0.118537965666708,0.086583021812388,-0.130764278466622,work/glm_cropped/sub-32/GLM_run_2_ALL/DCM_sub-32_GLM_run_2_ALL_4ROI.mat,OK
sub-32,2,Block-01,1,0,-0.0221113450495721,0.0519071482404835,0.0522545027811038,0.0534939442826197,0.0546047997352158,-0.0223612644711859,0.0538824797082953,0.0552880952439002,0.0502906069101445,0.0494372520171113,-0.0204699385478082,0.0501535184618314,0.0382923128387222,0.0378759510261273,0.0376643827144765,-0.0145404943417622,work/glm_cropped/sub-32/GLM_run_2_block-01/DCM_sub-32_GLM_run_2_block-01_4ROI.mat,OK
sub-32,2,Block-02,2,0,-0.00493205400313423,0.0153696611252396,0.0221323578440557,0.0244828722095051,0.0225870570344321,-0.00546367561226334,0.0292526701243283,0.0327440527864686,0.0238687370144919,0.0201225245191564,-0.0114488483174503,0.0347835626422802,0.0316655487584076,0.0254588393283421,0.0424630713043257,-0.0197580717565833,work/glm_cropped/sub-32/GLM_run_2_block-02/DCM_sub-32_GLM_run_2_block-02_4ROI.mat,OK
sub-32,2,Block-03,3,0,-0.00218756846620227,0.0118437667258987,0.0137629963096323,0.0114642663463415,0.0227405809676807,-0.00620141820230398,0.0269117570558564,0.0207559742817778,0.0330577360113214,0.0281184418244364,-0.0155325352704478,0.0300405634151458,0.00478468570569918,0.00536443898492696,0.00401526547410383,0.0013322989222103,work/glm_cropped/sub-32/GLM_run_2_block-03/DCM_sub-32_GLM_run_2_block-03_4ROI.mat,OK
sub-33,1,ALL,0,1,0,0.0078125,0.0078125,0.0078125,0.0078125,0,0.0078125,0.0078125,0.0078125,0.0078125,0,0.0078125,0.0078125,0.0078125,0.0078125,0,work/glm_cropped/sub-33/GLM_run_1_ALL/DCM_sub-33_GLM_run_1_ALL_4ROI.mat,OK
sub-33,1,Block-01,1,0,-0.002004397803815,0.0137305088385785,0.015752973956783,0.014092692037519,0.0127292448440764,-0.00362505690384072,0.0175982910353257,0.0155319491025877,0.0149781464383795,0.0186449854173757,-0.00729584943149713,0.0192745124061914,0.0142768101710977,0.0173678250630624,0.0206534992013173,-0.00504065358124723,work/glm_cropped/sub-33/GLM_run_1_block-01/DCM_sub-33_GLM_run_1_block-01_4ROI.mat,OK
sub-33,1,Block-02,2,0,-0.00645978780047996,0.0206117623235281,0.0271044913118262,0.0197858688273238,0.0213830768137509,-0.00663817908699235,0.0279195227437612,0.0203651329198813,0.0340089400293948,0.0335942724696985,-0.0190772287039791,0.0319230464195229,0.0246489239438524,0.0243913975682619,0.0327673434127482,-0.00771484154718573,work/glm_cropped/sub-33/GLM_run_1_block-02/DCM_sub-33_GLM_run_1_block-02_4ROI.mat,OK
sub-33,1,Block-03,3,0,-0.0158915036671911,0.0385887055406738,0.0405523536144571,0.0430662266061151,0.0455005937513963,-0.0177086365000028,0.0460913587025233,0.0490384776479052,0.0469593384582235,0.0446510827150622,-0.0193365553351017,0.0500386964799726,0.0546759367993651,0.0518893437591198,0.0549166054554019,-0.0246928455287376,work/glm_cropped/sub-33/GLM_run_1_block-03/DCM_sub-33_GLM_run_1_block-03_4ROI.mat,OK
sub-33,2,ALL,0,1,0,0.0078125,0.0078125,0.0078125,0.0078125,0,0.0078125,0.0078125,0.0078125,0.0078125,0,0.0078125,0.0078125,0.0078125,0.0078125,0,work/glm_cropped/sub-33/GLM_run_2_ALL/DCM_sub-33_GLM_run_2_ALL_4ROI.mat,OK
sub-33,2,Block-01,1,0,-0.0303965189576598,0.0777603440230666,0.0821402983143432,0.0886391516850253,0.0911195661820954,-0.0450543478349736,0.107099507598262,0.116400395971672,0.0942701152109159,0.104650208822205,-0.0495769390591133,0.120466590053715,0.08589337293203,0.0962094992641674,0.101432265904043,-0.0483057683555519,work/glm_cropped/sub-33/GLM_run_2_block-01/DCM_sub-33_GLM_run_2_block-01_4ROI.mat,OK
sub-33,2,Block-02,2,0,-0.00439797785908846,0.0142900659058971,0.0201196382790635,0.0163524713700716,0.0112586984621622,-0.0012564632728757,0.0124493261294502,0.01130770753849,0.0199437473107238,0.0167065716094061,-0.00842324553553308,0.0194224310917571,0.0221468407193037,0.0183243063420076,0.0279620908533653,-0.00677713315699858,work/glm_cropped/sub-33/GLM_run_2_block-02/DCM_sub-33_GLM_run_2_block-02_4ROI.mat,OK
sub-33,2,Block-03,3,0,8.85484810581894e-05,0.0068846293594844,0.00855551901222015,0.00901631742632411,0.0075278239365119,0.000764042529829735,0.00906277377346343,0.00980902502908694,0.00678906731798103,0.00252831181101373,-0.00208514004396884,0.0146405860000235,0.00791745205801043,0.00865941379552803,0.00691374012598684,0.000614167764379877,work/glm_cropped/sub-33/GLM_run_2_block-03/DCM_sub-33_GLM_run_2_block-03_4ROI.mat,OK
sub-34,1,ALL,0,1,-0.0102793476449811,0.0193118756301267,0.0225295197304476,0.0631421211359532,0.0290871505832244,-0.00581428227912486,0.0227532519966936,0.0649510005780363,0.0378741556399553,0.0234277439356865,-0.00983445957504553,0.0921302761754976,0.0271120100213327,0.0185254844332552,0.0215163173669824,-0.0251209992544735,work/glm_cropped/sub-34/GLM_run_1_ALL/DCM_sub-34_GLM_run_1_ALL_4ROI.mat,OK
sub-34,1,Block-01,1,0,-0.0126896550879184,0.0313149183713253,0.026704162736515,0.029138212309308,0.0397243487688597,-0.0143399974102339,0.0312194670435735,0.0344710592043608,0.0262106893886521,0.0244292759786464,-0.00666625323666917,0.0234041219282027,0.0102317356431589,0.0103677098595144,0.00976411728212337,-0.000741883710104897,work/glm_cropped/sub-34/GLM_run_1_block-01/DCM_sub-34_GLM_run_1_block-01_4ROI.mat,OK
sub-34,1,Block-02,2,0,-0.0449255143221081,0.109388701790295,0.0930577950320975,0.0923266080668482,0.114076860789784,-0.0551581748264381,0.104391765566634,0.105396689055273,0.0987008788664921,0.10674062764335,-0.0398432470618646,0.091966305210954,0.0558441830140543,0.0600774194777339,0.051925792188129,-0.0209742569235374,work/glm_cropped/sub-34/GLM_run_1_block-02/DCM_sub-34_GLM_run_1_block-02_4ROI.mat,OK
sub-34,1,Block-03,3,0,-0.0128509953281105,0.0319419403588398,0.0306445680669523,0.0392670367214959,0.0337000936834501,-0.0118846594493853,0.0308447242058332,0.0390829428490435,0.0621639774751215,0.0581557273390891,-0.0230395136460944,0.0735747658431781,0.0418178904026485,0.0392671006528811,0.0367782969789994,-0.0202046773673327,work/glm_cropped/sub-34/GLM_run_1_block-03/DCM_sub-34_GLM_run_1_block-03_4ROI.mat,OK
sub-34,2,ALL,0,1,-0.00199110623954858,0.00745249710865381,0.0115132539706669,0.0258320461566576,0.0120677291300946,0.000185284092668366,0.01176390057179,0.0269535629355842,0.0132998307177335,0.00710567693636602,-0.00251860119336267,0.0333175990376623,0.0113369671551743,0.00734053767284301,0.0110502845475068,-0.0082485265323655,work/glm_cropped/sub-34/GLM_run_2_ALL/DCM_sub-34_GLM_run_2_ALL_4ROI.mat,OK
sub-34,2,Block-01,1,0,-0.0127235736238606,0.0370494855893146,0.0385487698556049,0.0466466846886429,0.0400932291853186,-0.0180038646812323,0.0463198391740978,0.0570446445732456,0.041636063896199,0.0460835906546423,-0.0197727463512075,0.0615437354197558,0.0359061029865561,0.0395661204753571,0.0412541332223993,-0.0222166164799204,work/glm_cropped/sub-34/GLM_run_2_block-01/DCM_sub-34_GLM_run_2_block-01_4ROI.mat,OK
sub-34,2,Block-02,2,0,-0.0038775788745915,0.0137871504720815,0.0217180980748326,0.0150505164067847,0.015096235054429,-0.00280003353242887,0.0207168981892535,0.0145031390952077,0.0209506317608712,0.0178173463572523,-0.0117051490545225,0.0202053550405111,0.00589627849743628,0.00641675524000427,0.00415734381009956,0.000983805414535419,work/glm_cropped/sub-34/GLM_run_2_block-02/DCM_sub-34_GLM_run_2_block-02_4ROI.mat,OK
sub-34,2,Block-03,3,0,-0.00565163201476504,0.0187578208973552,0.0196467088375407,0.0178913467479615,0.0226156045551872,-0.00704195569292895,0.0231434144938856,0.0210304395701243,0.0261961352582408,0.0253930639592228,-0.00940230740355981,0.0243020653020059,0.00840823200416434,0.00853744664030089,0.00862521269009476,-0.000125975787515726,work/glm_cropped/sub-34/GLM_run_2_block-03/DCM_sub-34_GLM_run_2_block-03_4ROI.mat,OK
sub-35,1,ALL,0,1,-0.0151875759503282,0.0194472076950309,-0.00931187329478516,0.0548777326893242,0.0418390136467772,-0.00651414225815097,-0.010477428007306,0.0596728041196845,0.0550927517098905,0.0235791902791216,0.0161034199416649,0.0813130314803,0.0530341403965329,0.0242285901025047,-0.0190590644874331,-0.0337075757376592,work/glm_cropped/sub-35/GLM_run_1_ALL/DCM_sub-35_GLM_run_1_ALL_4ROI.mat,OK
sub-35,1,Block-01,1,0,-0.0026564680941116,0.0117491744015552,0.0109268923301638,0.0149958249074484,0.0116953747716428,-0.00145847692152252,0.0110302279540996,0.0133338722867586,0.0503603759312847,0.0371614341696347,0.00301788268972135,0.0555764402526767,0.0423862362125753,0.0317961624539793,0.00473188270975547,-0.0192764124487622,work/glm_cropped/sub-35/GLM_run_1_block-01/DCM_sub-35_GLM_run_1_block-01_4ROI.mat,OK
sub-35,1,Block-02,2,0,-0.0263434678012805,0.0589632035997824,0.0288453177179091,0.0677276456686541,0.0655409129531787,-0.0266486418744172,0.0301423847431419,0.072041533291527,0.0300581113140696,0.028357086042964,-0.00390484978776193,0.0332523586397884,0.06009116903981,0.0572344245811303,0.0280066397631638,-0.0283509223293518,work/glm_cropped/sub-35/GLM_run_1_block-02/DCM_sub-35_GLM_run_1_block-02_4ROI.mat,OK
sub-35,1,Block-03,3,0,-0.0380980967056152,0.0751111494131699,0.109652535289394,0.104869774382349,0.0684658466713756,-0.0251247544625239,0.088825642532138,0.0822553819094374,0.150577650769018,0.129418210409524,-0.0768820518206293,0.182460958545026,0.121727258025479,0.104705897230684,0.151142450762653,-0.0654410957455352,work/glm_cropped/sub-35/GLM_run_1_block-03/DCM_sub-35_GLM_run_1_block-03_4ROI.mat,OK
sub-35,2,ALL,0,1,-0.228578118140088,0.147268739717422,0.147133850314821,0.183887248037741,0.132831876948007,-0.212550268533096,0.139540463956939,0.173749943249958,0.110382107549037,0.113147046265412,-0.168800470433632,0.158484656953815,0.103606174878944,0.112001052431891,0.121771930170489,-0.254688035210273,work/glm_cropped/sub-35/GLM_run_2_ALL/DCM_sub-35_GLM_run_2_ALL_4ROI.mat,OK
sub-35,2,Block-01,1,0,-0.0179252545260594,0.0385280614216165,0.0332407773881796,0.0406226614033328,0.0482367353953291,-0.0166339492398461,0.0365673406431737,0.0442672717435212,-0.0020251619379838,0.000457433069155512,0.00445033765903173,-0.00133501603150087,0.0328744097959103,0.029079051963008,0.0249454647756116,-0.0111293416583343,work/glm_cropped/sub-35/GLM_run_2_block-01/DCM_sub-35_GLM_run_2_block-01_4ROI.mat,OK
sub-35,2,Block-02,2,0,-0.00805909872365324,0.0255913644134842,0.027038326690337,0.0263083321419741,0.0367748215472585,-0.0151242139470008,0.0365253362150418,0.0410825388289632,0.0811508386831844,0.082080578521013,-0.0257493362952723,0.0930950177337079,0.0279903848437071,0.0287191460224602,0.0249802832074317,-0.0115234090635336,work/glm_cropped/sub-35/GLM_run_2_block-02/DCM_sub-35_GLM_run_2_block-02_4ROI.mat,OK
sub-35,2,Block-03,3,0,-0.00840001632050295,0.0207954784227322,-0.00286595124021269,0.0294537221231933,0.0243272288340007,-0.00634880693188428,-0.00313888515544486,0.0287458872920163,-0.0365136391051216,-0.0243909298257077,-0.0101789298406503,-0.0509918970969359,0.025848223193561,0.0215430230990731,-0.00318506607838827,-0.0114410791216101,work/glm_cropped/sub-35/GLM_run_2_block-03/DCM_sub-35_GLM_run_2_block-03_4ROI.mat,OK
sub-36,1,ALL,0,1,-0.00833624828022927,0.00424525472048063,-0.0243616359970849,0.0601562272808355,0.0242065274352203,0.0017790733364048,-0.0237316709353946,0.0590216777957376,0.0204966008276433,0.00583673935900709,0.0115263615596424,0.0458063445691742,0.0220863240644664,0.00567450727135121,-0.017667227371961,-0.0208480635874824,work/glm_cropped/sub-36/GLM_run_1_ALL/DCM_sub-36_GLM_run_1_ALL_4ROI.mat,OK
sub-36,1,Block-01,1,0,-0.0148277056312939,0.0308500777193547,-0.0196914827447753,0.0565093180722318,0.0326271010490643,-0.00942735742639581,-0.0149087500937303,0.0480343478994617,0.0292129552372277,0.0242370243894511,0.00971937770808706,0.0423109253801423,0.0400974093172625,0.0326129174834116,-0.0210235325489656,-0.0253748608292396,work/glm_cropped/sub-36/GLM_run_1_block-01/DCM_sub-36_GLM_run_1_block-01_4ROI.mat,OK
sub-36,1,Block-02,2,0,-0.00920002553405882,0.0249476525705929,0.0248773116401178,0.0281878543453001,0.0328183983590054,-0.0112803586927447,0.030775759063327,0.0362949443645477,0.0240385099942345,0.0229884109401293,-0.00740163211830585,0.0247917948765231,-0.00992902332816156,-0.00803061262058414,-0.00846277185673346,0.0109140316373882,work/glm_cropped/sub-36/GLM_run_1_block-02/DCM_sub-36_GLM_run_1_block-02_4ROI.mat,OK
sub-36,1,Block-03,3,0,-0.00897190716172683,0.021902781780384,0.0170520065980677,0.0278990939247362,0.0317423027219511,-0.00907217882619972,0.0196561580176776,0.0344752100271115,0.0251963863556038,0.020858516584869,-0.00413704162428389,0.0272772371284693,0.0247975594938109,0.0207329543027394,0.0161329772530647,-0.00938575630297475,work/glm_cropped/sub-36/GLM_run_1_block-03/DCM_sub-36_GLM_run_1_block-03_4ROI.mat,OK
sub-36,2,ALL,0,1,-0.00330907374398771,0.00400821520034662,0.00451695292716586,0.025413512535575,0.0144059536473675,0.00187469294978163,0.00457069308285281,0.0252050316832273,0.0166084864484144,0.00270048180895392,0.00222266695798085,0.0311728691664456,0.0111541804600032,0.00599094818120158,0.0062561071768436,-0.00439669196055065,work/glm_cropped/sub-36/GLM_run_2_ALL/DCM_sub-36_GLM_run_2_ALL_4ROI.mat,OK
sub-36,2,Block-01,1,0,-0.0246528654831813,0.0565374688053141,0.0559682101897638,0.0540206171241937,0.0635117773719213,-0.0262963474299723,0.0609665056368789,0.0589863454284678,0.0789550424726413,0.0767269714710101,-0.0332078744539383,0.0725651650237739,0.0219279091054781,0.0216160699468572,0.0217643460474735,-0.00613463538940418,work/glm_cropped/sub-36/GLM_run_2_block-01/DCM_sub-36_GLM_run_2_block-01_4ROI.mat,OK
sub-36,2,Block-02,2,0,-0.00845189298205254,0.0220394171378671,0.0268148044621151,0.0194246538251163,0.0193366483009292,-0.00478239739041165,0.0206496535940799,0.0156689362972101,0.0363869506821266,0.0316482827833557,-0.0155885310196016,0.0276643319223289,0.00302324327259758,0.00382138604374133,0.00266178645723286,0.00183945654248884,work/glm_cropped/sub-36/GLM_run_2_block-02/DCM_sub-36_GLM_run_2_block-02_4ROI.mat,OK
sub-36,2,Block-03,3,0,-0.0190001827722539,0.0429764531968364,0.0512472157811453,0.0401927193340466,0.0480586242721965,-0.0179866917594872,0.0529910547248421,0.0415017442292725,0.0504645420567554,0.046539848613312,-0.0234285431650316,0.0434792165081945,0.0418991991890491,0.0388647232857436,0.0460370039514875,-0.0141001704432352,work/glm_cropped/sub-36/GLM_run_2_block-03/DCM_sub-36_GLM_run_2_block-03_4ROI.mat,OK
sub-37,1,ALL,0,1,0,0.0078125,0.0078125,0.0078125,0.0078125,0,0.0078125,0.0078125,0.0078125,0.0078125,0,0.0078125,0.0078125,0.0078125,0.0078125,0,work/glm_cropped/sub-37/GLM_run_1_ALL/DCM_sub-37_GLM_run_1_ALL_4ROI.mat,OK
sub-37,1,Block-01,1,0,-0.0139262018036465,0.0308388366564232,0.0200229634505542,0.0278673660438419,0.0390208524247554,-0.0125941639718298,0.0213960449618582,0.0299277498045087,0.0325291601132401,0.0277739651972352,-0.00512594786966364,0.025614192224447,0.00509141300613,0.00572122691471848,0.00689135146169154,0.00104985143385908,work/glm_cropped/sub-37/GLM_run_1_block-01/DCM_sub-37_GLM_run_1_block-01_4ROI.mat,OK
sub-37,1,Block-02,2,0,-0.0154922120234884,0.0413234934586605,0.033627517653142,0.0365927292593707,0.0398517916740786,-0.0167527788511829,0.0346288349651664,0.037044227359185,0.0490273392288441,0.051654883636907,-0.0168676518794774,0.0454522940615356,0.0311120588482436,0.0324618148690952,0.028060295817204,-0.0104554298466584,work/glm_cropped/sub-37/GLM_run_1_block-02/DCM_sub-37_GLM_run_1_block-02_4ROI.mat,OK
sub-37,1,Block-03,3,0,-0.00815295866085298,0.0198971083069498,0.0197019534421743,0.0256264370698864,0.0147425517911457,-0.00252502630517572,0.0144550754924201,0.0157716619422446,0.0452361791342688,0.0353333703364372,-0.0127752466324266,0.0480187813732527,0.0377241464731223,0.0298044564487635,0.0287881155820476,-0.015857854794152,work/glm_cropped/sub-37/GLM_run_1_block-03/DCM_sub-37_GLM_run_1_block-03_4ROI.mat,OK
sub-37,2,ALL,0,1,-0.0100224496198359,0.0180526194790996,0.00760152043072196,0.0428889312667392,0.0269750846476674,-0.00485911500080257,0.00780064908129374,0.040916669602807,0.0371576411971406,0.0214433707053261,0.00189089407684185,0.0606788627695326,0.0331231600222665,0.020252292327948,0.00649878939729689,-0.0217906648263481,work/glm_cropped/sub-37/GLM_run_2_ALL/DCM_sub-37_GLM_run_2_ALL_4ROI.mat,OK
sub-37,2,Block-01,1,0,-0.0440954643763019,0.105155202146383,0.0997478659211622,0.121845034748035,0.115122334931497,-0.0554084914102871,0.115875181365288,0.140767750108811,0.0920567694036677,0.0977510731666302,-0.0414846963655623,0.114692305556275,0.100031147206547,0.106092051497454,0.101624063388407,-0.0563662282924402,work/glm_cropped/sub-37/GLM_run_2_block-01/DCM_sub-37_GLM_run_2_block-01_4ROI.mat,OK
sub-37,2,Block-02,2,0,-0.0165336621106386,0.0408085782797584,0.0441933230890423,0.0346619940204605,0.0463661398999091,-0.0185486576706604,0.0495287111031211,0.0389686667311801,0.048559486066993,0.0478892037846263,-0.0216107079237968,0.0401283498337484,0.0105589934356979,0.0109601798503042,0.0109072378176385,-0.000262064888262504,work/glm_cropped/sub-37/GLM_run_2_block-02/DCM_sub-37_GLM_run_2_block-02_4ROI.mat,OK
sub-37,2,Block-03,3,0,0.000928750263218715,0.00574906873200578,0.00658288283935203,0.00578882063387161,0.00191307792860339,0.00330275551710152,0.00414769712801026,0.00135721451502339,0.034417411113356,0.0373408116194403,-0.00881424426087038,0.0367871458685543,0.00273877037088912,0.0020740923376478,0.00521595242829301,0.00281243139348286,work/glm_cropped/sub-37/GLM_run_2_block-03/DCM_sub-37_GLM_run_2_block-03_4ROI.mat,OK
sub-38,1,ALL,0,1,-0.025417307600931,0.062616822906397,0.0131145401261547,0.0436740316632002,0.00626975957620716,-0.000899497314862506,0.0123315321648789,0.00261084883043029,-0.0530363531587156,-0.0786663157187692,0.0202101520364495,-0.00353642478843285,0.0910986632034884,0.102386682332582,0.0263015995091826,-0.0235866032706011,work/glm_cropped/sub-38/GLM_run_1_ALL/DCM_sub-38_GLM_run_1_ALL_4ROI.mat,OK
sub-38,1,Block-01,1,0,0.00150770515674998,0.0324787299511443,-0.0157890832825383,-0.0433849415912004,0.00333330111315916,-0.0098932202552131,-0.0131782162326261,-0.0365539939133527,0.00525348601841971,0.0172541754128504,0.00519074580461385,-0.0137756439028522,0.00733158371225385,0.0144723075256914,0.0017449564629345,0.00671443916939628,work/glm_cropped/sub-38/GLM_run_1_block-01/DCM_sub-38_GLM_run_1_block-01_4ROI.mat,OK
sub-38,1,Block-02,2,0,-0.120884959684021,0.142881358190131,-0.183245742331547,0.261874630964143,0.123563333517058,-0.0255610192836401,-0.083846585255704,0.116026708101194,-0.039120758416212,-0.0154865977373719,-0.0102934202059279,-0.0583690622647423,0.242531075923122,0.158776762314452,-0.0538657216055792,-0.102819703185812,work/glm_cropped/sub-38/GLM_run_1_block-02/DCM_sub-38_GLM_run_1_block-02_4ROI.mat,OK
sub-38,1,Block-03,3,0,-0.00970303684473563,0.0413720154417369,0.022817132483279,-0.00231523807276168,0.018836745161791,-0.00930780228044599,0.0162014383740483,0.00223397815119326,-0.000400899774975256,-0.0153760704963313,0.00731827413343208,0.0249811744442758,0.0322848926917351,0.0452985605591295,0.0225309992299898,0.00323441736313558,work/glm_cropped/sub-38/GLM_run_1_block-03/DCM_sub-38_GLM_run_1_block-03_4ROI.mat,OK
sub-38,2,ALL,0,1,-0.0155359479276994,0.0558935706889896,0.0296759346885327,0.00792686485935999,-0.0146580697264771,0.0102525637117057,0.00582417915693849,-0.0039111025065702,-0.033754242240036,-0.0431611356494137,0.0084363657550483,-0.00267863162415591,0.0444839183210806,0.0602228134160072,0.0298165782711799,-0.00152157594041326,work/glm_cropped/sub-38/GLM_run_2_ALL/DCM_sub-38_GLM_run_2_ALL_4ROI.mat,OK
sub-38,2,Block-01,1,0,0.000423585681126797,0.00430145319024486,0.0138272472243724,0.00759181313852924,0.00619632165510773,0.00332109463403039,0.0191252176130034,0.00752437761080564,0.010680293595009,0.0182325187192984,0.00856020280434312,0.00519331233396894,0.015602102385874,0.0368058770971534,-0.0399158264879002,0.00276949521539295,work/glm_cropped/sub-38/GLM_run_2_block-01/DCM_sub-38_GLM_run_2_block-01_4ROI.mat,OK
sub-38,2,Block-02,2,0,-0.0164771430128608,0.0565804843708176,-0.0256924585653777,0.00127309558228444,0.0342099586769477,-0.0191637930877792,-0.0185000269059805,0.00187421257407969,-0.0384723873264994,-0.0576154009958257,-0.022849099745573,0.0140692007782829,0.0334246016758284,0.044075873949491,-0.0180282253662621,0.00180192279037989,work/glm_cropped/sub-38/GLM_run_2_block-02/DCM_sub-38_GLM_run_2_block-02_4ROI.mat,OK
sub-38,2,Block-03,3,0,-0.0868353351696099,0.119433627672404,0.145558719871652,0.0128439065172512,0.0559301802319639,0.000956993640644455,-0.038758423750414,-0.0899158169969402,-0.0741986453545452,-0.0414116699480175,0.0290837199259514,0.00944523231868024,-0.151710354347388,-0.0990977547634479,-0.156288926049583,0.0316127522517661,work/glm_cropped/sub-38/GLM_run_2_block-03/DCM_sub-38_GLM_run_2_block-03_4ROI.mat,OK
sub-39,1,ALL,0,1,-0.139186659085185,0.15293370590076,0.164444883628402,0.137852214579721,0.137072881157366,-0.131829754563177,0.151439113365619,0.130055574303565,0.171740772792153,0.173985738197439,-0.179584435731976,0.160902787170522,0.113007668720448,0.119872485335243,0.1283735674115,-0.0931126850930809,work/glm_cropped/sub-39/GLM_run_1_ALL/DCM_sub-39_GLM_run_1_ALL_4ROI.mat,OK
sub-39,1,Block-01,1,0,-0.017827234077329,0.0443572773123694,0.0416911385604533,0.0365112757010011,0.0428469254797908,-0.0173420540871839,0.0407545796163612,0.0352914532737393,0.0471455263213676,0.0475552728595807,-0.0178559734444742,0.0394762067298931,0.023230512766966,0.0233680429060926,0.0221456520873432,-0.0060998119260012,work/glm_cropped/sub-39/GLM_run_1_block-01/DCM_sub-39_GLM_run_1_block-01_4ROI.mat,OK
sub-39,1,Block-02,2,0,-0.00496062034725943,0.0173777140329994,0.0200933879609803,0.0177941206844667,0.013525455777642,-0.00269352231652835,0.0151052379833036,0.0138247366600069,0.0379598375392441,0.0369360820135067,-0.0178397691705115,0.0370640832250027,0.0318615317102705,0.0310219980163484,0.0368690400962231,-0.0115837160989004,work/glm_cropped/sub-39/GLM_run_1_block-02/DCM_sub-39_GLM_run_1_block-02_4ROI.mat,OK
sub-39,1,Block-03,3,0,-0.0155925813186407,0.0389206179399248,0.0377078350686239,0.029107980233292,0.0349292413996551,-0.0131490347618795,0.0332970799520131,0.0260873361241636,0.0622535624306704,0.0614436334077672,-0.024545700126846,0.044909659351444,0.0136603681214182,0.0134524473127287,0.0141080295870186,-0.00180320725798082,work/glm_cropped/sub-39/GLM_run_1_block-03/DCM_sub-39_GLM_run_1_block-03_4ROI.mat,OK
sub-39,2,ALL,0,1,-0.181091359603879,0.137457308126848,0.182587586651949,0.13913572348796,0.116871492107748,-0.163398595411565,0.169779426674441,0.124285234038272,0.114620271740315,0.134382701015636,-0.255156051112789,0.134850352841038,0.117341241429303,0.123697155286769,0.169874986324182,-0.168370558053962,work/glm_cropped/sub-39/GLM_run_2_ALL/DCM_sub-39_GLM_run_2_ALL_4ROI.mat,OK
sub-39,2,Block-01,1,0,-0.0156129752005389,0.0391881348834741,0.041394998081459,0.032023185012839,0.0336524120516359,-0.0125509545163654,0.0347384395577726,0.0274953270793064,0.0247307898206996,0.0246780587045729,-0.00907484587630563,0.0207700729701064,0.0259503346923304,0.0255800624634193,0.0264467310667866,-0.00684311780322076,work/glm_cropped/sub-39/GLM_run_2_block-01/DCM_sub-39_GLM_run_2_block-01_4ROI.mat,OK
sub-39,2,Block-02,2,0,-0.00716892681440148,0.0219299279115499,0.0220270889021088,0.0274078838549275,0.0109992880987841,-0.00131861504128062,0.0110095851157298,0.0127260748062692,0.0231205989172347,0.0222370311830741,-0.007506545506553,0.0292401637716456,0.0506345873409421,0.0506910353543922,0.0498129454191888,-0.0276318946674639,work/glm_cropped/sub-39/GLM_run_2_block-02/DCM_sub-39_GLM_run_2_block-02_4ROI.mat,OK
sub-39,2,Block-03,3,0,-0.00649554623473797,0.0210363031440718,0.0179701793666163,0.017688783688248,0.01021423728416,-0.00144200683159412,0.009326095189314,0.00834321945300014,0.022274579040219,0.0227246147288454,-0.00547316033825559,0.0179489534550978,0.0417096115361776,0.0416209741845947,0.0344676108973226,-0.013243556791731,work/glm_cropped/sub-39/GLM_run_2_block-03/DCM_sub-39_GLM_run_2_block-03_4ROI.mat,OK
sub-40,1,ALL,0,1,-0.215236015530624,0.127195191197095,0.126969876749115,0.151417829450863,0.152393270282567,-0.229828298935688,0.142177428981648,0.159055934139213,0.151381734791689,0.142019808108118,-0.224587666510007,0.15784608831183,0.119601080479222,0.106261349600651,0.105029677676909,-0.175863492951802,work/glm_cropped/sub-40/GLM_run_1_ALL/DCM_sub-40_GLM_run_1_ALL_4ROI.mat,OK
sub-40,1,Block-01,1,0,-0.0231608975491461,0.0604740812335537,0.0532851875223911,0.05681847456215,0.064254019757278,-0.0305771791082777,0.0622059134341058,0.0664307435238667,0.0378797203821434,0.0412936059406404,-0.0141033557275127,0.038612583360199,0.0425243852901383,0.0464570091906295,0.0397974326523134,-0.016980839403458,work/glm_cropped/sub-40/GLM_run_1_block-01/DCM_sub-40_GLM_run_1_block-01_4ROI.mat,OK
sub-40,1,Block-02,2,0,-0.006090317109525,0.021570877941119,0.0191591910935227,0.0157856099569386,0.0245845673108218,-0.00929339665646819,0.0234575855735137,0.0189437418735266,0.0156555970970664,0.0166589481578436,-0.00351062595298426,0.0125672373425816,0.00773907830126383,0.00782052119380247,0.00739747223448812,0.000329311944840495,work/glm_cropped/sub-40/GLM_run_1_block-02/DCM_sub-40_GLM_run_1_block-02_4ROI.mat,OK
sub-40,1,Block-03,3,0,-0.0350241687885345,0.0771884935143585,0.0720207855730428,0.0657880615526841,0.074818531371008,-0.0312975962868016,0.0687665413564078,0.0619197600569353,0.10103844127291,0.0973395569756144,-0.0401413649939459,0.0826720033866178,0.0655668679151171,0.0632633857903841,0.0604146308263108,-0.0228627156659853,work/glm_cropped/sub-40/GLM_run_1_block-03/DCM_sub-40_GLM_run_1_block-03_4ROI.mat,OK
sub-40,2,ALL,0,1,-0.0169523889744299,0.0444656064685078,0.0278680464546372,0.0590195035990734,0.0469741134390356,-0.0204678666941602,0.0309138329865967,0.0656341554229191,0.0399682312583189,0.0420594953347437,-0.00948012692619895,0.0550663457378035,0.0414731017042082,0.0436600778029709,0.0277445313288158,-0.0242428097253808,work/glm_cropped/sub-40/GLM_run_2_ALL/DCM_sub-40_GLM_run_2_ALL_4ROI.mat,OK
sub-40,2,Block-01,1,0,-0.0210129155660055,0.057009954008257,0.0477413079522437,0.0452576971052203,0.0618376943410588,-0.0301825413210346,0.0581318350895281,0.0547294908861124,0.0465417049014184,0.0522489488038422,-0.0177688290661824,0.0419944157111837,0.0471328465145678,0.0529565110734789,0.0444587742822878,-0.0169297545798868,work/glm_cropped/sub-40/GLM_run_2_block-01/DCM_sub-40_GLM_run_2_block-01_4ROI.mat,OK
sub-40,2,Block-02,2,0,-0.000223385485345148,0.00839898878273212,0.00886602506690498,0.008215464972316,0.0114244078380092,-0.00209553679796866,0.0134275863447954,0.0105155957559552,0.024873731366204,0.0273653619010292,-0.0122375038363132,0.020253810304121,0.00743892162256436,0.00749068992971417,0.00786381855589808,8.13029029252463e-05,work/glm_cropped/sub-40/GLM_run_2_block-02/DCM_sub-40_GLM_run_2_block-02_4ROI.mat,OK
sub-40,2,Block-03,3,0,0.000645022409421527,0.00610065669865782,0.00655365171982123,0.0061048918381596,0.00482372175715998,0.00187185972006635,0.00504464618649539,0.00401391698372905,0.00401394870050994,0.00309423138072851,0.00175314932340244,0.00300468396173694,0.00613879918726115,0.0056051441623138,0.00618760142860879,0.00110677711887831,work/glm_cropped/sub-40/GLM_run_2_block-03/DCM_sub-40_GLM_run_2_block-03_4ROI.mat,OK
sub-42,1,ALL,0,1,0,0.0078125,0.0078125,0.0078125,0.0078125,0,0.0078125,0.0078125,0.0078125,0.0078125,0,0.0078125,0.0078125,0.0078125,0.0078125,0,work/glm_cropped/sub-42/GLM_run_1_ALL/DCM_sub-42_GLM_run_1_ALL_4ROI.mat,OK
sub-42,1,Block-01,1,0,-0.00180522111163812,0.0105958023777488,0.0111152483729626,0.0112670642980714,0.010871541530756,-0.00120707037427732,0.0105942511472842,0.0104816104758306,0.00980698728077126,0.0093508040737586,-0.000905650771302894,0.00969166005408702,-9.52771020040887e-05,0.00281114781730192,0.000521072357587662,0.00562261658249505,work/glm_cropped/sub-42/GLM_run_1_block-01/DCM_sub-42_GLM_run_1_block-01_4ROI.mat,OK
sub-42,1,Block-02,2,0,-0.0122349055040374,0.0223848871980257,0.0324921346570163,0.025111379384048,0.0151754911366557,-0.00216152574317924,0.0155248963903688,0.0131840418585844,0.0382397375914347,0.0257066488354288,-0.0150018384770007,0.0291543185372759,0.0220940277412316,0.0162151293985266,0.0222895109760251,-0.00503273703677928,work/glm_cropped/sub-42/GLM_run_1_block-02/DCM_sub-42_GLM_run_1_block-02_4ROI.mat,OK
sub-42,1,Block-03,3,0,0.00332154570705116,0.00210257001090605,0.00285448639263806,-0.00105320011255869,-0.000639503457827022,0.00363710109580664,0.00145030457551764,-0.00368816055758958,0.00280880229156768,0.00348662109730714,0.00187147453528899,0.00116817694743263,0.0131668198182129,0.0122540702628151,0.0119798569529483,-0.00399307216195134,work/glm_cropped/sub-42/GLM_run_1_block-03/DCM_sub-42_GLM_run_1_block-03_4ROI.mat,OK
sub-42,2,ALL,0,1,-0.0626471293824795,0.112854097813934,0.0452982120366589,0.0969984545161764,0.133553354786037,-0.0479068786208792,0.0436791486008369,0.0926217270026541,0.124936235528895,0.101553288660134,-0.0176822925873919,0.0877077381976865,0.116104150941644,0.094207594052099,0.0398656202898588,-0.0356264642941346,work/glm_cropped/sub-42/GLM_run_2_ALL/DCM_sub-42_GLM_run_2_ALL_4ROI.mat,OK
sub-42,2,Block-01,1,0,-0.010137471101918,0.0246355654726152,0.0219426547727862,0.0163430763558702,0.0374475017659882,-0.0118076323450521,0.0273441706520478,0.0202324642312784,0.0489889379104921,0.0407850181256117,-0.0131490177453696,0.0251155279090898,0.00230329271502614,0.00593863244021233,0.00959275217668621,0.00140920960008916,work/glm_cropped/sub-42/GLM_run_2_block-01/DCM_sub-42_GLM_run_2_block-01_4ROI.mat,OK
sub-42,2,Block-02,2,0,-0.00977468181048773,0.0241885817964943,0.00861810535485103,0.0256976209034263,0.0270671880407304,-0.00789804990292185,0.00845425329205931,0.0251713477480514,0.017866300414664,0.01616873059412,-0.00023599620283586,0.0169561624440564,0.0374188987167334,0.0322554862828777,0.00863630275656859,-0.0131269684882766,work/glm_cropped/sub-42/GLM_run_2_block-02/DCM_sub-42_GLM_run_2_block-02_4ROI.mat,OK
sub-42,2,Block-03,3,0,-0.00763317329125361,0.0224115299387385,0.0192395542695628,0.0210614876204013,0.021309298259556,-0.00635747700281591,0.0182004678888158,0.0194583671682988,0.0334388010358082,0.0321204352196432,-0.0090080216973319,0.0298117397511527,0.0199194040897633,0.0192974220184664,0.017001999187077,-0.00518854289182853,work/glm_cropped/sub-42/GLM_run_2_block-03/DCM_sub-42_GLM_run_2_block-03_4ROI.mat,OK
sub-44,1,ALL,0,1,-0.000135371109827302,-0.0370088808763883,-0.0340844023276277,0.0460682551650757,0.00923097472978718,0.0111638810922658,-0.0123257564413339,0.0285236911968982,0.00838759733503033,-0.0343343939700151,0.0200209122732504,0.0442244813723638,0.00603177280243178,-0.0594956672343118,-0.055968452064678,-0.0264367061704519,work/glm_cropped/sub-44/GLM_run_1_ALL/DCM_sub-44_GLM_run_1_ALL_4ROI.mat,OK
sub-44,1,Block-01,1,0,-0.00333345180198005,0.0128377579068135,0.000934260755866033,0.0208378400922489,0.0136581712414176,-0.00219960776205747,0.00194953719087716,0.0190585916608387,0.00776188156559348,0.008209283514679,-0.00150088699145074,0.00496808146437475,0.0136268079663684,0.0121264442504742,0.00148273491413485,-0.00578987075275826,work/glm_cropped/sub-44/GLM_run_1_block-01/DCM_sub-44_GLM_run_1_block-01_4ROI.mat,OK
sub-44,1,Block-02,2,0,-0.00605482959425048,0.0107900724641201,0.0107602211300638,0.022086187212811,0.0123427595077109,-0.000753098354302532,0.00957697055672035,0.0130945744979932,0.0185258060472144,0.0104974015652628,-0.00134908889709442,0.0203539512711052,0.0267616818528111,0.0122824467592272,0.0121327496434998,-0.010974780170121,work/glm_cropped/sub-44/GLM_run_1_block-02/DCM_sub-44_GLM_run_1_block-02_4ROI.mat,OK
sub-44,1,Block-03,3,0,-0.003517195955785,0.0105084987437018,0.00543120831381821,0.0147758955494448,0.011831058604597,-0.000818870701116886,0.00660876863689711,0.0119820483865504,0.00546542226690993,0.00712431050208321,-0.000543737054043768,0.00589415026420772,0.0341371734305612,0.017675025009495,-0.00132965029579529,-0.0126404298808786,work/glm_cropped/sub-44/GLM_run_1_block-03/DCM_sub-44_GLM_run_1_block-03_4ROI.mat,OK
sub-44,2,ALL,0,1,-0.00506818273640568,-0.00486158272399907,-0.0486686781586012,0.0451323808373577,0.0170163195873096,0.00544730519097679,-0.0413926671268424,0.040918169397556,0.0209688917087886,-0.0150991571235274,0.0486312604898185,0.0628195229518464,0.0251192332239611,-0.0170458667712204,-0.0981759701587063,-0.0324307060674093,work/glm_cropped/sub-44/GLM_run_2_ALL/DCM_sub-44_GLM_run_2_ALL_4ROI.mat,OK
sub-44,2,Block-01,1,0,-0.0577965392424506,0.0867507121874635,0.037679534680419,0.158003516882753,0.106897121149351,-0.0325974286969259,0.0437422814150475,0.130447446381734,0.199240469325332,0.148079702686177,-0.0634674229560365,0.244539210970255,0.183068227873113,0.126344356242642,0.0744038558805302,-0.0999878846889645,work/glm_cropped/sub-44/GLM_run_2_block-01/DCM_sub-44_GLM_run_2_block-01_4ROI.mat,OK
sub-44,2,Block-02,2,0,-0.00291854253434354,0.0110946587069936,0.0084744487225604,0.0137953642960845,0.00929680171527337,-0.000437167356371089,0.00854758119290399,0.00942927894752036,0.0429968891233843,0.0273840566221491,-0.00122850034714098,0.0434842924555168,0.0258984900629009,0.0179249589423067,0.00963598308418002,-0.00912906415735501,work/glm_cropped/sub-44/GLM_run_2_block-02/DCM_sub-44_GLM_run_2_block-02_4ROI.mat,OK
sub-44,2,Block-03,3,0,-0.0217650086427708,0.0400385207611269,0.0316819739601951,0.0512142683109404,0.0428277980129688,-0.0126533600322175,0.0285826324463815,0.0420104019833943,0.121837848722939,0.0894967480963215,-0.0246791128316198,0.119376039765777,0.0495342848316963,0.0376827240956248,0.0260706050486913,-0.0200240754820217,work/glm_cropped/sub-44/GLM_run_2_block-03/DCM_sub-44_GLM_run_2_block-03_4ROI.mat,OK
sub-45,1,ALL,0,1,0,0.0078125,0.0078125,0.0078125,0.0078125,0,0.0078125,0.0078125,0.0078125,0.0078125,0,0.0078125,0.0078125,0.0078125,0.0078125,0,work/glm_cropped/sub-45/GLM_run_1_ALL/DCM_sub-45_GLM_run_1_ALL_4ROI.mat,OK
sub-45,1,Block-01,1,0,-7.73949257755043e-05,0.0118183025496057,0.00382643230413279,0.0322801371088801,0.00438909610947503,-0.00129450282861445,-0.00756292337620581,0.0740394520451325,0.00637825717343957,0.00858226006756028,0.00302764102065857,0.0332506025645705,0.000615921937809696,0.00661839261247575,-0.0171460635730715,-0.0459106332281436,work/glm_cropped/sub-45/GLM_run_1_block-01/DCM_sub-45_GLM_run_1_block-01_4ROI.mat,OK
sub-45,1,Block-02,2,0,0.0104086661634712,-0.000757164698874907,-0.00860072411319959,-0.0286383123249719,0.0308912395048237,-0.0217089708174114,0.0386659867122081,0.0467403629233763,0.0121904144205879,0.0639975042210842,-0.0193818716057297,-0.0187187796497913,-0.0454704767444689,-0.0716032924544243,-0.0642513354467028,0.0384694527988428,work/glm_cropped/sub-45/GLM_run_1_block-02/DCM_sub-45_GLM_run_1_block-02_4ROI.mat,OK
sub-45,1,Block-03,3,0,-0.0159975629103931,0.0376645902950147,0.0330833698265069,0.00756804726288778,0.0129291854002117,-0.0018902630053077,0.0103915194416081,0.00392084015777333,-0.00343913727970272,-0.00316590508090963,0.00488886123855225,0.00513383513869212,-0.0638524578738048,-0.0653332765807802,-0.0591252829192605,0.0154173133156527,work/glm_cropped/sub-45/GLM_run_1_block-03/DCM_sub-45_GLM_run_1_block-03_4ROI.mat,OK
sub-45,2,ALL,0,1,-0.0837943862322434,0.248226319179957,0.0159927170102678,0.235189821375453,0.198681233713676,-0.133623957531119,-0.15364942311575,0.368256228008934,0.167169696400217,0.100973801124622,-0.126036157928138,-0.00292901639953017,0.164896895507499,0.288866728390509,-0.210443076397092,-0.154388502506139,work/glm_cropped/sub-45/GLM_run_2_ALL/DCM_sub-45_GLM_run_2_ALL_4ROI.mat,OK
sub-45,2,Block-01,1,0,-0.0439174727659497,0.14986129692926,0.110628665397774,0.1414142624721,0.126332532151547,-0.0907158531512601,0.146636279506316,0.206088279060093,0.0800668564278383,0.141896375017624,-0.0431752138218672,0.152331012939282,0.0781744027467486,0.118873458109659,0.0876730892280228,-0.0507903152576084,work/glm_cropped/sub-45/GLM_run_2_block-01/DCM_sub-45_GLM_run_2_block-01_4ROI.mat,OK
sub-45,2,Block-02,2,0,-0.00540117951153028,0.0122015145029517,0.0238528328370532,0.0277338191569705,0.0228930164040471,-0.00260596014813968,0.0307192777579552,0.0366306091246153,0.0160634745745755,0.0115474852943453,-0.00590702879881665,0.0224084964515127,0.0123465221097558,0.0100945226106781,0.0141798958249011,-0.00384059884095238,work/glm_cropped/sub-45/GLM_run_2_block-02/DCM_sub-45_GLM_run_2_block-02_4ROI.mat,OK
sub-45,2,Block-03,3,0,-0.0175208835360583,0.0193889072911584,0.0241769411290435,0.000675561588415809,-0.0231078047180907,0.00549204147374999,-0.00688743721811083,0.0123079864751577,-0.00775803909166439,0.00174849501250782,0.00387321170150349,0.00904017059069638,-0.0599732266372512,-0.0149324368496099,-0.0237243407809906,-0.00600387818244889,work/glm_cropped/sub-45/GLM_run_2_block-03/DCM_sub-45_GLM_run_2_block-03_4ROI.mat,OK
sub-46,1,ALL,0,1,0.00309701741323155,-0.00435572359586772,-0.00624540920970631,0.029171881940666,0.0022342967385012,0.0054676350907053,-0.00493050573807741,0.0265923218762238,-0.0159843670608121,-0.0359872563562052,0.028814735341086,0.0739181417372238,-0.021853774840676,-0.0455593446991252,-0.0628532529861126,-0.0364586107444621,work/glm_cropped/sub-46/GLM_run_1_ALL/DCM_sub-46_GLM_run_1_ALL_4ROI.mat,OK
sub-46,1,Block-01,1,0,-0.00941637961285062,0.0267807432298224,0.0113278123532752,0.0418578114722542,0.0352030476383172,-0.0134585086502148,0.0124096331933093,0.0570444742179019,0.0377099719051259,0.0367569887522754,-0.000690152106934011,0.0627245194937053,0.0514941438346704,0.0498834883822204,0.00906830305831825,-0.0388104979242353,work/glm_cropped/sub-46/GLM_run_1_block-01/DCM_sub-46_GLM_run_1_block-01_4ROI.mat,OK
sub-46,1,Block-02,2,0,-0.00281702733747338,0.0134091821764922,0.00931328146948195,0.0168761440544769,0.0152626510964488,-0.00367019232581121,0.00973415574651847,0.0197752907761309,0.0233731298572326,0.0232600958164884,-0.00230573233664539,0.0326016911214045,0.0176218745334013,0.017462623275777,0.00970032764132607,-0.00791319156604669,work/glm_cropped/sub-46/GLM_run_1_block-02/DCM_sub-46_GLM_run_1_block-02_4ROI.mat,OK
sub-46,1,Block-03,3,0,0.000283887323776437,0.00736401674681638,0.00893349252126059,0.00800165004472731,0.00918779466768994,-0.000705455477087665,0.00935768483531404,0.00955576187866264,0.0240618018237238,0.0235403757450238,-0.00225825992392925,0.0213405717379115,0.0202397459042293,0.019870106821291,0.0116662361428347,-0.00524296298441958,work/glm_cropped/sub-46/GLM_run_1_block-03/DCM_sub-46_GLM_run_1_block-03_4ROI.mat,OK
sub-46,2,ALL,0,1,-0.0200162167138446,0.0391930112732629,-0.0181429977123634,0.0295478082122485,0.0489959189838573,-0.015631242233984,-0.0179666359175047,0.0297800667782001,0.0652505803128602,0.051122682441296,0.0213431214634255,0.0379867822746847,0.0272051648383353,0.0229519176861728,-0.00311176826549597,-0.0051936942846893,work/glm_cropped/sub-46/GLM_run_2_ALL/DCM_sub-46_GLM_run_2_ALL_4ROI.mat,OK
sub-46,2,Block-01,1,0,-0.0378454891676159,0.0985048306046538,0.0202055564093988,0.0690009791078487,0.0929605994648715,-0.0483060493155315,0.0351649763447075,0.0675954681856247,-0.0549845929803566,-0.0751127973378599,0.0301744977483935,-0.0176554736821692,0.0959423086119967,0.101016025617954,-0.0196298854255147,-0.0418641438960971,work/glm_cropped/sub-46/GLM_run_2_block-01/DCM_sub-46_GLM_run_2_block-01_4ROI.mat,OK
sub-46,2,Block-02,2,0,-0.0132165053766234,0.034509581285246,0.0290893657156105,0.0247229949502496,0.0356235180286613,-0.013674652664696,0.0300000431659581,0.025429072077876,0.0527100039785005,0.0525913265847228,-0.0178810349623382,0.0366001922282405,0.0341375148263559,0.0340786871623151,0.0294153148800163,-0.00845186181017568,work/glm_cropped/sub-46/GLM_run_2_block-02/DCM_sub-46_GLM_run_2_block-02_4ROI.mat,OK
sub-46,2,Block-03,3,0,-0.00384359276263784,0.016599425997134,0.0145077504908638,0.0137780643141506,0.017477622461443,-0.00546192602436344,0.0163376372119865,0.0153503331751585,0.0270019264453556,0.0296429656092749,-0.00830541965526094,0.0226905156290105,0.0175470935294109,0.0188358871716248,0.016945139434563,-0.00391275800239434,work/glm_cropped/sub-46/GLM_run_2_block-03/DCM_sub-46_GLM_run_2_block-03_4ROI.mat,OK
sub-47,1,ALL,0,1,0,0.0078125,0.0078125,0.0078125,0.0078125,0,0.0078125,0.0078125,0.0078125,0.0078125,0,0.0078125,0.0078125,0.0078125,0.0078125,0,work/glm_cropped/sub-47/GLM_run_1_ALL/DCM_sub-47_GLM_run_1_ALL_4ROI.mat,OK
sub-47,1,Block-01,1,0,-0.0517083792415827,0.0994940574518045,0.0765014150608822,0.151365015894793,0.0982673714268927,-0.0378768413280542,0.0671602361625725,0.129148796681296,0.0822090147226271,0.0715902972290207,-0.0237787967866019,0.107452630853804,0.168619687256118,0.146845284014348,0.11787526807789,-0.0996420510534105,work/glm_cropped/sub-47/GLM_run_1_block-01/DCM_sub-47_GLM_run_1_block-01_4ROI.mat,OK
sub-47,1,Block-02,2,0,-0.00895484923674828,0.0261179906481378,0.0279162671754729,0.0177922537077096,0.0305469090564433,-0.0113395835035281,0.0328604671329423,0.0204795055704847,0.0435675732240486,0.0436195699848562,-0.0189275417782396,0.0281432398673944,0.00635433135088445,0.0068804662217996,0.00783237806235439,0.000809862286110644,work/glm_cropped/sub-47/GLM_run_1_block-02/DCM_sub-47_GLM_run_1_block-02_4ROI.mat,OK
sub-47,1,Block-03,3,0,-0.0110276276585454,0.0274937514919874,0.0256597213518125,0.0271466464408336,0.0272125326212749,-0.00849815756755452,0.0237228671423799,0.0243171552209803,0.059714845646499,0.0535766357403694,-0.020016095877862,0.0534320282199803,-0.00949193094159339,-0.00694081957284908,0.00289417344372285,0.011344518573107,work/glm_cropped/sub-47/GLM_run_1_block-03/DCM_sub-47_GLM_run_1_block-03_4ROI.mat,OK
sub-47,2,ALL,0,1,0,0.0078125,0.0078125,0.0078125,0.0078125,0,0.0078125,0.0078125,0.0078125,0.0078125,0,0.0078125,0.0078125,0.0078125,0.0078125,0,work/glm_cropped/sub-47/GLM_run_2_ALL/DCM_sub-47_GLM_run_2_ALL_4ROI.mat,OK
sub-47,2,Block-01,1,0,-0.00589149806924687,0.0187605516910861,0.0216401432203013,0.017320787436532,0.0223833260530965,-0.00660817784967868,0.0245237888809826,0.0190368051988812,0.0358869839243468,0.032987362107151,-0.0154054794696136,0.0279022507707806,0.0277621530551941,0.0265473981200927,0.0317082580269144,-0.00844913166528193,work/glm_cropped/sub-47/GLM_run_2_block-01/DCM_sub-47_GLM_run_2_block-01_4ROI.mat,OK
sub-47,2,Block-02,2,0,-0.00394004081328843,0.0159360905040326,0.0172231237156962,0.015818538534766,0.0188098642502395,-0.0056201331669744,0.020868306834875,0.0188643844727497,0.0176586679043326,0.0179322757456005,-0.00580972913978346,0.017723590895553,0.00806083727636824,0.00815886181890362,0.0080284512001653,2.84565136707068e-05,work/glm_cropped/sub-47/GLM_run_2_block-02/DCM_sub-47_GLM_run_2_block-02_4ROI.mat,OK
sub-47,2,Block-03,3,0,0.00261757594167242,0.00283549498440265,0.00107217825730214,0.00280803844708414,0.00412104100282573,0.00175050147250434,0.00318547538536006,0.00410275394187615,0.0150739778298251,0.0148312030389837,-0.00496224865747065,0.0139943176526053,-0.010153876865004,-0.0091481418331874,-0.0144107833388459,0.00932159199236362,work/glm_cropped/sub-47/GLM_run_2_block-03/DCM_sub-47_GLM_run_2_block-03_4ROI.mat,OK
sub-48,1,ALL,0,1,0,0.0078125,0.0078125,0.0078125,0.0078125,0,0.0078125,0.0078125,0.0078125,0.0078125,0,0.0078125,0.0078125,0.0078125,0.0078125,0,work/glm_cropped/sub-48/GLM_run_1_ALL/DCM_sub-48_GLM_run_1_ALL_4ROI.mat,OK
sub-48,1,Block-01,1,0,-0.00918573753112564,0.0280075453171547,0.00486682977793162,0.0310710586752017,0.0349381567980641,-0.0145003310365766,0.0019657609908936,0.041767964732858,0.0367940260382684,0.0390945882632831,0.00379550857374579,0.0440151040775838,0.0405746915057195,0.0441414009860334,0.00860132087546514,-0.0202978607911705,work/glm_cropped/sub-48/GLM_run_1_block-01/DCM_sub-48_GLM_run_1_block-01_4ROI.mat,OK
sub-48,1,Block-02,2,0,-0.000563512667473101,0.00821611424843481,0.0106496348354678,0.00850553763034114,-0.00218182413480732,0.00688211029989728,0.00129054527170796,0.000337492144825204,0.0300691448890461,0.035054788727847,-0.010102271606541,0.0240234771208591,0.00454906972572961,0.00279897573511135,0.00666260645753015,0.00125929579153646,work/glm_cropped/sub-48/GLM_run_1_block-02/DCM_sub-48_GLM_run_1_block-02_4ROI.mat,OK
sub-48,1,Block-03,3,0,-0.00934022764484315,0.0241425012492641,0.0155497745864919,0.0316997967942486,0.0246920358527013,-0.00726033442995244,0.0148233998341845,0.0291787194664051,0.0318037087947248,0.0286926762591658,-0.00535581100377709,0.0380036692682708,0.032782587901591,0.0294031327765627,0.0177454554984174,-0.0156077094725738,work/glm_cropped/sub-48/GLM_run_1_block-03/DCM_sub-48_GLM_run_1_block-03_4ROI.mat,OK
sub-48,2,ALL,0,1,0,0.0078125,0.0078125,0.0078125,0.0078125,0,0.0078125,0.0078125,0.0078125,0.0078125,0,0.0078125,0.0078125,0.0078125,0.0078125,0,work/glm_cropped/sub-48/GLM_run_2_ALL/DCM_sub-48_GLM_run_2_ALL_4ROI.mat,OK
sub-48,2,Block-01,1,0,-0.0419619337684991,0.0980007964611547,0.131336344308164,0.0683591481545238,0.139070609938254,-0.066349089139007,0.194997717685176,0.0907452509107154,0.20514753120158,0.223089834312428,-0.125334614975439,0.128957165917095,0.0226076172716571,0.00976360195115888,0.0242896506735835,-0.0134226213523127,work/glm_cropped/sub-48/GLM_run_2_block-01/DCM_sub-48_GLM_run_2_block-01_4ROI.mat,OK
sub-48,2,Block-02,2,0,2.74571034677206e-05,0.00165159697471945,0.00171166434156005,0.0220193381953044,0.00737245792244666,0.00534306663769652,-0.00277757879061388,0.0307883736419543,0.00774721614074764,-0.00326186133857679,0.00550509692669443,0.0334976940621395,0.00702567981825113,-0.0079961366409038,-0.00794618659511539,-0.0164947535682015,work/glm_cropped/sub-48/GLM_run_2_block-02/DCM_sub-48_GLM_run_2_block-02_4ROI.mat,OK
sub-48,2,Block-03,3,0,0.000175879853615501,0.00743340443755614,0.00885037849856456,0.00740759320378099,0.0117759822453573,-0.0025063391822794,0.0101242091502127,0.0132387440203603,0.0287472630460493,0.0341742015729697,-0.00411429051948822,0.0362421976972014,0.0133438240537525,0.0148200809160785,0.0108009806715919,-0.00376320633773066,work/glm_cropped/sub-48/GLM_run_2_block-03/DCM_sub-48_GLM_run_2_block-03_4ROI.mat,OK
sub-49,1,ALL,0,1,-0.00686621796355203,0.0160320365501709,0.0154585912615333,0.023199451536634,0.0194490322193888,-0.003507077119524,0.014457253856219,0.0207176846752363,0.0285088703190007,0.0198939803144392,-0.00548858158340289,0.031019568866465,0.0175506195701364,0.0136385978368601,0.013249417591023,-0.00540756630105907,work/glm_cropped/sub-49/GLM_run_1_ALL/DCM_sub-49_GLM_run_1_ALL_4ROI.mat,OK
sub-49,1,Block-01,1,0,-0.00657550497613524,0.0212458490529895,0.0231755960974831,0.0170002328445807,0.0216963455309808,-0.00698104144282864,0.0242256772486762,0.0173892741497657,0.0430438677164495,0.0434287987490219,-0.017644321646855,0.0329708185896033,0.010159271248364,0.0102338983238082,0.0128537983333864,-0.000637495594461222,work/glm_cropped/sub-49/GLM_run_1_block-01/DCM_sub-49_GLM_run_1_block-01_4ROI.mat,OK
sub-49,1,Block-02,2,0,0.00226277898451501,0.00370739224488788,0.00468845377035343,0.00308442982062671,0.00337581855349449,0.0020262136444491,0.004577244123326,0.00324873799086894,0.045082549663358,0.0422239131532185,-0.0325119275635541,0.0236782431429854,-0.00927055319156488,-0.00791189702648553,-0.0188918581638644,0.00479904267206581,work/glm_cropped/sub-49/GLM_run_1_block-02/DCM_sub-49_GLM_run_1_block-02_4ROI.mat,OK
sub-49,1,Block-03,3,0,-0.00967775464051794,0.0265555065719814,0.0230235736445924,0.0197129692388526,0.0191971385919913,-0.00518329093719854,0.0167358788148354,0.0147321844335335,0.0195530314744792,0.0189189541223561,-0.00455012009771942,0.0149528750557239,0.0134549332013406,0.0128921774251119,0.0122492909384968,-0.00170864116383422,work/glm_cropped/sub-49/GLM_run_1_block-03/DCM_sub-49_GLM_run_1_block-03_4ROI.mat,OK
sub-49,2,ALL,0,1,-0.228150413953291,0.148148449342565,0.0789264288784438,0.173355385595462,0.161091392957341,-0.226750025896674,0.0894528886796135,0.175206709061613,0.196531960184925,0.188340524743511,-0.198090525848813,0.187482214025939,0.135156076890243,0.12738755335134,0.0494646513008325,-0.185398427076634,work/glm_cropped/sub-49/GLM_run_2_ALL/DCM_sub-49_GLM_run_2_ALL_4ROI.mat,OK
sub-49,2,Block-01,1,0,-0.0144793187660579,0.0334964613819239,0.0209599620258464,0.030204005898091,0.0332289655765391,-0.0110232647333169,0.0192901696161306,0.0268954956856508,0.0160787971833647,0.0153234639971532,-0.0020343033857527,0.0130638647362882,0.0116409768196753,0.0114029678355454,0.00985502423178127,-0.00100382473949684,work/glm_cropped/sub-49/GLM_run_2_block-01/DCM_sub-49_GLM_run_2_block-01_4ROI.mat,OK
sub-49,2,Block-02,2,0,-0.00978258671791567,0.0238396368798956,0.0103599612205328,0.0228783950159603,0.0301884132666146,-0.0089717173326904,0.0105373510778177,0.0248403783180262,0.0341394495186342,0.0293062607662039,-0.00195698890248595,0.0279924648921818,0.0256891826966457,0.0222698186395721,0.00995668425596176,-0.00675054403221943,work/glm_cropped/sub-49/GLM_run_2_block-02/DCM_sub-49_GLM_run_2_block-02_4ROI.mat,OK
sub-49,2,Block-03,3,0,-0.0144772977277637,0.0370897042814947,0.0503638496202872,0.0260721820526212,0.0474694326763624,-0.0192202236170443,0.0639661009569402,0.0321414723375176,0.105193841937344,0.103013059182355,-0.0639755317084041,0.0669431946595271,0.0274593408438952,0.0279149022061376,0.0377450974597794,-0.00626327924098767,work/glm_cropped/sub-49/GLM_run_2_block-03/DCM_sub-49_GLM_run_2_block-03_4ROI.mat,OK
