Subject,Run,Condition,BlockIndex,IsALL,A_vOTC_to_vOTC,A_lOTC_to_vOTC,A_V1_L_to_vOTC,A_IFG_L_to_vOTC,A_vOTC_to_lOTC,A_lOTC_to_lOTC,A_V1_L_to_lOTC,A_IFG_L_to_lOTC,A_vOTC_to_V1_L,A_lOTC_to_V1_L,A_V1_L_to_V1_L,A_IFG_L_to_V1_L,A_vOTC_to_IFG_L,A_lOTC_to_IFG_L,A_V1_L_to_IFG_L,A_IFG_L_to_IFG_L,FilePath,Status
sub-01,1,ALL,0,1,-0.0680356249050357,0.172832735432871,0.162691273816706,0.0953215122913848,0.176330917918909,-0.0858365433021945,0.187536926217215,0.109623901955164,0.187067369508183,0.208204749949757,-0.0869071555261677,0.116160578006659,0.0876640091854081,0.0996456003744335,0.0875011437891135,-0.0215597171895565,work/glm/sub-01/GLM_run_1_ALL/DCM_sub-01_GLM_run_1_ALL_4ROI.mat,OK
sub-01,1,Block-01,1,0,-0.0028260839561735,0.0140591824652173,0.012385036288259,0.00935311330639431,0.0175704227023474,-0.00523776418420933,0.0171414663499614,0.011898671116636,-0.00790619590337788,-0.00864591970475711,0.00959568793181218,-0.0026689572269568,-0.0108765447692943,-0.0116104380207383,-0.0159273371497796,0.00682976909612156,work/glm/sub-01/GLM_run_1_block-01/DCM_sub-01_GLM_run_1_block-01_4ROI.mat,OK
sub-01,1,Block-02,2,0,-0.000379173321370356,0.00841392703131054,0.00901953634253762,0.00858379499417758,0.00861997193473741,-0.000319884032084733,0.00909728495710504,0.00863299890650752,0.00837994866345739,0.00826208734091936,-0.000449976862538061,0.00839082284752909,0.00862071143556126,0.00845386821290799,0.00909678876482403,-0.000410291575195088,work/glm/sub-01/GLM_run_1_block-02/DCM_sub-01_GLM_run_1_block-02_4ROI.mat,OK
sub-01,1,Block-03,3,0,-0.0481563510878023,-0.0321530606307807,0.493516305600996,0.324948121248282,0.0855274740017317,0.0447339731305656,0.471904103656584,0.342876417739832,0.0239859896252588,-0.22592724140261,-0.300127076703657,0.425245920250517,0.0468029635428424,-0.118837914431677,0.569927725132962,-0.132143720934681,work/glm/sub-01/GLM_run_1_block-03/DCM_sub-01_GLM_run_1_block-03_4ROI.mat,OK
sub-01,2,ALL,0,1,-0.0586107738736437,0.133978648124986,0.121011133751253,0.11690541692882,0.132187336892984,-0.0603617006977374,0.121918751280211,0.117732922835292,0.122738524237194,0.125092865184495,-0.0506960397468705,0.109799796435874,0.108442491067299,0.110757171789278,0.100153132235015,-0.0427673550499443,work/glm/sub-01/GLM_run_2_ALL/DCM_sub-01_GLM_run_2_ALL_4ROI.mat,OK
sub-01,2,Block-01,1,0,-0.000703666784358997,0.00939200014258999,0.00937230057753432,0.00853430227132194,0.0130145111586585,-0.00269773548880697,0.0138925401463707,0.0111357529251021,0.00851818358913307,0.00893762342998341,-0.000240933772838061,0.00761333778426989,0.000578836187234936,0.000663449285159965,-0.000967862676436334,0.00263705506959198,work/glm/sub-01/GLM_run_2_block-01/DCM_sub-01_GLM_run_2_block-01_4ROI.mat,OK
sub-01,2,Block-02,2,0,-0.000350376260840826,0.00855148334196135,0.00818626207009357,0.00840655074098878,0.00839388044589887,-0.000306207263755208,0.00812197494959658,0.00830560366488289,0.00856889952754805,0.00860990499067466,-0.000201258785007615,0.00845211676872078,0.00842954323016023,0.00846266232673897,0.00814452147068128,-0.000260852395813829,work/glm/sub-01/GLM_run_2_block-02/DCM_sub-01_GLM_run_2_block-02_4ROI.mat,OK
sub-01,2,Block-03,3,0,-0.167207100845059,0.304319751677322,-0.219182221773762,0.464498035893317,0.391596168795697,-0.131198472601448,-0.208019981628973,0.447131852031801,0.339176864422016,0.311098195268613,0.16600142503932,0.366513220944754,0.334675429928775,0.236641678516472,-0.245013123705633,-0.168058831980716,work/glm/sub-01/GLM_run_2_block-03/DCM_sub-01_GLM_run_2_block-03_4ROI.mat,OK
sub-02,1,ALL,0,1,-0.0661308863285881,0.141721096580901,0.179601065597192,0.133808581769965,0.1374566970987,-0.0577031863550064,0.165095352721842,0.123128532138708,0.181081844950884,0.171688782076551,-0.0925576526970042,0.159874701059715,0.119647177773844,0.11355054444412,0.142435063354186,-0.0469906114043545,work/glm/sub-02/GLM_run_1_ALL/DCM_sub-02_GLM_run_1_ALL_4ROI.mat,OK
sub-02,1,Block-01,1,0,-0.00116541504461119,0.0113670852784923,0.00917266943976797,0.00788865305315078,0.0218785755980807,-0.00743392277595292,0.0241114749587974,0.0145749104664478,-0.00316734814063065,-0.00197242605357706,0.00764257643126581,0.000636100582973867,-0.00439721020049059,-0.0025331237350589,-0.00973703623425224,0.00427296981950037,work/glm/sub-02/GLM_run_1_block-01/DCM_sub-02_GLM_run_1_block-01_4ROI.mat,OK
sub-02,1,Block-02,2,0,-0.000120143195361181,0.00797113723192622,0.00793409602274701,0.00846300145780638,0.00800385501658409,-6.32879268705965e-05,0.00790985410989167,0.00832824998909726,0.00793361288416618,0.00789208843702354,-3.03783656867218e-05,0.00814183715478089,0.00803233732145403,0.00795607531970966,0.00792142555538975,-0.000301041693014085,work/glm/sub-02/GLM_run_1_block-02/DCM_sub-02_GLM_run_1_block-02_4ROI.mat,OK
sub-02,1,Block-03,3,0,-0.0748425915894403,0.12604843009904,0.150533211251703,0.196321809972424,0.158082371252036,-0.0529452042457849,0.140121723591781,0.179090822394028,0.134961138500813,0.0989160233969748,-0.0532359028440735,0.158539742061177,0.135369614089622,0.0912804293751625,0.120885448671695,-0.0751585684824042,work/glm/sub-02/GLM_run_1_block-03/DCM_sub-02_GLM_run_1_block-03_4ROI.mat,OK
sub-02,2,ALL,0,1,-0.00387571648157717,0.0134967707045633,0.0150163989140225,0.0138542443118675,0.0174582363678554,-0.00352644030878153,0.016645989355722,0.015414713236923,-0.0111137930294925,-0.00719179080534353,0.00690834586413254,-0.0106400718615661,0.0359731124143087,0.0291826340991252,0.0313587478785992,-0.0120689427631455,work/glm/sub-02/GLM_run_2_ALL/DCM_sub-02_GLM_run_2_ALL_4ROI.mat,OK
sub-02,2,Block-01,1,0,-0.0105774181208167,0.0263641501779395,0.0257616178448031,0.03010834137192,0.0213486922686237,-0.00575453837459409,0.0199374993144507,0.0235267032830123,0.0306293735801322,0.0276075669281252,-0.00955880564070322,0.0318386914669614,0.0487425019676823,0.0440035481653491,0.0396248059984357,-0.0183447827790944,work/glm/sub-02/GLM_run_2_block-01/DCM_sub-02_GLM_run_2_block-01_4ROI.mat,OK
sub-02,2,Block-02,2,0,0.000489611143396272,0.00688757540625927,0.00718143573411285,0.00675209588821426,0.00688442676451517,0.000437834308946706,0.00721496234317365,0.00680792976195319,0.00703192662022723,0.00707488066818364,0.000253343370953385,0.00696848052069058,0.00698752052066046,0.00703339943401873,0.00727927735667343,0.000445986601489553,work/glm/sub-02/GLM_run_2_block-02/DCM_sub-02_GLM_run_2_block-02_4ROI.mat,OK
sub-02,2,Block-03,3,0,-0.0445094007031258,0.0644892717420619,0.0621977747848957,0.0646795670801395,0.0637619978540855,-0.0438856259168566,0.0588939041537391,0.0609286559662749,0.0593667459392679,0.0569561847641736,-0.0573213229645022,0.0632521532097514,0.0582375012581784,0.0559940978307014,0.05927182599306,-0.0480079927812124,work/glm/sub-02/GLM_run_2_block-03/DCM_sub-02_GLM_run_2_block-03_4ROI.mat,OK
sub-03,1,ALL,0,1,-0.0530798517863167,0.0990937728786552,0.139054504694711,0.105141228003716,0.102003812474411,-0.0376284381986926,0.118825513164892,0.0902900190437152,0.137689642194721,0.115089449745148,-0.0719334788691869,0.121449748060512,0.0887653845037798,0.0735988606907918,0.104508749934787,-0.0345517757003421,work/glm/sub-03/GLM_run_1_ALL/DCM_sub-03_GLM_run_1_ALL_4ROI.mat,OK
sub-03,1,Block-01,1,0,0.00656200732474247,-0.00363011193893785,-0.0130939470328908,0.00551337383769894,0.00597457359876841,0.000366993793467831,0.00571322559966152,0.00734390128875559,-7.66787133466007e-05,0.00121353180680764,0.00620341515333007,0.00636970022431142,-0.00165090021698004,-0.000373719116607689,-0.00724814305455165,0.000843849325047143,work/glm/sub-03/GLM_run_1_block-01/DCM_sub-03_GLM_run_1_block-01_4ROI.mat,OK
sub-03,1,Block-02,2,0,-0.000259609038870856,0.00764074508882527,0.00794683298560801,0.00911410847898763,0.00832186685534273,8.03914339495256e-05,0.00794816505461558,0.00907940646511212,0.00807468392486197,0.00773230674737636,-3.56181108213227e-05,0.0084617189728778,0.008259366246953,0.00765255794155179,0.00792149307241923,-0.000566679490465092,work/glm/sub-03/GLM_run_1_block-02/DCM_sub-03_GLM_run_1_block-02_4ROI.mat,OK
sub-03,1,Block-03,3,0,-0.150750732057018,0.261447690992229,-0.0259305320184031,0.519462559503727,0.344691473379963,-0.113782686678647,0.00324518117192546,0.468753219949664,0.312205204261523,0.288217839699074,-0.101584287353285,0.245462941606983,0.206260540783241,0.0905289640476274,-0.257565844148443,-0.203643958172244,work/glm/sub-03/GLM_run_1_block-03/DCM_sub-03_GLM_run_1_block-03_4ROI.mat,OK
sub-03,2,ALL,0,1,-0.000259392778651117,0.00760904523022887,0.00681149803723331,0.00766462192820213,0.00826257315843505,8.91711611300651e-05,0.00694005372081385,0.00768248282710651,0.00796363351877299,0.00774856289756749,0.000150770396198172,0.00776519631174927,0.00815890804545944,0.0076742314632617,0.00713900208339162,5.04474083471393e-05,work/glm/sub-03/GLM_run_2_ALL/DCM_sub-03_GLM_run_2_ALL_4ROI.mat,OK
sub-03,2,Block-01,1,0,-0.0611197051890615,0.203854611233498,0.206481683304903,0.0722366530156937,0.188567694983091,-0.0861191237054363,0.234811964661548,0.0834913994603731,0.154914021511243,0.203022765465115,-0.0821764170809908,0.0481279845160282,0.105754078787363,0.131138311859497,0.134433953473967,-0.0167141837140636,work/glm/sub-03/GLM_run_2_block-01/DCM_sub-03_GLM_run_2_block-01_4ROI.mat,OK
sub-03,2,Block-02,2,0,-0.000199944048360927,0.00794860478004743,0.0084803134745722,0.0076582390155256,0.00818950730937014,-6.41377742078117e-05,0.00844185754063146,0.00766754202778581,0.00819917263099645,0.0079435670191049,-0.000322585494479583,0.00766213249274063,0.00821883814279211,0.00795225470814678,0.0084895053190988,7.64957125283576e-05,work/glm/sub-03/GLM_run_2_block-02/DCM_sub-03_GLM_run_2_block-02_4ROI.mat,OK
sub-03,2,Block-03,3,0,-0.102814429067728,0.339947085950069,0.532454751642174,-0.0172597322987582,0.210003351003487,-0.14426178576709,0.634301920107592,-0.0695781216113429,0.0766620454127804,0.281544370614965,-0.313880793431307,-0.265254544682053,0.186915424108348,0.249705224765233,0.248025320811972,0.0139062375041399,work/glm/sub-03/GLM_run_2_block-03/DCM_sub-03_GLM_run_2_block-03_4ROI.mat,OK
sub-04,1,ALL,0,1,-0.00920228133801661,0.0123367283750445,0.0265800650728821,0.0205371583297788,0.027743365332256,-0.00245562051327824,0.0280504996539111,0.021504074428675,0.0284528270057136,0.012853162995688,-0.0104094323734139,0.0220064732348379,0.0167882569775369,0.00999677283180716,0.0169162022690027,-0.00308062994185511,work/glm/sub-04/GLM_run_1_ALL/DCM_sub-04_GLM_run_1_ALL_4ROI.mat,OK
sub-04,1,Block-01,1,0,-0.00151153789881337,0.0114482616116155,0.0108635883457263,0.0103538762744249,0.0192533699574209,-0.00578772383966823,0.0198645272662636,0.0160089048442104,0.00942760045459435,0.0102573439452056,-0.000737646922676142,0.00950693705105927,0.0115975361791506,0.0125498820775881,0.0115623758356115,-0.00164618969955543,work/glm/sub-04/GLM_run_1_block-01/DCM_sub-04_GLM_run_1_block-01_4ROI.mat,OK
sub-04,1,Block-02,2,0,-0.000227027832061038,0.00756959234355332,0.00779197142341871,0.00811914939170678,0.00830349766197422,0.000131052732100703,0.0077904935592409,0.00814373138820539,0.00827997278181967,0.00756291154995302,1.04398332866754e-05,0.00812794537438135,0.00827553376374383,0.00756375392849864,0.007790766054374,-0.000156023028033868,work/glm/sub-04/GLM_run_1_block-02/DCM_sub-04_GLM_run_1_block-02_4ROI.mat,OK
sub-04,1,Block-03,3,0,-0.173972252944582,0.323558580657187,0.34694264458622,-0.280886195066538,0.383679644920267,-0.128265897013715,0.316882313007886,-0.264173379891478,0.381752261482418,0.293460573093359,-0.135297336146463,-0.247978481298163,0.242227221013851,0.224936390697563,0.220239857954868,0.0296388931265438,work/glm/sub-04/GLM_run_1_block-03/DCM_sub-04_GLM_run_1_block-03_4ROI.mat,OK
sub-04,2,ALL,0,1,0.0048055631655547,-0.0230070574873355,-0.0353585348299052,0.0350173346258775,-0.000253801007896785,0.0131487951898862,-0.0285662242455114,0.0307335254330487,-0.00035210761629644,-0.0190307816593536,0.0191963286848997,0.0318950994130981,-0.00712193141262252,-0.0388593378345769,-0.0573307329680093,-0.0197051562737191,work/glm/sub-04/GLM_run_2_ALL/DCM_sub-04_GLM_run_2_ALL_4ROI.mat,OK
sub-04,2,Block-01,1,0,0.00872827699618554,-0.00582979658752378,-0.00944742476156775,-0.0124219007373199,-0.0115582126952761,0.00771463721250509,-0.0114354830764892,-0.0147241857565931,-0.00322185673643815,-0.00120129500053594,0.00533382782214867,-0.00445531610470192,-0.00118127621426082,0.000720728113958333,-0.00114890965125834,0.0052785941523277,work/glm/sub-04/GLM_run_2_block-01/DCM_sub-04_GLM_run_2_block-01_4ROI.mat,OK
sub-04,2,Block-02,2,0,-0.00024674427769059,0.00810368703142986,0.00802400375522141,0.00921444279101056,0.00833808080368979,-0.000154434894584187,0.00803636302071083,0.00930859037456668,0.00836046935596371,0.00813401929440192,-0.000116180738619014,0.00937525396604666,0.00831736976563517,0.00810733950365986,0.00802469450406057,-0.000722959648551318,work/glm/sub-04/GLM_run_2_block-02/DCM_sub-04_GLM_run_2_block-02_4ROI.mat,OK
sub-04,2,Block-03,3,0,-0.115342754575053,0.220377321577131,0.405764917684275,0.0210101740831676,0.128163701959086,-0.193781764802004,0.456565981560704,-0.0311343177755923,0.10772352594681,0.261348669043202,-0.319273518294914,-0.130403893680326,0.144720811724202,0.195841159104968,0.332020690226754,-0.0462135389160951,work/glm/sub-04/GLM_run_2_block-03/DCM_sub-04_GLM_run_2_block-03_4ROI.mat,OK
sub-05,1,ALL,0,1,0.0264980068188759,-0.0469074145838527,-0.0538805212667268,-0.0189879908066428,-0.0456852008354806,0.0291809336369738,-0.0563465869188678,-0.0197523233608486,-0.0206034626266127,-0.0222181084409267,0.0165652092973259,-0.00808078784457594,-0.0446653377659764,-0.0477731670278656,-0.0544264128946375,0.0140111766165792,work/glm/sub-05/GLM_run_1_ALL/DCM_sub-05_GLM_run_1_ALL_4ROI.mat,OK
sub-05,1,Block-01,1,0,-0.00311994342051139,0.0140538597711037,0.0149712209075602,0.0126038484589758,0.0138989166113482,-0.0030188481354079,0.0147629077640558,0.0124752314877626,0.0164160302925257,0.0163832483378336,-0.00488852174158807,0.0143894787539279,0.0110424878038671,0.0110228701616305,0.0114651253477058,-0.00127132424901402,work/glm/sub-05/GLM_run_1_block-01/DCM_sub-05_GLM_run_1_block-01_4ROI.mat,OK
sub-05,1,Block-02,2,0,0.000839008009841253,0.00625148721785306,0.0069194986424902,0.00635868265248611,0.0061349548692261,0.000780066039531988,0.006919955589514,0.00635927895637202,0.00634770379064139,0.00645023080394853,0.00038889987538196,0.00654382522406163,0.00613903132115377,0.00625598971565109,0.00692248759091015,0.000724741340887308,work/glm/sub-05/GLM_run_1_block-02/DCM_sub-05_GLM_run_1_block-02_4ROI.mat,OK
sub-05,1,Block-03,3,0,-0.0486572800062043,0.0754192827024674,0.0664637628463242,0.0618061411971201,0.0752846146307481,-0.0491534200173895,0.0669987163728261,0.0619670781671114,0.0649824608107919,0.0660376290833497,-0.0470641520679788,0.0544312769507581,0.0574191907187839,0.0570949316150344,0.0501284112350157,-0.0413085053071659,work/glm/sub-05/GLM_run_1_block-03/DCM_sub-05_GLM_run_1_block-03_4ROI.mat,OK
sub-05,2,ALL,0,1,-0.0579216386694536,0.120856770745442,0.138507316549736,0.126045984602812,0.116663105739647,-0.0479249651488867,0.124151281217211,0.112496502587492,0.152401389549072,0.141242875731292,-0.0724117918061246,0.146746381321403,0.115524934149344,0.106875507477561,0.12116699139308,-0.0499643323569874,work/glm/sub-05/GLM_run_2_ALL/DCM_sub-05_GLM_run_2_ALL_4ROI.mat,OK
sub-05,2,Block-01,1,0,0.00978308425333062,-0.0104998322938726,-0.0178268429144056,-0.0110398763149442,-0.0128371193485745,0.00982994602414773,-0.0196750456752814,-0.0123092698019491,-0.00490377431847511,-0.00427467146420524,0.00829462240798243,-0.00447681018994828,-0.00830792612476354,-0.00728006348686154,-0.0142072448951042,0.00797570521925387,work/glm/sub-05/GLM_run_2_block-01/DCM_sub-05_GLM_run_2_block-01_4ROI.mat,OK
sub-05,2,Block-02,2,0,-0.000378357406358108,0.00833413890441201,0.00783896050025383,0.00949825859739592,0.00853473936733808,-0.00024867297480061,0.00783779462132128,0.00942027074183066,0.0087095541414415,0.00843085763392288,-1.62004759591146e-05,0.00980765180376144,0.00838414043876218,0.00820410951062762,0.007825491588034,-0.000640752864872518,work/glm/sub-05/GLM_run_2_block-02/DCM_sub-05_GLM_run_2_block-02_4ROI.mat,OK
sub-05,2,Block-03,3,0,-1.05991324730727e-05,0.00783369040059066,0.00783143591590867,0.00783303566032164,0.00783391099424966,-1.0698908657243e-05,0.00783162392477293,0.00783323930095363,0.00783191281332941,0.00783190324818721,-8.66911879641797e-06,0.00783130416837164,0.00783282056906956,0.00783281055098095,0.00783064970291244,-9.8402993544816e-06,work/glm/sub-05/GLM_run_2_block-03/DCM_sub-05_GLM_run_2_block-03_4ROI.mat,OK
sub-06,1,ALL,0,1,-0.108649012036486,0.181184382271166,0.181777254762468,0.068602359425603,0.183400209915637,-0.139193528344372,0.208408945494743,0.07872483941296,0.221580912309836,0.244303784582647,-0.16711076165862,0.0983311580917653,0.0548747252223821,0.0675767155347278,0.0647371724709056,-0.00726480312108832,work/glm/sub-06/GLM_run_1_ALL/DCM_sub-06_GLM_run_1_ALL_4ROI.mat,OK
sub-06,1,Block-01,1,0,-0.00147593610323846,0.0113374352164167,0.0118177754847268,0.00839327932698328,0.0172567542722698,-0.00483857035222053,0.0196089759155433,0.0104042488328294,0.0197831458296775,0.0198202455953691,-0.00731931758807816,0.0112592734121965,-0.000716947086486954,0.000652209676737891,-0.00179959259014799,0.00157654565587814,work/glm/sub-06/GLM_run_1_block-01/DCM_sub-06_GLM_run_1_block-01_4ROI.mat,OK
sub-06,1,Block-02,2,0,-8.50147220848784e-05,0.0073309063822321,0.00783445996021661,0.00867464488833898,0.00798706455866824,0.00024253700208425,0.00783706015756093,0.00868481599254604,0.00799890682388519,0.00728750024318407,-1.23365800275713e-05,0.0087535786333614,0.00794333688294244,0.00743551778930542,0.00782787447576219,-0.00033505332442438,work/glm/sub-06/GLM_run_1_block-02/DCM_sub-06_GLM_run_1_block-02_4ROI.mat,OK
sub-06,1,Block-03,3,0,0.0539367893972474,0.390008897875031,0.406041797920635,0.0900332823136462,-0.187247404163091,-0.185662467758734,0.489869165742819,0.0574924353274297,-0.189687793772023,0.495075848680874,-0.213173804391828,0.0699949584539815,-0.0527968348974577,0.296684611736163,0.316447236792131,-0.0318969080435162,work/glm/sub-06/GLM_run_1_block-03/DCM_sub-06_GLM_run_1_block-03_4ROI.mat,OK
sub-06,2,ALL,0,1,-0.0140608577235126,0.0266273479638304,0.0396872019543989,0.0382471773374307,0.0259784175800336,-0.00601944868376781,0.0280863433679208,0.0274743703696651,0.0400095011895643,0.0291954023401979,-0.0177059446850387,0.0424786785074809,0.0525733745018868,0.0372669874288224,0.0579774263422393,-0.0232831740240347,work/glm/sub-06/GLM_run_2_ALL/DCM_sub-06_GLM_run_2_ALL_4ROI.mat,OK
sub-06,2,Block-01,1,0,-0.00526796134954201,0.0157545577119837,0.025837398780718,0.0242785389549188,0.0168604733706486,-0.00345517022752082,0.0225543719225097,0.0214600942668275,0.020341932420194,0.0171341682942835,-0.0107301985526823,0.0275087587886681,0.021787230329895,0.0181837869667492,0.0320731945914547,-0.0109031834498417,work/glm/sub-06/GLM_run_2_block-01/DCM_sub-06_GLM_run_2_block-01_4ROI.mat,OK
sub-06,2,Block-02,2,0,-2.1843828927924e-05,0.00779048371663027,0.00771553751224377,0.00779461361943816,0.00785908275658855,1.18018284017329e-05,0.00770873120034805,0.0077933551641165,0.00788002994840156,0.00777739168404337,7.61968504061313e-05,0.00778398851048167,0.00784732425201427,0.00779463848595228,0.00773448878068964,7.25660204926877e-06,work/glm/sub-06/GLM_run_2_block-02/DCM_sub-06_GLM_run_2_block-02_4ROI.mat,OK
sub-06,2,Block-03,3,0,-8.77052997851147e-06,0.00782965044474137,0.0078296953577201,0.00783199994232549,0.00782994259813001,-8.52488588756479e-06,0.00782959664601944,0.00783188780727899,0.00783051170741886,0.00783010868074146,-8.82618708480859e-06,0.00783251878766192,0.00783131048333928,0.00783088918533271,0.00783093734260523,-1.04529220360027e-05,work/glm/sub-06/GLM_run_2_block-03/DCM_sub-06_GLM_run_2_block-03_4ROI.mat,OK
sub-07,1,ALL,0,1,-0.0219706237721521,0.041230310072314,0.0567138974759257,0.040953198093332,0.0309130363605743,-0.0084373681372655,0.0327169443417255,0.0262072043160999,0.0535400633980785,0.0418450579438339,-0.0243486581241891,0.0418742178112142,0.0614372469058175,0.0479100054353566,0.0664756318362626,-0.0190390409557141,work/glm/sub-07/GLM_run_1_ALL/DCM_sub-07_GLM_run_1_ALL_4ROI.mat,OK
sub-07,1,Block-01,1,0,0.00029891773781124,0.00751210443040935,0.00728042260962217,0.00757177842189967,0.00724601054723201,0.000139303575522961,0.00731046180213968,0.00759144762356038,0.00755375981371393,0.00768422808131063,0.000115302223847643,0.00771065213737172,0.00740488604158845,0.00761101523100166,0.00745117446148278,8.0124513068862e-05,work/glm/sub-07/GLM_run_1_block-01/DCM_sub-07_GLM_run_1_block-01_4ROI.mat,OK
sub-07,1,Block-02,2,0,8.54182674365139e-05,0.00727848221242369,0.00748733818015236,0.00787859982686319,0.00771516221898618,0.000146700928111394,0.00763118274047048,0.00784305286950394,0.00771758606146358,0.00752554841521324,8.8394324891656e-05,0.00784276571165761,0.00760252326091932,0.0071433614120586,0.00740782045633775,-4.49304581624017e-05,work/glm/sub-07/GLM_run_1_block-02/DCM_sub-07_GLM_run_1_block-02_4ROI.mat,OK
sub-07,1,Block-03,3,0,-0.0671642030852297,0.149223196684669,0.149020665755039,0.135687119187587,0.152840268988279,-0.0629418139027598,0.149495737114337,0.127572178066588,0.160027954904747,0.152432342461416,-0.066036341419795,0.136736509727632,0.114625521123654,0.107409034571776,0.105497446760829,-0.0429335184844925,work/glm/sub-07/GLM_run_1_block-03/DCM_sub-07_GLM_run_1_block-03_4ROI.mat,OK
sub-07,2,ALL,0,1,-0.000286880885289265,0.00316762521661219,0.00763602674105713,0.0083396562898484,0.00807978640479815,0.00110000207348875,0.0077213422136392,0.00804806721222304,0.00792022848470623,0.00691241567244883,1.90420601599475e-05,0.00791048553260251,0.00820714529405359,0.00448590614924115,0.00766781555146223,-0.000179760627735829,work/glm/sub-07/GLM_run_2_ALL/DCM_sub-07_GLM_run_2_ALL_4ROI.mat,OK
sub-07,2,Block-01,1,0,-1.34414912226789e-06,0.00781914923207052,0.00780698352647204,0.00781281087811555,0.00778424711135637,3.31725676166747e-05,0.00786328921549219,0.00780715377131189,0.00785110530967627,0.00790584539216972,3.73726312537677e-05,0.00781822653992627,0.00787760707554981,0.0079698312835611,0.00768659291312919,-4.86170093075184e-06,work/glm/sub-07/GLM_run_2_block-01/DCM_sub-07_GLM_run_2_block-01_4ROI.mat,OK
sub-07,2,Block-02,2,0,-0.000124762896541097,0.00754574407511352,0.0079311464093059,0.00813714677250323,0.00798186551296457,8.72913027396887e-05,0.00789457012031659,0.00803078399767891,0.00799443104231456,0.00761592390299691,-4.29352609466711e-05,0.00804924727312423,0.00788915328295158,0.007738037167541,0.00785081205148242,-4.93573886066644e-05,work/glm/sub-07/GLM_run_2_block-02/DCM_sub-07_GLM_run_2_block-02_4ROI.mat,OK
sub-07,2,Block-03,3,0,-0.111484216484439,0.191286458947743,-0.0585375292270533,0.330811266145503,0.231936824368799,-0.0781247629563015,-0.0351838239384947,0.292781459585681,0.234240518902668,0.204518902889118,-0.0508516671301825,0.237880908259753,0.213168369571274,0.145689501295788,-0.125590327853734,-0.130568690142908,work/glm/sub-07/GLM_run_2_block-03/DCM_sub-07_GLM_run_2_block-03_4ROI.mat,OK
sub-08,1,ALL,0,1,-0.0202688591720221,0.0474279661091175,0.0598587935665951,0.0475044213326951,0.0440639038980757,-0.0170553331068112,0.0537160999416649,0.0424714388962356,0.0958959720894666,0.0921384687007913,-0.0528938383865108,0.0921781859417969,0.0378262635213559,0.0365871365227222,0.0453370915807345,-0.0142392775737472,work/glm/sub-08/GLM_run_1_ALL/DCM_sub-08_GLM_run_1_ALL_4ROI.mat,OK
sub-08,1,Block-01,1,0,-0.00474393319577234,0.0186125995077948,0.0203744450676599,0.0166520181342069,0.0198221020419459,-0.00677824535719085,0.0236964033929185,0.0194097911823697,0.0243313394440034,0.026587486183142,-0.0108243411962127,0.0238733603749333,0.0105933840932334,0.0109075623149317,0.0113916519258681,-0.000975169469695894,work/glm/sub-08/GLM_run_1_block-01/DCM_sub-08_GLM_run_1_block-01_4ROI.mat,OK
sub-08,1,Block-02,2,0,-0.00379115052146736,0.0141532179490081,0.0106696429180489,0.0165101753329868,0.0108756901835067,-0.00131295696201486,0.00735676645470452,0.0114500621388612,0.0301008673535213,0.0261245683273502,-0.00748249402531495,0.0327652441808571,0.0162904137471479,0.0148536627601933,0.0117337716262781,-0.00480270931418235,work/glm/sub-08/GLM_run_1_block-02/DCM_sub-08_GLM_run_1_block-02_4ROI.mat,OK
sub-08,1,Block-03,3,0,-0.0507418717457925,0.0799521343529306,0.0743299828455291,0.0672248353449538,0.0825597815517132,-0.0539146718045913,0.0796823622994606,0.0681558252692736,0.0749438406565714,0.0765436257213431,-0.0566373105510111,0.0652140639445569,0.0656620552779469,0.0648909332275319,0.0637551554959161,-0.0463019199635096,work/glm/sub-08/GLM_run_1_block-03/DCM_sub-08_GLM_run_1_block-03_4ROI.mat,OK
sub-08,2,ALL,0,1,-0.0365243246524955,0.082250459604707,0.0952876454937164,0.0811667781631139,0.0752517886186971,-0.0321712070000725,0.0857585409724368,0.0733163510842561,0.0973024911989213,0.0957313745867639,-0.0493519519552899,0.0947671537982563,0.0831872064700415,0.0820414362622531,0.095047525888326,-0.0354019891602035,work/glm/sub-08/GLM_run_2_ALL/DCM_sub-08_GLM_run_2_ALL_4ROI.mat,OK
sub-08,2,Block-01,1,0,0.0198442093317513,-0.0296525376337776,-0.0581345764815518,-0.0405034468954312,-0.0353485103424721,0.0212128485978173,-0.0651071219014918,-0.0456080873643923,0.00152854748282931,0.00186801894550682,0.00588643281515905,-0.000802877940784956,0.00335817476044565,0.00335527377258513,0.00180249743890386,0.0021872983957788,work/glm/sub-08/GLM_run_2_block-01/DCM_sub-08_GLM_run_2_block-01_4ROI.mat,OK
sub-08,2,Block-02,2,0,-0.0573183692429398,0.140993840401202,0.0889587584329135,0.110017178958155,0.114509601060969,-0.0562196568653292,0.074383830443786,0.0978047481733812,0.119117583040614,0.128632841109063,-0.0364522727203538,0.101132943710904,0.0860432363084816,0.0975871644888818,0.0518781125572958,-0.0319929965106956,work/glm/sub-08/GLM_run_2_block-02/DCM_sub-08_GLM_run_2_block-02_4ROI.mat,OK
sub-08,2,Block-03,3,0,-5.75536833706441e-06,0.00782394169338853,0.00782521452941233,0.0078236146565349,0.00782413973988668,-5.78382812316772e-06,0.00782535522033525,0.00782373829460892,0.00782642705770089,0.00782634243230249,-7.68780686942425e-06,0.00782594804560857,0.00782434674458692,0.00782427483777017,0.00782557907433575,-5.71917013046998e-06,work/glm/sub-08/GLM_run_2_block-03/DCM_sub-08_GLM_run_2_block-03_4ROI.mat,OK
sub-09,1,ALL,0,1,-0.050777474887917,0.111013891158216,0.124475305154078,0.090390855975756,0.10860662364306,-0.0467414980037053,0.116835683304316,0.0860738671522125,0.158485361720209,0.153852849970142,-0.0766665705797072,0.124744310809146,0.0784637343392723,0.0764356657213616,0.0885638881677318,-0.0266487858266756,work/glm/sub-09/GLM_run_1_ALL/DCM_sub-09_GLM_run_1_ALL_4ROI.mat,OK
sub-09,1,Block-01,1,0,0.00194702777615185,0.00450336458012532,0.00478112323833908,0.00383866395601986,0.00882029639799366,-0.000718248198786867,0.0100154937198924,0.0086169673121171,0.017056611469895,0.017460417978129,-0.00571023242592666,0.0165925081691485,0.00165337082003123,0.0023246863107692,0.00243081550437263,0.00311958245775645,work/glm/sub-09/GLM_run_1_block-01/DCM_sub-09_GLM_run_1_block-01_4ROI.mat,OK
sub-09,1,Block-02,2,0,-0.000394758241803597,0.00850035213608176,0.00822247635113225,0.00840049491137124,0.00870077301816417,-0.00038672585162094,0.00827379253118132,0.00847359897156088,0.00910505275463715,0.00894126986445059,-0.000341085356196897,0.00877950159582073,0.00882495793924365,0.00869585905866093,0.00834401890095078,-0.000377796692396209,work/glm/sub-09/GLM_run_1_block-02/DCM_sub-09_GLM_run_1_block-02_4ROI.mat,OK
sub-09,1,Block-03,3,0,-0.0535758112944537,0.0854610052163849,0.0812047258295601,0.0652059988555838,0.09009851333838,-0.0571460709191011,0.0843222908512102,0.065347420992585,0.085193134924972,0.083644783059486,-0.0677308192816628,0.0592787126543354,0.0598808470807143,0.0586973624203469,0.0524046857599492,-0.0483280227656367,work/glm/sub-09/GLM_run_1_block-03/DCM_sub-09_GLM_run_1_block-03_4ROI.mat,OK
sub-09,2,ALL,0,1,0,0.0078125,0.0078125,0.0078125,0.0078125,0,0.0078125,0.0078125,0.0078125,0.0078125,0,0.0078125,0.0078125,0.0078125,0.0078125,0,work/glm/sub-09/GLM_run_2_ALL/DCM_sub-09_GLM_run_2_ALL_4ROI.mat,OK
sub-09,2,Block-01,1,0,0,0.0078125,0.0078125,0.0078125,0.0078125,0,0.0078125,0.0078125,0.0078125,0.0078125,0,0.0078125,0.0078125,0.0078125,0.0078125,0,work/glm/sub-09/GLM_run_2_block-01/DCM_sub-09_GLM_run_2_block-01_4ROI.mat,OK
sub-09,2,Block-02,2,0,0,0.0078125,0.0078125,0.0078125,0.0078125,0,0.0078125,0.0078125,0.0078125,0.0078125,0,0.0078125,0.0078125,0.0078125,0.0078125,0,work/glm/sub-09/GLM_run_2_block-02/DCM_sub-09_GLM_run_2_block-02_4ROI.mat,OK
sub-09,2,Block-03,3,0,-0.0341594851397074,0.0482821045282434,0.0431876216654707,0.0287820517013791,0.0482729332571535,-0.0406873577780217,0.0542932715270687,0.0275300460406888,0.046539153169218,0.0570304332476158,-0.0518512852972399,0.023211976402298,0.0287456256817282,0.0303445280916512,0.0271764243082354,-0.0349761260605091,work/glm/sub-09/GLM_run_2_block-03/DCM_sub-09_GLM_run_2_block-03_4ROI.mat,OK
sub-10,1,ALL,0,1,-0.0281217468969674,0.0625800443926919,0.0748155634861836,0.0538881595500383,0.0684992030959077,-0.0284801634215314,0.0784286977166016,0.0542059109000662,0.0834553322273444,0.0794265720647553,-0.0422956559324154,0.0688741025297751,0.0307528761537636,0.029302279226123,0.0344206910449774,-0.00948728203151875,work/glm/sub-10/GLM_run_1_ALL/DCM_sub-10_GLM_run_1_ALL_4ROI.mat,OK
sub-10,1,Block-01,1,0,-0.0162100206272165,0.0401827875663204,0.044449168533924,0.0314161803021858,0.0524030250934394,-0.021362990908491,0.0574726318725428,0.0397890056915501,0.0503004291375112,0.0492007315448206,-0.0232237134643267,0.0382770203665847,0.0273797270775711,0.0274526720831029,0.0296888839126546,-0.0070120902587844,work/glm/sub-10/GLM_run_1_block-01/DCM_sub-10_GLM_run_1_block-01_4ROI.mat,OK
sub-10,1,Block-02,2,0,0.00105941267359347,0.00729109148115114,0.00378065407563181,0.00322392871031002,0.00334692850088788,0.000529378073012529,0.00311969335408154,-0.00207252549238141,0.0177015316361323,0.0100774004760856,-0.000573877125390477,0.0302793960560865,0.0110725883403675,0.00853483473317346,0.00588936046094967,-0.00377161971361111,work/glm/sub-10/GLM_run_1_block-02/DCM_sub-10_GLM_run_1_block-02_4ROI.mat,OK
sub-10,1,Block-03,3,0,-0.0450280902844405,0.0681429426698015,0.0624870590954683,0.0527386522094029,0.0701955252884544,-0.0514120174189155,0.0667240657398964,0.0463312290334907,0.0640322145544071,0.0640580740946942,-0.052981401988892,0.0509565729244787,0.0494314513851455,0.0418206141013912,0.0429474189887806,-0.0557708162901152,work/glm/sub-10/GLM_run_1_block-03/DCM_sub-10_GLM_run_1_block-03_4ROI.mat,OK
sub-10,2,ALL,0,1,-0.0193719504353034,0.0357621836478363,0.0406741553335439,0.0363223143575829,0.0486087780601098,-0.0144838285024842,0.0421052295767844,0.0370423020137336,0.049937197544322,0.0391493802876461,-0.0177298682913835,0.0375552030077845,0.0202050166622143,0.0160616067660063,0.0177703228466401,-0.00455946124678786,work/glm/sub-10/GLM_run_2_ALL/DCM_sub-10_GLM_run_2_ALL_4ROI.mat,OK
sub-10,2,Block-01,1,0,-0.000108374092473437,0.00787005265300172,0.00810052719320748,0.00797893665331895,0.00823923257407394,-5.54526591593686e-05,0.00838066775310634,0.00813886245667255,0.00811162948504853,0.00788920656868663,-0.000198946310043632,0.00804122219736831,0.00818520076660478,0.00789961362875327,0.00831291146075147,-0.000140897738573052,work/glm/sub-10/GLM_run_2_block-01/DCM_sub-10_GLM_run_2_block-01_4ROI.mat,OK
sub-10,2,Block-02,2,0,0.000216026527051771,0.00788679906765618,0.00768496760753401,0.00725486862076719,0.00737314897555921,-4.04797922194337e-05,0.00768650610007334,0.00724368208954912,0.00784782825725918,0.00778007218934104,2.95523541672753e-06,0.00786514197559723,0.00663219098755571,0.00806882915490128,0.0074977692921667,0.000768270038292122,work/glm/sub-10/GLM_run_2_block-02/DCM_sub-10_GLM_run_2_block-02_4ROI.mat,OK
sub-10,2,Block-03,3,0,-0.0521183119358859,0.0864024115515915,0.0717648449539953,0.0525830331253903,0.092491664104363,-0.0661644641864858,0.0838404032262239,0.04448718579249,0.0667609237692557,0.069255365165579,-0.0626175905283414,0.0496717534855732,0.0446469743437892,0.0354256802714681,0.0408677275899379,-0.0537601784795823,work/glm/sub-10/GLM_run_2_block-03/DCM_sub-10_GLM_run_2_block-03_4ROI.mat,OK
sub-11,1,ALL,0,1,0,0.0078125,0.0078125,0.0078125,0.0078125,0,0.0078125,0.0078125,0.0078125,0.0078125,0,0.0078125,0.0078125,0.0078125,0.0078125,0,work/glm/sub-11/GLM_run_1_ALL/DCM_sub-11_GLM_run_1_ALL_4ROI.mat,OK
sub-11,1,Block-01,1,0,0,0.0078125,0.0078125,0.0078125,0.0078125,0,0.0078125,0.0078125,0.0078125,0.0078125,0,0.0078125,0.0078125,0.0078125,0.0078125,0,work/glm/sub-11/GLM_run_1_block-01/DCM_sub-11_GLM_run_1_block-01_4ROI.mat,OK
sub-11,1,Block-02,2,0,0,0.0078125,0.0078125,0.0078125,0.0078125,0,0.0078125,0.0078125,0.0078125,0.0078125,0,0.0078125,0.0078125,0.0078125,0.0078125,0,work/glm/sub-11/GLM_run_1_block-02/DCM_sub-11_GLM_run_1_block-02_4ROI.mat,OK
sub-11,1,Block-03,3,0,-0.1072960647129,0.431289994807872,0.378280818935846,0.0637811800849542,0.093721578751367,-0.219253140470665,0.448523582544945,-0.179040942247541,0.0847744417378754,0.466543366309164,-0.158398605313124,-0.139079195877309,0.283107850909059,0.234022023242409,0.231606716571755,-0.0900468060739836,work/glm/sub-11/GLM_run_1_block-03/DCM_sub-11_GLM_run_1_block-03_4ROI.mat,OK
sub-11,2,ALL,0,1,0,0.0078125,0.0078125,0.0078125,0.0078125,0,0.0078125,0.0078125,0.0078125,0.0078125,0,0.0078125,0.0078125,0.0078125,0.0078125,0,work/glm/sub-11/GLM_run_2_ALL/DCM_sub-11_GLM_run_2_ALL_4ROI.mat,OK
sub-11,2,Block-01,1,0,0,0.0078125,0.0078125,0.0078125,0.0078125,0,0.0078125,0.0078125,0.0078125,0.0078125,0,0.0078125,0.0078125,0.0078125,0.0078125,0,work/glm/sub-11/GLM_run_2_block-01/DCM_sub-11_GLM_run_2_block-01_4ROI.mat,OK
sub-11,2,Block-02,2,0,0,0.0078125,0.0078125,0.0078125,0.0078125,0,0.0078125,0.0078125,0.0078125,0.0078125,0,0.0078125,0.0078125,0.0078125,0.0078125,0,work/glm/sub-11/GLM_run_2_block-02/DCM_sub-11_GLM_run_2_block-02_4ROI.mat,OK
sub-11,2,Block-03,3,0,-0.100270631042513,0.457976355201499,0.413407925116179,0.129797104952443,0.072359887834037,-0.247384900374927,0.541724362250932,-0.125537816958712,0.0064341634583267,0.511421200132418,-0.178686389223241,-0.161022648621778,0.172806710829693,0.392493593699389,0.396389389851363,-0.0456615860179784,work/glm/sub-11/GLM_run_2_block-03/DCM_sub-11_GLM_run_2_block-03_4ROI.mat,OK
sub-12,1,ALL,0,1,-0.099917127362755,0.153000170672582,0.172837911927525,0.112451989080034,0.158069788464473,-0.111209275307983,0.185633715308941,0.120043820422854,0.21353376668291,0.222405282499394,-0.169543165526025,0.161075985889019,0.0841525307953783,0.0868499629467773,0.0978986598275721,-0.0395772450170791,work/glm/sub-12/GLM_run_1_ALL/DCM_sub-12_GLM_run_1_ALL_4ROI.mat,OK
sub-12,1,Block-01,1,0,-0.298040018131673,0.140968519943729,0.0807818687914047,0.175327365302653,0.184619334692951,-0.281565012796243,0.0972469206164137,0.167236899761047,0.172966204444614,0.1649323879661,-0.147952678537898,0.133409243786655,0.145426988541467,0.113882184089704,0.0522515104173325,-0.150774338107731,work/glm/sub-12/GLM_run_1_block-01/DCM_sub-12_GLM_run_1_block-01_4ROI.mat,OK
sub-12,1,Block-02,2,0,2.32733762346466e-05,0.00768145533524771,0.00794469161047422,0.0079340882665097,0.00778898553499046,3.36058577430225e-05,0.00788161863765384,0.00787571825567767,0.0077488001329676,0.00763549421211852,-8.80449825126923e-05,0.00797518933874547,0.00776621229318566,0.00768377014035201,0.00794074830330054,-5.90763035425461e-05,work/glm/sub-12/GLM_run_1_block-02/DCM_sub-12_GLM_run_1_block-02_4ROI.mat,OK
sub-12,1,Block-03,3,0,-0.160090932488277,0.408195679852805,0.180811550591355,-0.0890661470758626,0.226051101873598,-0.304347357028475,0.202464012784113,-0.140457607525792,0.193212593527625,0.36083387250505,-0.142170536211179,-0.042576031581316,0.159595895651743,0.17773195432518,0.158007418628297,-0.106223219897289,work/glm/sub-12/GLM_run_1_block-03/DCM_sub-12_GLM_run_1_block-03_4ROI.mat,OK
sub-12,2,ALL,0,1,0,0.0078125,0.0078125,0.0078125,0.0078125,0,0.0078125,0.0078125,0.0078125,0.0078125,0,0.0078125,0.0078125,0.0078125,0.0078125,0,work/glm/sub-12/GLM_run_2_ALL/DCM_sub-12_GLM_run_2_ALL_4ROI.mat,OK
sub-12,2,Block-01,1,0,0,0.0078125,0.0078125,0.0078125,0.0078125,0,0.0078125,0.0078125,0.0078125,0.0078125,0,0.0078125,0.0078125,0.0078125,0.0078125,0,work/glm/sub-12/GLM_run_2_block-01/DCM_sub-12_GLM_run_2_block-01_4ROI.mat,OK
sub-12,2,Block-02,2,0,0,0.0078125,0.0078125,0.0078125,0.0078125,0,0.0078125,0.0078125,0.0078125,0.0078125,0,0.0078125,0.0078125,0.0078125,0.0078125,0,work/glm/sub-12/GLM_run_2_block-02/DCM_sub-12_GLM_run_2_block-02_4ROI.mat,OK
sub-12,2,Block-03,3,0,-0.110799821787651,0.397889679667266,0.367056734127856,0.335385396939044,-0.0262733239306398,-0.247766833601444,0.637795891856938,-0.0823102581729995,-0.0385447579486925,0.560233446250198,-0.222466182413701,-0.14154227224491,-0.0159520718635388,0.527477715545448,0.502997515469403,-0.157669351474393,work/glm/sub-12/GLM_run_2_block-03/DCM_sub-12_GLM_run_2_block-03_4ROI.mat,OK
sub-14,1,ALL,0,1,0,0.0078125,0.0078125,0.0078125,0.0078125,0,0.0078125,0.0078125,0.0078125,0.0078125,0,0.0078125,0.0078125,0.0078125,0.0078125,0,work/glm/sub-14/GLM_run_1_ALL/DCM_sub-14_GLM_run_1_ALL_4ROI.mat,OK
sub-14,1,Block-01,1,0,0,0.0078125,0.0078125,0.0078125,0.0078125,0,0.0078125,0.0078125,0.0078125,0.0078125,0,0.0078125,0.0078125,0.0078125,0.0078125,0,work/glm/sub-14/GLM_run_1_block-01/DCM_sub-14_GLM_run_1_block-01_4ROI.mat,OK
sub-14,1,Block-02,2,0,0,0.0078125,0.0078125,0.0078125,0.0078125,0,0.0078125,0.0078125,0.0078125,0.0078125,0,0.0078125,0.0078125,0.0078125,0.0078125,0,work/glm/sub-14/GLM_run_1_block-02/DCM_sub-14_GLM_run_1_block-02_4ROI.mat,OK
sub-14,1,Block-03,3,0,0,0.0078125,0.0078125,0.0078125,0.0078125,0,0.0078125,0.0078125,0.0078125,0.0078125,0,0.0078125,0.0078125,0.0078125,0.0078125,0,work/glm/sub-14/GLM_run_1_block-03/DCM_sub-14_GLM_run_1_block-03_4ROI.mat,OK
sub-14,2,ALL,0,1,-0.0679172810717286,0.135418465351412,0.18430397123638,0.138156819584624,0.141930722881337,-0.054226493607232,0.170744651036404,0.129053661002421,0.189687903623456,0.168256564483903,-0.0975379538040081,0.167010575773849,0.109312101685931,0.0921069290190343,0.134138745160167,-0.0451605884719671,work/glm/sub-14/GLM_run_2_ALL/DCM_sub-14_GLM_run_2_ALL_4ROI.mat,OK
sub-14,2,Block-01,1,0,4.30043675401858e-05,0.00774136020271494,0.00766905487184013,0.00774186853238836,0.00784613879712388,-1.45315754965157e-05,0.00786379274311642,0.0078417662238686,0.00791558231729596,0.00789749425723645,-8.63283473487342e-05,0.00789827065150862,0.00741962621786472,0.00748524761896005,0.00716646062778255,0.000163173930065838,work/glm/sub-14/GLM_run_2_block-01/DCM_sub-14_GLM_run_2_block-01_4ROI.mat,OK
sub-14,2,Block-02,2,0,-0.000233522771022158,0.00766926190697718,0.00853254955098672,0.00910756908118308,0.00828094267395026,7.07134524295913e-05,0.00853342251775271,0.00910682469888049,0.00837230932524864,0.00763127823593913,-0.000432972994714322,0.00937736388809811,0.00824161275596023,0.00767388898148796,0.00847657350130391,-0.00059932901030181,work/glm/sub-14/GLM_run_2_block-02/DCM_sub-14_GLM_run_2_block-02_4ROI.mat,OK
sub-14,2,Block-03,3,0,-0.144307881524792,0.400054735467562,-0.127470294611564,0.299605865283106,0.335555113443691,-0.167627820464156,-0.175932796984528,0.298385337105194,0.305839271976133,0.254857681215802,-0.211855803175222,0.212567244958735,0.288492944792848,0.351009723950217,-0.200036988149471,-0.117620514420605,work/glm/sub-14/GLM_run_2_block-03/DCM_sub-14_GLM_run_2_block-03_4ROI.mat,OK
sub-15,1,ALL,0,1,-0.182133288120645,0.164236134604826,0.155544879308873,0.154583126332331,0.140179149482543,-0.167711803543247,0.136536380981744,0.143477801650002,0.160463460346933,0.164133951696678,-0.179522259599157,0.156343433772823,0.113502575609333,0.123536905081281,0.10949385659881,-0.123694180581712,work/glm/sub-15/GLM_run_1_ALL/DCM_sub-15_GLM_run_1_ALL_4ROI.mat,OK
sub-15,1,Block-01,1,0,0.000135685857375336,0.00768588712572,0.00769803500562945,0.00713825567065504,0.00675105969082381,0.000381790087104727,0.00701330269414337,0.00652468172520365,0.00815234830213144,0.00819988585710326,-0.000224452449797806,0.00734106773171939,-0.00306576642887135,-0.000951260241292275,-0.00181822569886291,0.0034766262006575,work/glm/sub-15/GLM_run_1_block-01/DCM_sub-15_GLM_run_1_block-01_4ROI.mat,OK
sub-15,1,Block-02,2,0,-0.000245281742261851,0.00806735842690568,0.00835715669114218,0.00871365412056427,0.00839898447931444,-0.000152066746259281,0.00846330866020562,0.00888876893444846,0.00847664511105867,0.00815452458147872,-0.000368538742605491,0.00903646837068027,0.0082414256022141,0.00803328699304019,0.00828883808240027,-0.00039517884055974,work/glm/sub-15/GLM_run_1_block-02/DCM_sub-15_GLM_run_1_block-02_4ROI.mat,OK
sub-15,1,Block-03,3,0,-0.0793116977947728,0.198930611816605,0.183307666854314,0.0683625986179675,0.186392748139533,-0.0828081786014627,0.181505059077284,0.0687898797627423,0.158639048038193,0.170072489904971,-0.0665957471376257,0.0424037353536153,0.151557899116858,0.1682067650906,0.161826385299271,0.0096266392671198,work/glm/sub-15/GLM_run_1_block-03/DCM_sub-15_GLM_run_1_block-03_4ROI.mat,OK
sub-15,2,ALL,0,1,-0.175725928278251,0.155967742421399,0.142625837723377,0.154732066180199,0.139185509030769,-0.160393338032577,0.126589660570967,0.144830029159848,0.178294058420862,0.177106008084396,-0.192503539212213,0.168848758107904,0.116535370378911,0.122453720930473,0.101233850007831,-0.126842167443944,work/glm/sub-15/GLM_run_2_ALL/DCM_sub-15_GLM_run_2_ALL_4ROI.mat,OK
sub-15,2,Block-01,1,0,-0.0163674369838838,0.0387588632785584,0.0651735742298575,0.0371347724299826,0.0365202114859475,-0.0132328264321151,0.0578176749638865,0.0332240158295272,0.109573114580358,0.103802182177927,-0.0772189637031656,0.0967733572316993,0.034846453675788,0.0329072051156348,0.0559426287019474,-0.0118869674583145,work/glm/sub-15/GLM_run_2_block-01/DCM_sub-15_GLM_run_2_block-01_4ROI.mat,OK
sub-15,2,Block-02,2,0,-0.00014696928715432,0.00810830476091387,0.00777358192650715,0.00795138722312602,0.00800839706405127,-9.8400311074335e-05,0.00779037269460568,0.00790709631503178,0.00873671672164716,0.00874208487044797,6.71352455642454e-05,0.00824004037726029,0.00844997462077124,0.00845366996529329,0.00771981260109704,-0.000147525687975399,work/glm/sub-15/GLM_run_2_block-02/DCM_sub-15_GLM_run_2_block-02_4ROI.mat,OK
sub-15,2,Block-03,3,0,-0.148435807891541,0.424425997158138,0.201084131109151,-0.144429329845294,0.355193726791385,-0.172223497666389,0.181473818979679,-0.188931965993662,0.291350059201681,0.325354700248557,-0.0780271101014164,-0.0400249216430531,0.276364518285996,0.302644585498651,0.161903214907996,0.0595058373769375,work/glm/sub-15/GLM_run_2_block-03/DCM_sub-15_GLM_run_2_block-03_4ROI.mat,OK
sub-16,1,ALL,0,1,-0.0385650659090403,0.0937930190472161,0.123040598932993,0.0817998461248071,0.100883479026828,-0.0478859312923039,0.141839845526013,0.0926953000527604,0.164435555278756,0.176499332158475,-0.102743088834401,0.150211448680626,0.0691731516014999,0.0737858525930939,0.0961542078991384,-0.0273896233143449,work/glm/sub-16/GLM_run_1_ALL/DCM_sub-16_GLM_run_1_ALL_4ROI.mat,OK
sub-16,1,Block-01,1,0,-0.0125071858498286,0.0319191541325629,0.0430116826643552,0.0287269165242982,0.0266879508455101,-0.0088807048849695,0.0337222807976578,0.0233138526883125,0.0325421903124004,0.0312499026677148,-0.0166959921954613,0.0280988092603544,0.0210775117653236,0.0202861977990125,0.0255837207518214,-0.00535336917902555,work/glm/sub-16/GLM_run_1_block-01/DCM_sub-16_GLM_run_1_block-01_4ROI.mat,OK
sub-16,1,Block-02,2,0,-6.12824661922543e-05,0.00816544111140835,0.00771345597096043,0.00869128362117846,0.00793806694610599,-0.000179704538601861,0.00771294243921811,0.00870616335267874,0.00797409805694875,0.00826858964116182,6.08627268820356e-05,0.00894087544663027,0.00789787458214222,0.00806540495003503,0.00773673745991628,-0.000317511671051778,work/glm/sub-16/GLM_run_1_block-02/DCM_sub-16_GLM_run_1_block-02_4ROI.mat,OK
sub-16,1,Block-03,3,0,-0.259097339868237,0.753696700526349,-0.445326157466154,0.535015300207812,0.0710387439648367,-0.272251423804354,-0.329844179368055,0.885720975993763,0.37753459685926,0.312309254212737,0.0871659192175991,0.181029674756816,-0.239953659083991,0.599131627069637,-0.0775605501093334,-0.337008376674613,work/glm/sub-16/GLM_run_1_block-03/DCM_sub-16_GLM_run_1_block-03_4ROI.mat,OK
sub-16,2,ALL,0,1,-0.00695026412685848,0.0209391598918326,0.0296456749152117,0.0222461298833885,0.0236510922496552,-0.00732893075633187,0.0322784118828558,0.0242053610585437,0.0555652789397898,0.0529724527972692,-0.0364599827447998,0.056741004946437,0.0200563051003343,0.0191579479968338,0.02651548450324,-0.00632269418392742,work/glm/sub-16/GLM_run_2_ALL/DCM_sub-16_GLM_run_2_ALL_4ROI.mat,OK
sub-16,2,Block-01,1,0,-0.00909867880738396,0.026256974600346,0.0315165935311736,0.0257832828787532,0.0301801635720578,-0.0110719504570698,0.0368568966792957,0.0298203640642682,0.0323830494372501,0.0318631108520981,-0.0160458720543091,0.0324095381115627,0.0224615020328635,0.0226679171693917,0.0265772636209562,-0.00707346332208001,work/glm/sub-16/GLM_run_2_block-01/DCM_sub-16_GLM_run_2_block-01_4ROI.mat,OK
sub-16,2,Block-02,2,0,0.00872661925223015,-0.0142688897759888,-0.0152066694566252,-0.0213606476641185,-0.00410133821685786,0.00798443759240048,-0.00995735602749597,-0.0135334061747093,0.0137107553686402,0.013172341563079,-0.000783477398053588,0.0136094315577672,-0.00179828540242953,-0.00528616305080312,-0.007414423062559,0.00897396614004684,work/glm/sub-16/GLM_run_2_block-02/DCM_sub-16_GLM_run_2_block-02_4ROI.mat,OK
sub-16,2,Block-03,3,0,-0.0409600950525637,0.060880968855766,0.0531756414905276,0.0634577477231126,0.059422604517407,-0.0443538679593017,0.0553788100825603,0.0655811141429939,0.0594330137098442,0.0630340093992112,-0.0494253213629624,0.0651844970224108,0.063338738390686,0.0676629421344793,0.0585663666444135,-0.0549483039652095,work/glm/sub-16/GLM_run_2_block-03/DCM_sub-16_GLM_run_2_block-03_4ROI.mat,OK
sub-17,1,ALL,0,1,-0.108886191149393,0.156514687823623,0.159667527606395,0.135588207783786,0.15093042574824,-0.107413898023707,0.155681244048522,0.133035225800706,0.187675521417079,0.18737004460767,-0.139681285378768,0.164289789405567,0.1212391660309,0.122476980975822,0.125188304914666,-0.0721413785146382,work/glm/sub-17/GLM_run_1_ALL/DCM_sub-17_GLM_run_1_ALL_4ROI.mat,OK
sub-17,1,Block-01,1,0,-0.0170622091702251,0.0461957349644144,0.0418078370788566,0.0371442447043405,0.0381667372771859,-0.0164313042788154,0.036944189791045,0.0338235710400881,0.0190851122964267,0.0199583961129599,-0.00513805030459018,0.0176892751950209,0.0434826681767439,0.0470151376314611,0.042129798262753,-0.0150628827658687,work/glm/sub-17/GLM_run_1_block-01/DCM_sub-17_GLM_run_1_block-01_4ROI.mat,OK
sub-17,1,Block-02,2,0,-0.000217963349113636,0.00820265340491833,0.00797592365817539,0.0082855581323455,0.00825091618423278,-0.000195985304497636,0.00797701479573246,0.00828791354949952,0.00810807914856217,0.00807740168230776,-5.6852386808865e-05,0.00813255972620935,0.00818181357777378,0.00814284911921583,0.00795092365242063,-0.000200115082120923,work/glm/sub-17/GLM_run_1_block-02/DCM_sub-17_GLM_run_1_block-02_4ROI.mat,OK
sub-17,1,Block-03,3,0,-0.0798137322478445,0.142978727826374,0.346356205349925,0.102086441829223,0.205030594067578,-0.0785297699344044,0.318353682545594,0.137042229746531,0.0836777019430909,0.00599398279403275,-0.187084388303912,-0.0378175665900735,0.169030130401442,0.130054513880952,0.3223565299874,-0.0424489103759558,work/glm/sub-17/GLM_run_1_block-03/DCM_sub-17_GLM_run_1_block-03_4ROI.mat,OK
sub-17,2,ALL,0,1,-0.0117106830799561,0.0074189182226404,-0.0503463844491767,0.0654174955133707,0.0289556315963698,5.06941713672199e-05,-0.0434684964567152,0.058905561561134,0.0168532389419548,0.00875466087948048,0.00965562326189459,0.028095310209328,0.0375390598685146,0.00662540793187766,-0.0672440639981929,-0.035570889149211,work/glm/sub-17/GLM_run_2_ALL/DCM_sub-17_GLM_run_2_ALL_4ROI.mat,OK
sub-17,2,Block-01,1,0,0.000506487197697649,0.00730083078054812,0.00641241559496646,0.0070932896834256,0.0155200433440183,-0.00421177519927205,0.0148259309161965,0.0135004461644551,-0.000259196370624317,0.00056460671160124,0.00435565777164223,0.00192058955104944,0.00484619022759009,0.00529397701171886,0.00450768144872232,0.00108248864632578,work/glm/sub-17/GLM_run_2_block-01/DCM_sub-17_GLM_run_2_block-01_4ROI.mat,OK
sub-17,2,Block-02,2,0,-0.000252571396536833,0.00801700814687558,0.00752723446030581,0.00863385437377545,0.00823872813500171,-8.67004195679017e-05,0.00757463753523616,0.00850359913195067,0.00817585765111497,0.00795986777433731,0.000102153189641782,0.0084014368702966,0.0082413105409104,0.00798556248665125,0.00756941438942584,-0.00034844463830323,work/glm/sub-17/GLM_run_2_block-02/DCM_sub-17_GLM_run_2_block-02_4ROI.mat,OK
sub-17,2,Block-03,3,0,-0.158533311027963,0.16063489893414,0.270286032136371,-0.124322615973158,0.355568123541038,-0.0884068730079345,0.27824979396779,0.0012890666257619,0.319114918493254,0.168504109329467,-0.1004478521193,-0.0328325548481942,0.337753575655014,0.176778243851844,0.24514237622087,0.0402338948832341,work/glm/sub-17/GLM_run_2_block-03/DCM_sub-17_GLM_run_2_block-03_4ROI.mat,OK
sub-19,1,ALL,0,1,-0.157287127377293,0.150477155028248,0.152097305157696,0.149436755614752,0.167853250760602,-0.172296990188054,0.167583195397492,0.159952695865609,0.153703788465489,0.151733410410062,-0.158104704338456,0.149949624239309,0.115563710751472,0.110776615915478,0.114944060524612,-0.110239281738894,work/glm/sub-19/GLM_run_1_ALL/DCM_sub-19_GLM_run_1_ALL_4ROI.mat,OK
sub-19,1,Block-01,1,0,-0.00597818511795965,0.0201021912997231,0.018685803436708,0.0163330858218011,0.0215952545248936,-0.00698434558207546,0.0203482693423963,0.0176040534773295,0.0111177506375168,0.0112822853929418,-0.00120819726333079,0.00993811351032469,0.0103891572873067,0.0106068593476635,0.00917848323779935,-0.000720831149868901,work/glm/sub-19/GLM_run_1_block-01/DCM_sub-19_GLM_run_1_block-01_4ROI.mat,OK
sub-19,1,Block-02,2,0,2.30990373492652e-05,0.00769696503645774,0.00785628949007124,0.00794809994290707,0.00776597632217525,5.81248297593434e-05,0.00785655807998305,0.00794883835541301,0.00776374243430452,0.00769066099068311,-2.30899080440426e-05,0.0079556741700768,0.00776487963427445,0.00769353805466731,0.00785759554613702,-6.98598885351634e-05,work/glm/sub-19/GLM_run_1_block-02/DCM_sub-19_GLM_run_1_block-02_4ROI.mat,OK
sub-19,1,Block-03,3,0,-0.086627767304263,0.192317812526405,0.198654073832395,0.0510323682145225,0.209954094953098,-0.083142172291376,0.198274408220052,0.0678810409060167,0.1696837758976,0.153369663343755,-0.0701801303309573,0.0167728213401405,0.181089208881955,0.154888571129639,0.190660084168257,0.0183152821007291,work/glm/sub-19/GLM_run_1_block-03/DCM_sub-19_GLM_run_1_block-03_4ROI.mat,OK
sub-19,2,ALL,0,1,0.000717300788364649,0.00203644278746085,0.0138809396107997,0.0226899218581064,0.00656480403437442,0.0025555256564611,0.0132256269951407,0.0210060959687203,0.00651885918905014,0.00253379167185152,-0.00279510941232557,0.021560082512844,0.00615449084048151,0.00117631008252617,0.0147806154458776,-0.00857140604147858,work/glm/sub-19/GLM_run_2_ALL/DCM_sub-19_GLM_run_2_ALL_4ROI.mat,OK
sub-19,2,Block-01,1,0,0.00241915107448698,0.00335823174503713,0.00138937061478334,0.00197946351209536,0.0101870531653446,-0.0017707412835881,0.0119507753503314,0.00876270050787371,0.00975124464956982,0.0108190998408854,-0.0017175658717901,0.00844074441946011,-0.00657243084665657,-0.00705215496130655,-0.0124745472984088,0.0076385916603856,work/glm/sub-19/GLM_run_2_block-01/DCM_sub-19_GLM_run_2_block-01_4ROI.mat,OK
sub-19,2,Block-02,2,0,-0.000237693983497455,0.00780776526658949,0.00778473022390577,0.00863111399858227,0.00834985114020286,2.57113199489019e-06,0.00778137534999384,0.00873528997947678,0.00827642985896673,0.00781074945045058,1.20159798050687e-05,0.00860717329808917,0.00815373570469451,0.00781147944269229,0.00779506861017337,-0.000292328870795598,work/glm/sub-19/GLM_run_2_block-02/DCM_sub-19_GLM_run_2_block-02_4ROI.mat,OK
sub-19,2,Block-03,3,0,-0.133745950066729,0.328635848226057,0.13911432335486,-0.0966844477908432,0.319090513283986,-0.139591962766053,0.148160825297839,-0.0792872732295537,0.272096169171205,0.281723563372818,-0.070959482159171,0.0120332466791948,0.275111888309957,0.278127295896109,0.153097374781339,0.0135008487610123,work/glm/sub-19/GLM_run_2_block-03/DCM_sub-19_GLM_run_2_block-03_4ROI.mat,OK
sub-20,1,ALL,0,1,-0.0491123719206825,0.13167419562449,0.161781275429189,0.120342437405261,0.14786884919204,-0.0773222227718749,0.206153776882124,0.152609012485874,0.132353945587713,0.157131047384846,-0.0861036687296538,0.146404071899786,0.0763663955774998,0.0900818043643055,0.129476095405627,-0.042791209937304,work/glm/sub-20/GLM_run_1_ALL/DCM_sub-20_GLM_run_1_ALL_4ROI.mat,OK
sub-20,1,Block-01,1,0,-1.99011437068102e-05,0.00785616048633911,0.00784502657697833,0.00784220561686114,0.00802882284085551,-0.000118724761522599,0.00799100057439791,0.0079723135346518,0.00728826088046982,0.00723471172450975,0.000215842638332844,0.00743097242273138,0.00821418142739212,0.00825477897230873,0.00814314972403078,-0.000146728871590995,work/glm/sub-20/GLM_run_1_block-01/DCM_sub-20_GLM_run_1_block-01_4ROI.mat,OK
sub-20,1,Block-02,2,0,5.51531231741573e-05,0.00743862926288675,0.00893900423397002,0.00892828876429652,0.00769689131249425,0.00019690709455115,0.00900448400997684,0.00899253937592258,0.00766121227432138,0.00731709507051684,-0.000729729588727166,0.00926330493730016,0.00778249974471168,0.00772039165887026,0.00807196604214534,-0.000129655419670376,work/glm/sub-20/GLM_run_1_block-02/DCM_sub-20_GLM_run_1_block-02_4ROI.mat,OK
sub-20,1,Block-03,3,0,-0.0613666343281879,0.131535907266677,0.188141064184648,0.122792131516354,0.166563188152215,-0.0735806624315031,0.204022910384631,0.153380902859205,0.108057999569392,0.0942252775517359,-0.0761347429121404,0.0902165519268065,0.145477941307823,0.149291425114273,0.165832041260905,-0.0608948448009284,work/glm/sub-20/GLM_run_1_block-03/DCM_sub-20_GLM_run_1_block-03_4ROI.mat,OK
sub-20,2,ALL,0,1,-0.0648332391038317,0.134895722138569,0.178246255935514,0.134436886250624,0.140489641213363,-0.0572260174551366,0.172038910045208,0.12927522352765,0.164653259147699,0.150846614605826,-0.0889072485261497,0.151555479249026,0.120705513552667,0.109185426529608,0.152591732991348,-0.0494882466743255,work/glm/sub-20/GLM_run_2_ALL/DCM_sub-20_GLM_run_2_ALL_4ROI.mat,OK
sub-20,2,Block-01,1,0,0.00755855340760204,-0.00649444752777552,-0.0159489712740957,-0.00705792600659645,-0.00577019639887119,0.00648772947383855,-0.0128239529896771,-0.00552896163079692,0.00825615823651776,0.00833821927609493,-0.00112553112069117,0.00846434549873957,-0.00423412157822451,-0.00372137139814021,-0.0119983900503629,0.0060547665632205,work/glm/sub-20/GLM_run_2_block-01/DCM_sub-20_GLM_run_2_block-01_4ROI.mat,OK
sub-20,2,Block-02,2,0,-1.32280628354721e-07,0.00779085965537995,0.00776128588767986,0.00805065232038148,0.00781252021645398,1.35214952156413e-05,0.00774886481591486,0.00810662681061789,0.00781192122235075,0.00777394897538392,4.48898237669969e-05,0.0082242213143786,0.00781186060863326,0.00779387745407016,0.00776963123704442,-9.73916516859555e-05,work/glm/sub-20/GLM_run_2_block-02/DCM_sub-20_GLM_run_2_block-02_4ROI.mat,OK
sub-20,2,Block-03,3,0,-0.0689471265236624,0.324029375619799,0.346370174158182,0.181369868389365,7.90909739338073e-05,-0.184033908990612,0.606904090757763,-0.0750682169220233,-0.0256018009031847,0.465759547371521,-0.251139884944681,-0.131337777845614,-0.030384114817161,0.438100282210157,0.47621447432912,-0.0705257188064034,work/glm/sub-20/GLM_run_2_block-03/DCM_sub-20_GLM_run_2_block-03_4ROI.mat,OK
sub-21,1,ALL,0,1,-0.0651744427155736,0.148531880146704,0.185016958772694,0.118919665219329,0.151404130498587,-0.0655478312768296,0.187227508176125,0.120336336736292,0.199928123361962,0.198158314346579,-0.106046692105241,0.159039444870823,0.101541435147233,0.0992668807098347,0.129975788540348,-0.036036452741839,work/glm/sub-21/GLM_run_1_ALL/DCM_sub-21_GLM_run_1_ALL_4ROI.mat,OK
sub-21,1,Block-01,1,0,-0.002838614718855,0.0149710871815608,0.0149213903979484,0.0120590198770482,0.0233649586031873,-0.00905304412652423,0.0263059150424016,0.0204948156290433,0.021800478609199,0.0246233632709655,-0.00838766100563735,0.0188900346084981,0.00529532996830691,0.00554736494151061,0.00530814917562403,0.00132476983597509,work/glm/sub-21/GLM_run_1_block-01/DCM_sub-21_GLM_run_1_block-01_4ROI.mat,OK
sub-21,1,Block-02,2,0,-0.000102410860128855,0.00781684126283125,0.00778301802156033,0.00827571002556417,0.00801071814686932,-2.3917004726149e-06,0.00778467051468699,0.00825951348749239,0.00811539461234644,0.00781918958970479,2.1611807915693e-05,0.00849635834035442,0.00797313510232985,0.00781515255789027,0.00778850750662913,-0.000181965613664549,work/glm/sub-21/GLM_run_1_block-02/DCM_sub-21_GLM_run_1_block-02_4ROI.mat,OK
sub-21,1,Block-03,3,0,-0.00446338865889583,0.341729461502324,0.357039367795159,0.0832716330381761,-0.0563796668564285,-0.228086721655827,0.663872603658121,-0.130228112744608,-0.128382231716462,0.561974295489077,-0.25537739427093,-0.20333027921215,-0.0380722847195895,0.350174209301823,0.374548895962683,-0.0254848789088465,work/glm/sub-21/GLM_run_1_block-03/DCM_sub-21_GLM_run_1_block-03_4ROI.mat,OK
sub-21,2,ALL,0,1,-0.000825896552267793,0.0124290935101798,0.0184940795037673,0.0233234156653905,0.00937515125593679,-0.00219041676292125,0.0179778191709474,0.022587345665164,0.00934909695803536,0.0121169534575924,-0.004972207273668,0.0223148595201858,0.00929706951930305,0.0119864160385197,0.0174902512605679,-0.00702251418618192,work/glm/sub-21/GLM_run_2_ALL/DCM_sub-21_GLM_run_2_ALL_4ROI.mat,OK
sub-21,2,Block-01,1,0,-0.000386228943144924,0.00817250684465037,0.00863151320696114,0.00869152095836258,0.00349417670930507,0.00236131409923191,0.00268236773619223,0.00441752944071878,0.00946896361835977,0.00905179747249492,-0.000917120939504573,0.00942220050253743,0.00932698293269483,0.00897428989706447,0.00950470520932851,-0.00072533466180776,work/glm/sub-21/GLM_run_2_block-01/DCM_sub-21_GLM_run_2_block-01_4ROI.mat,OK
sub-21,2,Block-02,2,0,-0.00021692192325967,0.00835564193104992,0.00777406463951685,0.00855255590723801,0.00821506560192731,-0.000251647827503922,0.00777702688844617,0.00849889300590842,0.00832011915718156,0.00844747076254208,2.19213190788972e-05,0.00867650216190656,0.00809918257973911,0.00817039786207203,0.00779040885699138,-0.000243219470241061,work/glm/sub-21/GLM_run_2_block-02/DCM_sub-21_GLM_run_2_block-02_4ROI.mat,OK
sub-21,2,Block-03,3,0,-0.0908604852041368,0.384463860060158,0.426067909784715,-0.0346729168731113,0.170820613769148,-0.182288636120302,0.529494936526742,-0.162694591852466,0.120558734070995,0.419366122249966,-0.20895105103923,-0.228463428370583,0.215380322719117,0.333319396783113,0.33816524681963,0.00609047979077359,work/glm/sub-21/GLM_run_2_block-03/DCM_sub-21_GLM_run_2_block-03_4ROI.mat,OK
sub-22,1,ALL,0,1,0,0.0078125,0.0078125,0.0078125,0.0078125,0,0.0078125,0.0078125,0.0078125,0.0078125,0,0.0078125,0.0078125,0.0078125,0.0078125,0,work/glm/sub-22/GLM_run_1_ALL/DCM_sub-22_GLM_run_1_ALL_4ROI.mat,OK
sub-22,1,Block-01,1,0,0,0.0078125,0.0078125,0.0078125,0.0078125,0,0.0078125,0.0078125,0.0078125,0.0078125,0,0.0078125,0.0078125,0.0078125,0.0078125,0,work/glm/sub-22/GLM_run_1_block-01/DCM_sub-22_GLM_run_1_block-01_4ROI.mat,OK
sub-22,1,Block-02,2,0,0,0.0078125,0.0078125,0.0078125,0.0078125,0,0.0078125,0.0078125,0.0078125,0.0078125,0,0.0078125,0.0078125,0.0078125,0.0078125,0,work/glm/sub-22/GLM_run_1_block-02/DCM_sub-22_GLM_run_1_block-02_4ROI.mat,OK
sub-22,1,Block-03,3,0,0,0.0078125,0.0078125,0.0078125,0.0078125,0,0.0078125,0.0078125,0.0078125,0.0078125,0,0.0078125,0.0078125,0.0078125,0.0078125,0,work/glm/sub-22/GLM_run_1_block-03/DCM_sub-22_GLM_run_1_block-03_4ROI.mat,OK
sub-22,2,ALL,0,1,0,0.0078125,0.0078125,0.0078125,0.0078125,0,0.0078125,0.0078125,0.0078125,0.0078125,0,0.0078125,0.0078125,0.0078125,0.0078125,0,work/glm/sub-22/GLM_run_2_ALL/DCM_sub-22_GLM_run_2_ALL_4ROI.mat,OK
sub-22,2,Block-01,1,0,0,0.0078125,0.0078125,0.0078125,0.0078125,0,0.0078125,0.0078125,0.0078125,0.0078125,0,0.0078125,0.0078125,0.0078125,0.0078125,0,work/glm/sub-22/GLM_run_2_block-01/DCM_sub-22_GLM_run_2_block-01_4ROI.mat,OK
sub-22,2,Block-02,2,0,0,0.0078125,0.0078125,0.0078125,0.0078125,0,0.0078125,0.0078125,0.0078125,0.0078125,0,0.0078125,0.0078125,0.0078125,0.0078125,0,work/glm/sub-22/GLM_run_2_block-02/DCM_sub-22_GLM_run_2_block-02_4ROI.mat,OK
sub-22,2,Block-03,3,0,-0.0612361689003092,0.278878242505759,0.35499835879288,0.01997559029709,0.098845498514193,-0.126860698655795,0.435860599466586,-0.0638999955148045,0.0754694121045848,0.313501687605428,-0.193079909808646,-0.109683599224248,0.0884003570541112,0.248408991208072,0.31657816592402,0.024189989343535,work/glm/sub-22/GLM_run_2_block-03/DCM_sub-22_GLM_run_2_block-03_4ROI.mat,OK
sub-23,1,ALL,0,1,-0.0245452474517818,0.0507158043541103,0.0670468106777041,0.0556126470045514,0.0493957387510312,-0.017537533213158,0.056970679376601,0.0476140515633814,0.0778878179191687,0.0676284094327061,-0.0398961961260572,0.0739760017857704,0.0643758118082795,0.0561196784804998,0.0745246387238718,-0.0261490596924686,work/glm/sub-23/GLM_run_1_ALL/DCM_sub-23_GLM_run_1_ALL_4ROI.mat,OK
sub-23,1,Block-01,1,0,2.73926152849496e-05,0.00777004469820494,0.00769302228901569,0.00769507657953579,0.00776530636977033,1.81693763564663e-05,0.00770843422468402,0.00771007968218641,0.00769658831789322,0.00772144173022391,0.000123089424196314,0.0075711166863093,0.00768693830436926,0.00771351135015028,0.00754776039247793,0.000130709535346357,work/glm/sub-23/GLM_run_1_block-01/DCM_sub-23_GLM_run_1_block-01_4ROI.mat,OK
sub-23,1,Block-02,2,0,-0.0215104403529116,0.0413104439733475,0.0516270414367279,0.0414013262359838,0.0487125211283565,-0.0154000111817826,0.0486790419551794,0.0391871803822132,0.0673389572669387,0.053463801981664,-0.0290080997301275,0.0537259235135677,0.0565938888947484,0.0452413924328209,0.056702870907061,-0.018488840249075,work/glm/sub-23/GLM_run_1_block-02/DCM_sub-23_GLM_run_1_block-02_4ROI.mat,OK
sub-23,1,Block-03,3,0,-0.285016524010058,0.712480367456472,0.0401333675333741,-0.416593791417856,0.749289857834589,-0.271979781064909,-0.0793659510564852,-0.31306185453703,0.412602176151654,0.336953395046779,-0.424951515806427,-0.24443102980096,0.463431939795551,0.589486234215797,-0.438845756109277,-0.384236420200272,work/glm/sub-23/GLM_run_1_block-03/DCM_sub-23_GLM_run_1_block-03_4ROI.mat,OK
sub-23,2,ALL,0,1,-0.0120161825845982,0.0299895977465,0.0406533603238429,0.0308014771699745,0.0343607983176453,-0.0119182616995286,0.0438180231653602,0.0328494657223946,0.0339255298273796,0.0315661289816232,-0.0173753729117546,0.0324539707406174,0.0335995397326809,0.0310455970036691,0.0432426256632393,-0.0119458374810292,work/glm/sub-23/GLM_run_2_ALL/DCM_sub-23_GLM_run_2_ALL_4ROI.mat,OK
sub-23,2,Block-01,1,0,0.0117116362252763,-0.0130863917687499,-0.0270286084219387,-0.01218332878537,-0.00378661553052238,0.00469499544142409,-0.00705885794664534,-0.000821938366376366,0.000930961034385342,0.00242783616477008,0.0042496161174336,0.00288506023368167,-0.000369543534367819,0.00141467100212173,-0.00222851534372861,0.00293531718948226,work/glm/sub-23/GLM_run_2_block-01/DCM_sub-23_GLM_run_2_block-01_4ROI.mat,OK
sub-23,2,Block-02,2,0,0.00120343418101095,0.00769834598593084,0.00666651955071626,0.00577292883337278,-0.0068240873546702,0.00409790470565999,-0.00434814532671433,-0.00630351393566748,-0.00216536895595162,0.00264976478343787,0.00401288427467532,-0.00171513776205479,0.00180734411938491,0.00556850681449565,0.00359537604835362,0.0027681992326075,work/glm/sub-23/GLM_run_2_block-02/DCM_sub-23_GLM_run_2_block-02_4ROI.mat,OK
sub-23,2,Block-03,3,0,-0.0485158967226473,0.0714292656852288,0.0749635637252502,0.0525278949556855,0.0703859804865125,-0.0458236503741248,0.0697786273806163,0.0491401472598747,0.0775215571282676,0.0729139166694589,-0.0537816359279154,0.0575900586883963,0.0516908553714773,0.0482354573360534,0.0555021872172867,-0.0360839782142432,work/glm/sub-23/GLM_run_2_block-03/DCM_sub-23_GLM_run_2_block-03_4ROI.mat,OK
sub-24,1,ALL,0,1,-0.0373444207889142,0.0842112988864826,0.0919132048475937,0.0543054237395909,0.0836913028930776,-0.0364394297142887,0.0895809401277183,0.0530728022545726,0.080120015708984,0.0794621054363569,-0.038035287654788,0.0512903217407791,0.0382970250527159,0.0378780148526768,0.0390692913738181,-0.00862911624395113,work/glm/sub-24/GLM_run_1_ALL/DCM_sub-24_GLM_run_1_ALL_4ROI.mat,OK
sub-24,1,Block-01,1,0,-0.000386621684690958,0.00908801155358095,0.00839319007663141,0.00815862811898799,0.0138429917821905,-0.0035845308688016,0.0149002928260868,0.0140092893722152,0.00683399357468469,0.0069733801238216,0.000743565761388073,0.00636423563895373,0.00430438063845958,0.00405995790114326,0.00325482519682637,0.00210333855348283,work/glm/sub-24/GLM_run_1_block-01/DCM_sub-24_GLM_run_1_block-01_4ROI.mat,OK
sub-24,1,Block-02,2,0,-0.000222192588908295,0.00806430913243524,0.00782671535081369,0.00782939771976087,0.00825689890127888,-0.00012631279469239,0.00782896341659392,0.0078316054755181,0.00833207938620368,0.00811037036143497,-1.22748504002524e-05,0.00784004858384687,0.00792026118031233,0.00787400970327662,0.00781699329172519,-2.56255967817745e-06,work/glm/sub-24/GLM_run_1_block-02/DCM_sub-24_GLM_run_1_block-02_4ROI.mat,OK
sub-24,1,Block-03,3,0,-0.0422568592285332,0.0623123161484715,0.0521512756938714,0.0550373040201477,0.0649271829096514,-0.0459977967131745,0.055417797626405,0.0585130679474251,0.0568167004896047,0.0579669539309556,-0.0495716801366558,0.0547283556605031,0.0549367801529457,0.0557448375356161,0.0515702710315716,-0.0485944690850763,work/glm/sub-24/GLM_run_1_block-03/DCM_sub-24_GLM_run_1_block-03_4ROI.mat,OK
sub-24,2,ALL,0,1,-0.0216382699354752,0.00698069887330918,-0.0532824094625512,0.0243267876314052,0.043113495530729,0.000312686686960021,-0.0410620337337095,0.0210690433124176,0.0259576962539897,0.008274532198103,0.0120862734460092,0.0151967397791332,0.0486682023658097,0.0079754749061588,-0.0473669857834225,-0.0079457983270885,work/glm/sub-24/GLM_run_2_ALL/DCM_sub-24_GLM_run_2_ALL_4ROI.mat,OK
sub-24,2,Block-01,1,0,0.00328526459080198,0.000618166141300727,0.00335589609210529,0.000326115789583718,-0.00605053934796332,0.00736265939672666,-0.00237181055097768,-0.00553442787284759,0.00932801472949225,0.00843287160611756,-0.0011244577149274,0.00535960804999089,-0.0245689944526647,-0.025974124688023,-0.0163915859121018,0.0150944958091419,work/glm/sub-24/GLM_run_2_block-01/DCM_sub-24_GLM_run_2_block-01_4ROI.mat,OK
sub-24,2,Block-02,2,0,-0.000199086074533601,0.0077945528518657,0.00801826013148502,0.00772355374143967,0.00820184643187362,8.4683623239367e-06,0.00801389864952729,0.00772635397849268,0.00815364734422542,0.00779789615231638,-8.82239049729809e-05,0.00773725883178373,0.00830944964194908,0.00779128585610849,0.008069755252401,5.46954382426175e-05,work/glm/sub-24/GLM_run_2_block-02/DCM_sub-24_GLM_run_2_block-02_4ROI.mat,OK
sub-24,2,Block-03,3,0,-0.0556869194806083,0.187792476507375,0.245939911892321,0.186702775448957,0.057372722485722,-0.0765036024619159,0.277723626665478,0.19885081416271,0.0200900615560784,0.163241474137893,-0.133908175553249,0.21307892356674,-0.00531575213843028,0.118656353055886,0.241631106411135,-0.0752984007311005,work/glm/sub-24/GLM_run_2_block-03/DCM_sub-24_GLM_run_2_block-03_4ROI.mat,OK
sub-25,1,ALL,0,1,0,0.0078125,0.0078125,0.0078125,0.0078125,0,0.0078125,0.0078125,0.0078125,0.0078125,0,0.0078125,0.0078125,0.0078125,0.0078125,0,work/glm/sub-25/GLM_run_1_ALL/DCM_sub-25_GLM_run_1_ALL_4ROI.mat,OK
sub-25,1,Block-01,1,0,0,0.0078125,0.0078125,0.0078125,0.0078125,0,0.0078125,0.0078125,0.0078125,0.0078125,0,0.0078125,0.0078125,0.0078125,0.0078125,0,work/glm/sub-25/GLM_run_1_block-01/DCM_sub-25_GLM_run_1_block-01_4ROI.mat,OK
sub-25,1,Block-02,2,0,0,0.0078125,0.0078125,0.0078125,0.0078125,0,0.0078125,0.0078125,0.0078125,0.0078125,0,0.0078125,0.0078125,0.0078125,0.0078125,0,work/glm/sub-25/GLM_run_1_block-02/DCM_sub-25_GLM_run_1_block-02_4ROI.mat,OK
sub-25,1,Block-03,3,0,-0.0428847081821076,0.0681907243626406,0.0684704150349167,0.0557432511739948,0.0699562923187814,-0.0505799024912648,0.0760134480957691,0.0609572777687458,0.0687674090870242,0.075608823431735,-0.0570615942813572,0.0605022394971845,0.0502834731865575,0.0530605926495311,0.053225874746952,-0.0417372117782212,work/glm/sub-25/GLM_run_1_block-03/DCM_sub-25_GLM_run_1_block-03_4ROI.mat,OK
sub-25,2,ALL,0,1,-0.073939887968728,0.142213839850878,0.157939216823464,0.1746114550061,0.168586025012389,-0.0645253616707414,0.158156707329348,0.173139354099028,0.140861751594434,0.116513048011534,-0.059233097900732,0.150116871302042,0.136841106439532,0.107457098989756,0.131930212437137,-0.0669739376040139,work/glm/sub-25/GLM_run_2_ALL/DCM_sub-25_GLM_run_2_ALL_4ROI.mat,OK
sub-25,2,Block-01,1,0,-0.0985665742176418,0.252698172235296,0.221895008377154,-0.18590027327835,0.245072969837062,-0.124931456549504,0.251474182944067,-0.174523793609489,0.23733854063154,0.270739177848816,-0.10987145031199,-0.15194804609419,0.0417498243355895,0.0361145943647618,0.052377766804483,-0.0707543697174917,work/glm/sub-25/GLM_run_2_block-01/DCM_sub-25_GLM_run_2_block-01_4ROI.mat,OK
sub-25,2,Block-02,2,0,-6.6102806546936e-05,0.00738531726231682,0.0074560662912183,0.008682591046875,0.00797266063220523,0.000256898396018007,0.00738296829558416,0.00886067515087647,0.00802431245082971,0.00712458455176543,0.000287403352835333,0.00920957235959655,0.00796633521467445,0.00731102045755038,0.00739446014152411,-0.000509190095921577,work/glm/sub-25/GLM_run_2_block-02/DCM_sub-25_GLM_run_2_block-02_4ROI.mat,OK
sub-25,2,Block-03,3,0,-0.0699125717966699,0.314785058829511,0.0916429340717856,0.487628809537417,0.0403069207829012,-0.255202194197954,0.103503996906115,0.589500645840232,0.150728726752416,0.263593710521155,-0.0703199058523838,0.369965806071887,-0.129641449823188,0.301770324158014,-0.0170808664807854,-0.317428562818594,work/glm/sub-25/GLM_run_2_block-03/DCM_sub-25_GLM_run_2_block-03_4ROI.mat,OK
sub-26,1,ALL,0,1,-0.0563440883127245,0.137837326252361,0.169343016163717,0.107396395113502,0.152415481548439,-0.0695722356920871,0.198701352121147,0.123965684146434,0.210725590099153,0.22756077514129,-0.116768270052119,0.166906584098082,0.0902241732254328,0.0940674368248211,0.115417167630975,-0.0321123613287432,work/glm/sub-26/GLM_run_1_ALL/DCM_sub-26_GLM_run_1_ALL_4ROI.mat,OK
sub-26,1,Block-01,1,0,-0.0250111500289218,0.0655450246614033,0.0703100104146298,0.048937979193963,0.062300099855238,-0.0302513603737982,0.0764523289477202,0.0518394353880064,0.0537520200905035,0.0589604299750641,-0.0260941419407302,0.0445391661273299,0.0410016523110587,0.0456448020786066,0.0496447108372971,-0.0132464537609641,work/glm/sub-26/GLM_run_1_block-01/DCM_sub-26_GLM_run_1_block-01_4ROI.mat,OK
sub-26,1,Block-02,2,0,-7.06018026132713e-05,0.00805980158521538,0.00762292173182094,0.008127284095455,0.00790529692575164,-8.16998998848678e-05,0.00768491321039445,0.00802124739517124,0.0080407269609588,0.00820635627315715,0.000144059868186507,0.00831079728427966,0.00799559475235953,0.0081314385802776,0.00757184064782013,-0.000202650348086784,work/glm/sub-26/GLM_run_1_block-02/DCM_sub-26_GLM_run_1_block-02_4ROI.mat,OK
sub-26,1,Block-03,3,0,-0.042371391245861,0.062426668902637,0.0619534652730557,0.047601513551389,0.0648884707823178,-0.0463356028122103,0.0693364272061461,0.0510507056880683,0.0642899543589282,0.0698166764288865,-0.0607336838072959,0.0524190662577235,0.044669534751589,0.0449739595317613,0.0455760652248465,-0.0422194503943744,work/glm/sub-26/GLM_run_1_block-03/DCM_sub-26_GLM_run_1_block-03_4ROI.mat,OK
sub-26,2,ALL,0,1,-0.000547701504899744,0.0081429563506662,-0.0039722510858078,0.0181823158247453,0.00866537491328466,-0.000127476450550665,-0.00140649403032165,0.0159174693513186,0.00860000416673203,0.00805604142853123,0.00418733107595716,0.0151299384639199,0.0089371185308093,0.00814116342569387,-0.00449197428050357,-0.00540752053558449,work/glm/sub-26/GLM_run_2_ALL/DCM_sub-26_GLM_run_2_ALL_4ROI.mat,OK
sub-26,2,Block-01,1,0,-0.00037036958496086,0.00710959644430382,0.0112093481988783,0.00870601324832262,2.79808081510933e-05,0.00399156860345712,-0.000819372645794935,0.000583546724512827,0.0302248162896572,0.0259576937842898,-0.0162942277891425,0.0292537025135585,0.0092006125688791,0.00829965728152475,0.0109592594632092,-0.000701796467688396,work/glm/sub-26/GLM_run_2_block-01/DCM_sub-26_GLM_run_2_block-01_4ROI.mat,OK
sub-26,2,Block-02,2,0,-0.000159622098564454,0.00863788850802187,0.00680999277460118,0.00841079904889693,0.00797935248174416,-0.000216893241831097,0.00728426657925034,0.00812724392453144,0.00823906399511968,0.00891603158421035,0.000674982148855484,0.00861027757720068,0.00795852868584544,0.00818835566441411,0.00735890957456931,-0.000136376267239294,work/glm/sub-26/GLM_run_2_block-02/DCM_sub-26_GLM_run_2_block-02_4ROI.mat,OK
sub-26,2,Block-03,3,0,-0.176099513569773,0.209287875415283,0.480827624167319,0.152890158019706,0.206394300000252,-0.169616973284865,0.523632806745418,0.157777133737462,-0.00320530002244783,-0.0138396432853781,-0.392341338491872,0.0562549781905919,0.175128410839249,0.181060899140047,0.305836445666135,-0.18160306264966,work/glm/sub-26/GLM_run_2_block-03/DCM_sub-26_GLM_run_2_block-03_4ROI.mat,OK
sub-27,1,ALL,0,1,-0.00161979183447295,0.0105683764597809,0.00423995740406321,0.0111576156384059,0.0106876402377734,-0.00122091477099776,0.00465463881556697,0.0107776418063514,0.01048709132979,0.0100864429378924,0.00145477941567466,0.0105520184948872,0.010574440160486,0.010159268146466,0.00476174894887987,-0.00142410606633697,work/glm/sub-27/GLM_run_1_ALL/DCM_sub-27_GLM_run_1_ALL_4ROI.mat,OK
sub-27,1,Block-01,1,0,3.99092206089071e-06,0.00780859585179702,0.00780811138965149,0.00781030838715812,0.0080743901120136,-9.09572490704158e-05,0.00800466563947666,0.00797506044303064,0.00805198036681134,0.0079775894772576,-8.72033462869161e-05,0.00795954038169119,0.00778531595611302,0.00779567563303481,0.00779437022733757,7.10584411276259e-06,work/glm/sub-27/GLM_run_1_block-01/DCM_sub-27_GLM_run_1_block-01_4ROI.mat,OK
sub-27,1,Block-02,2,0,-6.8296574753964e-05,0.00772678924325735,0.00750843987773659,0.0082053011927927,0.00795831778235954,4.57325221143711e-05,0.00748797461571334,0.00823112183935278,0.00795290614331584,0.00772570860333601,0.000154820710317469,0.00821351340785596,0.00786574748934447,0.00777875359592238,0.00769333440556688,-7.68354634010143e-05,work/glm/sub-27/GLM_run_1_block-02/DCM_sub-27_GLM_run_1_block-02_4ROI.mat,OK
sub-27,1,Block-03,3,0,-0.212078626646099,0.0702787928462213,0.667415571882528,0.00110454665749359,0.377479616322707,-0.0703754383484244,0.377307445631711,0.161460377273035,0.447241167828865,-0.0946880071952987,-0.256615506543914,-0.170001417615422,0.393871363604773,0.0934434245377648,0.420734241745191,-0.0567192873445977,work/glm/sub-27/GLM_run_1_block-03/DCM_sub-27_GLM_run_1_block-03_4ROI.mat,OK
sub-27,2,ALL,0,1,-0.0299035287391153,0.0646235725063082,0.0387077925437468,0.0477613696276759,0.0708357051218191,-0.0284485483038833,0.0394805581787695,0.0489886119787198,0.027176569358863,0.0264373321828125,-0.00488090881922711,0.0210500882810477,0.043793169459402,0.0412736229977979,0.0259006791582926,-0.0116560083380661,work/glm/sub-27/GLM_run_2_ALL/DCM_sub-27_GLM_run_2_ALL_4ROI.mat,OK
sub-27,2,Block-01,1,0,-0.0212751972901692,0.0497981439933033,0.0504882642424238,0.0447462119418281,0.0653271745228065,-0.0271620202876978,0.0645847814679189,0.0571455848058518,0.0471815947806052,0.0460313187681227,-0.0191180290275125,0.0413783283758294,0.027613729549697,0.0294152812119037,0.0269269302259075,-0.0074612464633675,work/glm/sub-27/GLM_run_2_block-01/DCM_sub-27_GLM_run_2_block-01_4ROI.mat,OK
sub-27,2,Block-02,2,0,-0.000294234798297638,0.00802279981260884,0.00675948334423801,0.00810971904925134,0.00834684171455342,-9.54454882778224e-05,0.0068570900308428,0.00808169696960148,0.00863851854955333,0.00810817591501003,0.000737028226740801,0.00822639514896601,0.00822095939023969,0.00795822334902084,0.00708122620555208,-0.00010271975775318,work/glm/sub-27/GLM_run_2_block-02/DCM_sub-27_GLM_run_2_block-02_4ROI.mat,OK
sub-27,2,Block-03,3,0,-0.0475448546188722,0.069370625529979,0.0598896064558115,0.0501973244962289,0.0682995872974181,-0.0456437870744879,0.0582421245082267,0.0451692008146891,0.0629393285989085,0.0622807354342489,-0.0539049730374472,0.0460922435967273,0.0488208766940255,0.0447362541759077,0.0420155664208631,-0.0368844269512901,work/glm/sub-27/GLM_run_2_block-03/DCM_sub-27_GLM_run_2_block-03_4ROI.mat,OK
sub-28,1,ALL,0,1,-0.0857760313013081,0.189621092591773,0.156478472643569,0.159612299621298,0.179401903073431,-0.0763520810216958,0.144718334091407,0.146221584769745,0.116204127614976,0.115473190387339,-0.0473062238763333,0.0961307482465654,0.137788767666518,0.134970384995678,0.118345035096968,-0.0496768284539619,work/glm/sub-28/GLM_run_1_ALL/DCM_sub-28_GLM_run_1_ALL_4ROI.mat,OK
sub-28,1,Block-01,1,0,-0.0125714338659131,0.0384351396606982,0.036346501196134,0.0356100948804683,0.0541542583791844,-0.0253799256808839,0.0511618155786065,0.0542620745603616,0.0554561086656368,0.0627029063677802,-0.0235241119970059,0.0572398696293133,0.0463271187120612,0.0522062833981039,0.0466687434963381,-0.0196445658732507,work/glm/sub-28/GLM_run_1_block-01/DCM_sub-28_GLM_run_1_block-01_4ROI.mat,OK
sub-28,1,Block-02,2,0,-0.000176554375399952,0.00769945342160397,0.00728892419766839,0.00820096420407991,0.0081308347995123,5.0870044215222e-05,0.00734241956758516,0.00816210259306213,0.0082149496539895,0.00768480559028508,0.000296295495930773,0.0082544820671262,0.00809130499209124,0.00772299858173488,0.00739885651834997,-0.000153236671032009,work/glm/sub-28/GLM_run_1_block-02/DCM_sub-28_GLM_run_1_block-02_4ROI.mat,OK
sub-28,1,Block-03,3,0,-0.0442634702587752,0.0649211158641116,0.0494542244079992,0.050618863927454,0.0659063118050762,-0.045224339786574,0.0524766860243681,0.0492285963707708,0.0454052961744846,0.0467350199622937,-0.0455800496853136,0.0374951507989695,0.0483254702160877,0.0457243497077758,0.0351279500401627,-0.038483366998917,work/glm/sub-28/GLM_run_1_block-03/DCM_sub-28_GLM_run_1_block-03_4ROI.mat,OK
sub-28,2,ALL,0,1,0,0.0078125,0.0078125,0.0078125,0.0078125,0,0.0078125,0.0078125,0.0078125,0.0078125,0,0.0078125,0.0078125,0.0078125,0.0078125,0,work/glm/sub-28/GLM_run_2_ALL/DCM_sub-28_GLM_run_2_ALL_4ROI.mat,OK
sub-28,2,Block-01,1,0,0,0.0078125,0.0078125,0.0078125,0.0078125,0,0.0078125,0.0078125,0.0078125,0.0078125,0,0.0078125,0.0078125,0.0078125,0.0078125,0,work/glm/sub-28/GLM_run_2_block-01/DCM_sub-28_GLM_run_2_block-01_4ROI.mat,OK
sub-28,2,Block-02,2,0,0,0.0078125,0.0078125,0.0078125,0.0078125,0,0.0078125,0.0078125,0.0078125,0.0078125,0,0.0078125,0.0078125,0.0078125,0.0078125,0,work/glm/sub-28/GLM_run_2_block-02/DCM_sub-28_GLM_run_2_block-02_4ROI.mat,OK
sub-28,2,Block-03,3,0,-0.241920379933869,0.433672728419066,0.0738212389941395,-0.0872314136720223,0.420494501147804,-0.239465666419891,0.0746631912810854,-0.0843648557412288,0.195742059191379,0.195579257777842,-0.0312804004083588,0.0425419689450601,0.284272022962094,0.283144855628411,0.0854402077375307,-0.0391895006787921,work/glm/sub-28/GLM_run_2_block-03/DCM_sub-28_GLM_run_2_block-03_4ROI.mat,OK
sub-29,1,ALL,0,1,0.0126247940126503,-0.0266094428278228,-0.00837136173395004,-0.0295343745503479,-0.0184975162549859,0.0184873869675197,-0.00920239076925432,-0.0316123636343767,-0.0401966588946312,-0.0587632951362537,0.0151712742102335,-0.0649637453563196,-0.00309867624848555,-0.00722310519662591,0.000659796874779853,0.00820749298749513,work/glm/sub-29/GLM_run_1_ALL/DCM_sub-29_GLM_run_1_ALL_4ROI.mat,OK
sub-29,1,Block-01,1,0,1.86728975829815e-05,0.00776532961300689,0.00775974034979353,0.00779339311766913,0.00779834329675211,9.12764596634807e-06,0.00779193188926139,0.00780603207914022,0.00788477331735803,0.00790079585449701,-4.86741164243254e-05,0.0078553618275668,0.00772169665565329,0.00769850919137979,0.00768531148904814,2.40028057751607e-05,work/glm/sub-29/GLM_run_1_block-01/DCM_sub-29_GLM_run_1_block-01_4ROI.mat,OK
sub-29,1,Block-02,2,0,1.03925046967561e-05,0.00776312091136013,0.00772079914300246,0.00779576107957532,0.00779199860401311,2.24206162817853e-05,0.0077314509585089,0.00779548743990667,0.00771761214483782,0.00755377926956416,0.000250599195277066,0.00774123514346342,0.0078477268941883,0.00792920178181191,0.008050017796487,-1.17054242904926e-05,work/glm/sub-29/GLM_run_1_block-02/DCM_sub-29_GLM_run_1_block-02_4ROI.mat,OK
sub-29,1,Block-03,3,0,-0.0850109531793022,0.274077040936446,0.304286421374464,-0.0105109243297345,0.185744798216412,-0.113607455829539,0.308039880876563,-0.0410917862993811,0.161490618266781,0.257112765930562,-0.125842681244672,-0.0833556354698274,0.20051829986505,0.24382266225114,0.260548985321879,-0.00936092982494969,work/glm/sub-29/GLM_run_1_block-03/DCM_sub-29_GLM_run_1_block-03_4ROI.mat,OK
sub-29,2,ALL,0,1,0,0.0078125,0.0078125,0.0078125,0.0078125,0,0.0078125,0.0078125,0.0078125,0.0078125,0,0.0078125,0.0078125,0.0078125,0.0078125,0,work/glm/sub-29/GLM_run_2_ALL/DCM_sub-29_GLM_run_2_ALL_4ROI.mat,OK
sub-29,2,Block-01,1,0,0,0.0078125,0.0078125,0.0078125,0.0078125,0,0.0078125,0.0078125,0.0078125,0.0078125,0,0.0078125,0.0078125,0.0078125,0.0078125,0,work/glm/sub-29/GLM_run_2_block-01/DCM_sub-29_GLM_run_2_block-01_4ROI.mat,OK
sub-29,2,Block-02,2,0,0,0.0078125,0.0078125,0.0078125,0.0078125,0,0.0078125,0.0078125,0.0078125,0.0078125,0,0.0078125,0.0078125,0.0078125,0.0078125,0,work/glm/sub-29/GLM_run_2_block-02/DCM_sub-29_GLM_run_2_block-02_4ROI.mat,OK
sub-29,2,Block-03,3,0,-0.134477391159015,0.261840847066151,0.250131836640999,0.164691736190352,-0.144200658422748,-0.136968624810436,0.346530777125459,0.390121197776826,-0.151646646899737,0.313912388208902,-0.147228519524345,0.387664225352954,-0.26010194396736,0.277249850520722,0.302432610947365,-0.159432664266318,work/glm/sub-29/GLM_run_2_block-03/DCM_sub-29_GLM_run_2_block-03_4ROI.mat,OK
sub-30,1,ALL,0,1,-0.0730493677779619,0.162774198667134,0.177384802127707,0.136388599346622,0.159701933249771,-0.0667431210695716,0.168418794779729,0.128989519215047,0.18573903729531,0.177905112944071,-0.0824826297299704,0.149624598093489,0.123082022628205,0.118925602673886,0.130302219824288,-0.0430374067847184,work/glm/sub-30/GLM_run_1_ALL/DCM_sub-30_GLM_run_1_ALL_4ROI.mat,OK
sub-30,1,Block-01,1,0,-0.00132539705912951,0.0108729341037058,0.0109278321426467,0.00880337228093583,0.0163801320398456,-0.00425860222224372,0.0175383339348955,0.0131169316963808,0.0140026472500166,0.0139530485201401,-0.00349302623030057,0.0117181792545996,-0.00351680220381402,-0.00220152304772397,-0.00474914023247102,0.00460134662926532,work/glm/sub-30/GLM_run_1_block-01/DCM_sub-30_GLM_run_1_block-01_4ROI.mat,OK
sub-30,1,Block-02,2,0,-0.000367833301918198,0.00835737323477146,0.00842779203130261,0.0088024470391961,0.00840948821721277,-0.000221734510029906,0.00831272129066224,0.0086124599482725,0.00877441360493276,0.00852434346069324,-0.000401642378909085,0.00910544679087269,0.00797185778432031,0.00792996923894256,0.00794551685583082,-0.000107947233849259,work/glm/sub-30/GLM_run_1_block-02/DCM_sub-30_GLM_run_1_block-02_4ROI.mat,OK
sub-30,1,Block-03,3,0,-0.210222052154935,0.203177804925915,0.29882496195678,-0.0335229598676958,0.208088246790531,-0.197930263133446,0.286978275072345,-0.0248691497733295,0.203357822275739,0.192172983783953,-0.243097641087386,-0.0796329956201729,0.197027013606856,0.189789656182735,0.223950489647017,-0.044076923209041,work/glm/sub-30/GLM_run_1_block-03/DCM_sub-30_GLM_run_1_block-03_4ROI.mat,OK
sub-30,2,ALL,0,1,-0.158682287756563,0.160688217097022,0.174690435643628,0.16919524297996,0.14495081682385,-0.129034507157563,0.152930698090811,0.148256851136691,0.136918091909411,0.134434286323997,-0.137918926216101,0.145014489436977,0.129203208450415,0.126050358820756,0.142412931148134,-0.125538386240311,work/glm/sub-30/GLM_run_2_ALL/DCM_sub-30_GLM_run_2_ALL_4ROI.mat,OK
sub-30,2,Block-01,1,0,-0.0319610228172934,0.0663826265000027,0.0829363930310379,0.0660834107551258,0.062266079178587,-0.0237043877783055,0.0706359207570609,0.0567139771091264,0.0930835121629569,0.0840401692970274,-0.0460945164934475,0.0819719926824236,0.0640662796796394,0.0580264028397601,0.0716223414681627,-0.0241336124695987,work/glm/sub-30/GLM_run_2_block-01/DCM_sub-30_GLM_run_2_block-01_4ROI.mat,OK
sub-30,2,Block-02,2,0,-6.13700173722125e-05,0.0078592677004771,0.00724155909449243,0.00817833990305772,0.00793659374194949,-2.36230311106367e-05,0.00723570901161098,0.00818207388419498,0.00793924253482329,0.00786074417094065,0.00029452315628453,0.00818952095734437,0.00791884407320506,0.00785298736513564,0.0073179469837872,-0.000158371056854943,work/glm/sub-30/GLM_run_2_block-02/DCM_sub-30_GLM_run_2_block-02_4ROI.mat,OK
sub-30,2,Block-03,3,0,-0.262028077356762,0.60581895746163,-0.208589094042214,0.0664119351621512,0.639005353543879,-0.221542096949318,-0.18661319127872,0.063014418492716,0.180638622924921,0.196732286680224,-0.0640201312500276,0.419067600303467,0.502022018445176,0.467371251811177,-0.299733108175876,-0.200265815946291,work/glm/sub-30/GLM_run_2_block-03/DCM_sub-30_GLM_run_2_block-03_4ROI.mat,OK
sub-31,1,ALL,0,1,-0.000161532141618847,0.00796480298387956,0.00858360868312137,0.00781497189781305,0.00810309746796864,-6.86468424024362e-05,0.00850470734125899,0.00781558993694213,0.00826151493866777,0.00802297069781234,-0.000536793172399413,0.00781366516667279,0.00810839416745737,0.00795264504352058,0.00851657953200423,-1.87977934435131e-06,work/glm/sub-31/GLM_run_1_ALL/DCM_sub-31_GLM_run_1_ALL_4ROI.mat,OK
sub-31,1,Block-01,1,0,0.00188992322214927,0.00409277094115808,0.00331485465366488,0.00485793605434145,0.00267950418532887,0.00254422832024974,0.00172783486273379,0.00377683642572661,0.0251654867855236,0.0245522697497546,-0.0126116831415113,0.0201037548306534,-0.000618594710956639,-0.000400699846480312,-0.00361422043284962,0.00313052668173004,work/glm/sub-31/GLM_run_1_block-01/DCM_sub-31_GLM_run_1_block-01_4ROI.mat,OK
sub-31,1,Block-02,2,0,1.87630070796135e-05,0.00758274891544613,0.00732646000679443,0.00802387452159656,0.00776805912679803,0.000137193413022064,0.00723129389000037,0.00806555930737017,0.00775630778800936,0.00746440306523251,0.000368324531324788,0.00813331682313276,0.00777158109914934,0.00755732421168078,0.0072715864124305,-0.000118293075455864,work/glm/sub-31/GLM_run_1_block-02/DCM_sub-31_GLM_run_1_block-02_4ROI.mat,OK
sub-31,1,Block-03,3,0,-0.104464863112699,0.41511842034801,0.402760635158693,-0.0469195709904938,0.186625264805258,-0.192996539802294,0.455922430909583,-0.216377858661564,0.175470838821426,0.447892301642865,-0.179464242702761,-0.211172186932342,0.24017810337402,0.331930432568622,0.332344377372175,0.0109350380692504,work/glm/sub-31/GLM_run_1_block-03/DCM_sub-31_GLM_run_1_block-03_4ROI.mat,OK
sub-31,2,ALL,0,1,-0.13677986187531,0.164614903771283,0.15844824337288,0.157637212372203,0.1614755507619,-0.1326367410893,0.155506099921037,0.153997938497422,0.142113154183049,0.140374768588092,-0.109727713949879,0.137141638532657,0.140606251069833,0.138993238449627,0.134239428079399,-0.108709392172481,work/glm/sub-31/GLM_run_2_ALL/DCM_sub-31_GLM_run_2_ALL_4ROI.mat,OK
sub-31,2,Block-01,1,0,-0.00293535197522541,0.0129281943264436,0.0146083633687508,0.00946440250180668,0.00793022895867136,0.000245501148265963,0.00840485165807893,0.00491510767473674,0.0196256553971882,0.0186648723562099,-0.00652774056315272,0.0141515463794344,-0.0141026934894923,-0.0135363908999893,-0.0156199897424057,0.00902825483364733,work/glm/sub-31/GLM_run_2_block-01/DCM_sub-31_GLM_run_2_block-01_4ROI.mat,OK
sub-31,2,Block-02,2,0,-8.07398310148222e-05,0.00810976828334274,0.00769274227468373,0.00810334914617115,0.00798456728272255,-0.00015851609338593,0.00768332117834761,0.00812319458206905,0.00802532149378571,0.00820573962885453,8.0370772852519e-05,0.00819663260789384,0.00791882370533468,0.00800633858833676,0.00773726829911846,-9.48365024719604e-05,work/glm/sub-31/GLM_run_2_block-02/DCM_sub-31_GLM_run_2_block-02_4ROI.mat,OK
sub-31,2,Block-03,3,0,-0.0872933358916141,0.0523175680416399,0.156429173579784,0.264797139699623,0.223866594267163,-0.0698026808441941,0.195200939152183,0.228266460305688,0.184910267599119,0.0748720953078706,-0.0650971528145126,0.226592059943506,0.178909586451315,-0.0530431587138487,0.118401927738853,-0.126656440565985,work/glm/sub-31/GLM_run_2_block-03/DCM_sub-31_GLM_run_2_block-03_4ROI.mat,OK
sub-32,1,ALL,0,1,-0.0664492126656189,0.121702422916956,0.177305085607996,0.157203087354399,0.129709042851241,-0.0458408439735757,0.152628996874246,0.136219009764907,0.185231139369031,0.151608281142303,-0.0944670132487789,0.18949081836285,0.126155182829653,0.097732442469461,0.150281453461316,-0.0607537116654307,work/glm/sub-32/GLM_run_1_ALL/DCM_sub-32_GLM_run_1_ALL_4ROI.mat,OK
sub-32,1,Block-01,1,0,-0.00199230468848869,0.0126829867660046,0.0102236791034501,0.00731181116232391,0.0198922549437833,-0.00618180758976658,0.0182707588102441,0.0133378651709622,-0.00106204445469273,0.00127437877465166,0.00574900238572932,-0.0044994279741034,-0.0178756379865935,-0.0150454539234089,-0.0196051179587184,0.0117145372501937,work/glm/sub-32/GLM_run_1_block-01/DCM_sub-32_GLM_run_1_block-01_4ROI.mat,OK
sub-32,1,Block-02,2,0,-0.000141618172050523,0.00772143442894606,0.00796543068172582,0.00867173148504049,0.00809468417814934,4.43035602931972e-05,0.00796549895223498,0.00866341750509762,0.00817019430429541,0.00770039571223008,-9.69687667946576e-05,0.00889187688757318,0.0080755352047469,0.0077285454563423,0.0079546506277298,-0.000398135390621758,work/glm/sub-32/GLM_run_1_block-02/DCM_sub-32_GLM_run_1_block-02_4ROI.mat,OK
sub-32,1,Block-03,3,0,-0.113651773027602,0.257306036726963,0.557795756405747,-0.0682342053798116,0.254492742682818,-0.107844972145056,0.539156183211369,-0.0644340153345076,0.224358515124071,0.219565286045974,-0.287340099162081,-0.269843335017074,0.243046896880784,0.23449753429562,0.349513443774766,0.0301360508608105,work/glm/sub-32/GLM_run_1_block-03/DCM_sub-32_GLM_run_1_block-03_4ROI.mat,OK
sub-32,2,ALL,0,1,-0.115420970972416,0.134826509161686,0.141601446017569,0.142434545505112,0.136120361743268,-0.1137764633156,0.141647857760845,0.142695736834385,0.157234498371087,0.155752132199284,-0.142018060714594,0.164209078009099,0.15162192776561,0.150395296412063,0.15732544912081,-0.13660291145888,work/glm/sub-32/GLM_run_2_ALL/DCM_sub-32_GLM_run_2_ALL_4ROI.mat,OK
sub-32,2,Block-01,1,0,-0.00591655128158042,0.0198861450501597,0.0222411763147021,0.0253557951502649,0.0226473456286341,-0.00744461527723887,0.0259254187061274,0.0298431217646977,0.019480893730092,0.0198051524590294,-0.00687455923879969,0.0246168808123717,0.0248004837751142,0.0249131256466443,0.0286872416878303,-0.0125515026192621,work/glm/sub-32/GLM_run_2_block-01/DCM_sub-32_GLM_run_2_block-01_4ROI.mat,OK
sub-32,2,Block-02,2,0,-0.000137437083093076,0.00794527281801061,0.00795287905115722,0.00810789333409362,0.00811935043136924,-7.42115175536654e-05,0.00796948793800949,0.0081418077290315,0.00823294907937998,0.00801510838298483,-0.000107081190546493,0.00826382222188625,0.00824563559106646,0.00801942901531525,0.00803152762393,-0.000232488496892551,work/glm/sub-32/GLM_run_2_block-02/DCM_sub-32_GLM_run_2_block-02_4ROI.mat,OK
sub-32,2,Block-03,3,0,-0.0577074098905553,0.151316190736883,0.210962475256796,0.0981679023022141,0.121806463091977,-0.0623413723024305,0.20416517409172,0.0890934803946541,0.133260334635066,0.155035274456016,-0.0952615879291664,0.0976313752206167,0.102261408597649,0.126486540302156,0.1913089761113,-0.029707827878456,work/glm/sub-32/GLM_run_2_block-03/DCM_sub-32_GLM_run_2_block-03_4ROI.mat,OK
sub-33,1,ALL,0,1,0,0.0078125,0.0078125,0.0078125,0.0078125,0,0.0078125,0.0078125,0.0078125,0.0078125,0,0.0078125,0.0078125,0.0078125,0.0078125,0,work/glm/sub-33/GLM_run_1_ALL/DCM_sub-33_GLM_run_1_ALL_4ROI.mat,OK
sub-33,1,Block-01,1,0,0,0.0078125,0.0078125,0.0078125,0.0078125,0,0.0078125,0.0078125,0.0078125,0.0078125,0,0.0078125,0.0078125,0.0078125,0.0078125,0,work/glm/sub-33/GLM_run_1_block-01/DCM_sub-33_GLM_run_1_block-01_4ROI.mat,OK
sub-33,1,Block-02,2,0,0,0.0078125,0.0078125,0.0078125,0.0078125,0,0.0078125,0.0078125,0.0078125,0.0078125,0,0.0078125,0.0078125,0.0078125,0.0078125,0,work/glm/sub-33/GLM_run_1_block-02/DCM_sub-33_GLM_run_1_block-02_4ROI.mat,OK
sub-33,1,Block-03,3,0,-0.249957099331757,0.66584667282137,-0.288600864411015,-0.0649544240382929,0.628805342990727,-0.252350992962119,-0.220616464208608,-0.0414043807192359,0.349626960349878,0.314872430455008,-0.0209376528907609,0.117898152259549,0.254844046628991,0.240538574142631,-0.0440474925451828,-0.00929710529546092,work/glm/sub-33/GLM_run_1_block-03/DCM_sub-33_GLM_run_1_block-03_4ROI.mat,OK
sub-33,2,ALL,0,1,0,0.0078125,0.0078125,0.0078125,0.0078125,0,0.0078125,0.0078125,0.0078125,0.0078125,0,0.0078125,0.0078125,0.0078125,0.0078125,0,work/glm/sub-33/GLM_run_2_ALL/DCM_sub-33_GLM_run_2_ALL_4ROI.mat,OK
sub-33,2,Block-01,1,0,0,0.0078125,0.0078125,0.0078125,0.0078125,0,0.0078125,0.0078125,0.0078125,0.0078125,0,0.0078125,0.0078125,0.0078125,0.0078125,0,work/glm/sub-33/GLM_run_2_block-01/DCM_sub-33_GLM_run_2_block-01_4ROI.mat,OK
sub-33,2,Block-02,2,0,0,0.0078125,0.0078125,0.0078125,0.0078125,0,0.0078125,0.0078125,0.0078125,0.0078125,0,0.0078125,0.0078125,0.0078125,0.0078125,0,work/glm/sub-33/GLM_run_2_block-02/DCM_sub-33_GLM_run_2_block-02_4ROI.mat,OK
sub-33,2,Block-03,3,0,-0.101593783096722,0.398712149877203,0.455761771615889,-0.0516466584832738,0.172308178241355,-0.173208355053716,0.527088516879295,-0.16893005293554,0.107570945622421,0.392907962030468,-0.211421846794975,-0.249746273969125,0.200535833181963,0.278082763891404,0.281826267694335,0.0137847450976078,work/glm/sub-33/GLM_run_2_block-03/DCM_sub-33_GLM_run_2_block-03_4ROI.mat,OK
sub-34,1,ALL,0,1,-0.146231898488408,0.154555236255849,0.157661380005536,0.167221575479854,0.146671684515365,-0.143551228694872,0.151606078082592,0.165198728759463,0.152028941983815,0.154177043597199,-0.153130492367822,0.173005919435804,0.111263681314297,0.115465401057819,0.116764914283992,-0.128084692461984,work/glm/sub-34/GLM_run_1_ALL/DCM_sub-34_GLM_run_1_ALL_4ROI.mat,OK
sub-34,1,Block-01,1,0,-0.0268558726059893,0.0612774398135603,0.0598579753837716,0.0306669242185333,0.059428808143988,-0.0246428776900103,0.0567485060409387,0.0294535939523769,0.0605718155650693,0.0591728926721305,-0.0245731253620231,0.0269186718471447,-0.0266092622540909,-0.0259064449511476,-0.0240361795739798,0.0166146306355027,work/glm/sub-34/GLM_run_1_block-01/DCM_sub-34_GLM_run_1_block-01_4ROI.mat,OK
sub-34,1,Block-02,2,0,0.00025066408548383,0.0074450860400345,0.00732123605573825,0.00849333975127528,0.00728641001816363,0.000192583646268744,0.00729716481152564,0.00852691738485046,0.00726837010524631,0.00741421220635295,0.000266367252928464,0.00855400228964259,0.00739867863509116,0.0075096868056961,0.00740685986694197,-0.000282738120741764,work/glm/sub-34/GLM_run_1_block-02/DCM_sub-34_GLM_run_1_block-02_4ROI.mat,OK
sub-34,1,Block-03,3,0,-0.0730684794444351,0.249190443110316,0.181243591131827,0.209811090079564,0.032186347150682,-0.134764713236245,0.148134445985107,0.264790249698372,0.053479970392499,0.230305205399304,-0.0568000903062545,0.198407365534033,-0.0139089779823192,0.250591639118569,0.103758826741856,-0.0979441690746622,work/glm/sub-34/GLM_run_1_block-03/DCM_sub-34_GLM_run_1_block-03_4ROI.mat,OK
sub-34,2,ALL,0,1,-0.169188016349681,0.153440305003484,0.149485532963348,0.158171091538181,0.146413162085267,-0.157562285426546,0.141358051445122,0.151100622558233,0.156654408221781,0.155955455862669,-0.165524447116451,0.156762121518806,0.123208810618939,0.1238757268954,0.118217039509171,-0.133342868967093,work/glm/sub-34/GLM_run_2_ALL/DCM_sub-34_GLM_run_2_ALL_4ROI.mat,OK
sub-34,2,Block-01,1,0,-0.00645752103304313,0.020390362825303,0.0232024642912033,0.0140175781398471,0.0209086226725412,-0.00630454924223104,0.0231641928585845,0.0139352059059957,0.0161855360839564,0.015955798785993,-0.00472584266155349,0.0114658400221409,0.00175911185308386,0.00211233718233783,-0.000952454962750669,0.00211807892851981,work/glm/sub-34/GLM_run_2_block-01/DCM_sub-34_GLM_run_2_block-01_4ROI.mat,OK
sub-34,2,Block-02,2,0,-5.04054469350062e-05,0.00778639909484472,0.00743360346781189,0.00841167770419381,0.00791902914132507,1.38312413734659e-05,0.00741195398096715,0.00844551465713703,0.00795580802493562,0.0077754203306509,0.00026893172978831,0.00866289821069114,0.00789646302149124,0.00779139334501787,0.0074993430297124,-0.000248237022724981,work/glm/sub-34/GLM_run_2_block-02/DCM_sub-34_GLM_run_2_block-02_4ROI.mat,OK
sub-34,2,Block-03,3,0,-0.156367207303561,0.124611683922732,0.111590104744636,0.199185037829471,0.214731001620311,-0.0868055386335362,0.11722433710891,0.176458905110319,0.187612052482123,0.112794632012233,-0.0631169094433694,0.153597837707782,0.211033049596798,0.0915888573350288,0.0802504744347221,-0.109536754208309,work/glm/sub-34/GLM_run_2_block-03/DCM_sub-34_GLM_run_2_block-03_4ROI.mat,OK
sub-35,1,ALL,0,1,-0.0561418364427949,0.122575443534787,0.108631187514853,0.11373083786021,0.123750179811234,-0.0535660862396663,0.10729896641584,0.111513404781039,0.107143017429327,0.101866602769812,-0.0384589226640359,0.0966379754248679,0.107564482020095,0.103954655383453,0.0915960247933281,-0.0428397266945898,work/glm/sub-35/GLM_run_1_ALL/DCM_sub-35_GLM_run_1_ALL_4ROI.mat,OK
sub-35,1,Block-01,1,0,-0.0089439283108525,0.0288494009338754,0.0134939908756947,0.0246100283086845,0.0469121981861254,-0.0211678091128079,0.0189542672640555,0.0457397338053969,0.0117518044311265,0.0134425067381694,-0.000875378947402745,0.0108158777331298,0.0149345521599792,0.0168213560671534,0.0103971605407707,-0.00308117918906171,work/glm/sub-35/GLM_run_1_block-01/DCM_sub-35_GLM_run_1_block-01_4ROI.mat,OK
sub-35,1,Block-02,2,0,-0.000244746423613516,0.00790767679835542,0.00766747126357035,0.00814030109735475,0.00835805594472273,-5.36046847854021e-05,0.00765278504278543,0.00817833276350736,0.0079479619180901,0.00783859161893343,2.02761251070332e-05,0.0079032145973404,0.00828150244482044,0.00790445477923375,0.00767487240299658,-0.000157064697918837,work/glm/sub-35/GLM_run_1_block-02/DCM_sub-35_GLM_run_1_block-02_4ROI.mat,OK
sub-35,1,Block-03,3,0,-0.0382233080191845,0.0485915260046378,0.0260518638052869,0.0443949199384219,0.049083583262994,-0.0356715654989823,0.0278749090710557,0.0411764065069001,0.0334685927405114,0.0329437308793697,-0.0924874628402203,0.0331928691072156,0.0488049143987735,0.0451101178334601,0.0316360224136956,-0.0399489647650423,work/glm/sub-35/GLM_run_1_block-03/DCM_sub-35_GLM_run_1_block-03_4ROI.mat,OK
sub-35,2,ALL,0,1,-0.00369356312560581,0.0171221537416605,0.00771823930190056,0.0176727601720651,0.0157674592284289,-0.00499335885443939,0.00769627460787962,0.0184163893674979,0.0148323731081829,0.0165995888841368,-1.07609488853413e-05,0.0171187979078161,0.0155863370432348,0.0175965769691494,0.00770505257043442,-0.00516721878954864,work/glm/sub-35/GLM_run_2_ALL/DCM_sub-35_GLM_run_2_ALL_4ROI.mat,OK
sub-35,2,Block-01,1,0,0.000407905925555492,0.00734062589626959,0.00986505125463008,0.00729511914358577,0.00914658984317354,-0.000702966557171604,0.0116570454684142,0.00943768705706748,0.0450788251569754,0.0408128063015833,-0.0164717960239632,0.0453349990417364,0.0118203464362212,0.0114882787818066,0.012855427728382,-0.00208825306145995,work/glm/sub-35/GLM_run_2_block-01/DCM_sub-35_GLM_run_2_block-01_4ROI.mat,OK
sub-35,2,Block-02,2,0,-0.000161419611523298,0.00802156969042552,0.00735658600123432,0.00851196919685497,0.0081702264428915,-0.000115577173941988,0.00730662301648839,0.0085873611243602,0.00826280086967458,0.00810493458103956,0.000312795995518674,0.00878178770395738,0.00804620219124682,0.0079630235599827,0.00747659486567132,-0.000254580996282297,work/glm/sub-35/GLM_run_2_block-02/DCM_sub-35_GLM_run_2_block-02_4ROI.mat,OK
sub-35,2,Block-03,3,0,-0.0978457998195879,0.101075718688867,0.416900424515438,0.266388350504662,0.225852207310107,-0.0342427922446639,0.43005108947671,0.273844370447416,0.0697781458536275,-0.0763429376340962,-0.157768291934238,0.128233616932441,0.179402063091313,0.0514787581381451,0.387637526081495,-0.091773291791481,work/glm/sub-35/GLM_run_2_block-03/DCM_sub-35_GLM_run_2_block-03_4ROI.mat,OK
sub-36,1,ALL,0,1,-0.0703863211859169,0.152108156065734,0.165215400198635,0.146317388421497,0.155586172504214,-0.0660636449521181,0.161465493263559,0.140914370036102,0.171696216217501,0.16383462508061,-0.0786158789180442,0.159208447105368,0.0985540135833086,0.0930565602294174,0.102325308590357,-0.0430014688580333,work/glm/sub-36/GLM_run_1_ALL/DCM_sub-36_GLM_run_1_ALL_4ROI.mat,OK
sub-36,1,Block-01,1,0,-0.00203517885624031,0.0122321028391276,0.0118824776047423,0.00749857243248758,0.0189842836549288,-0.00559448314267073,0.0183263919380233,0.0118967214813121,0.0158160495363575,0.0159632148840845,-0.00378289725332677,0.0102174952540509,-0.0325856386494729,-0.0303445733373886,-0.028335441317079,0.0150341483477084,work/glm/sub-36/GLM_run_1_block-01/DCM_sub-36_GLM_run_1_block-01_4ROI.mat,OK
sub-36,1,Block-02,2,0,-0.000197548017026839,0.00808444694152892,0.00796391742085641,0.00908391485229091,0.00816054159614726,-0.000120000612529762,0.00794721906661866,0.00892639609593451,0.00814483617611341,0.00804364131448573,-6.61117426641154e-05,0.00886239095687245,0.00803153081744973,0.00796292806773865,0.00789590563760451,-0.000353660775114064,work/glm/sub-36/GLM_run_1_block-02/DCM_sub-36_GLM_run_1_block-02_4ROI.mat,OK
sub-36,1,Block-03,3,0,-0.0667984092449212,0.105778952773344,0.284424738736872,0.203782466610722,0.169657525818962,-0.0620278088244579,0.232032770855002,0.184420565727602,0.05224196691379,-0.0235000267366432,-0.155868628268975,0.208493345907524,0.0737730476435178,0.0110593341320355,0.309728554257079,-0.085236867740526,work/glm/sub-36/GLM_run_1_block-03/DCM_sub-36_GLM_run_1_block-03_4ROI.mat,OK
sub-36,2,ALL,0,1,0.00365386295202455,-0.00327200862795345,-0.0163420509604659,0.00655361373440402,0.000440880378758694,0.00561170174637169,-0.0165919151785636,0.00654230373167437,0.00232495582251179,-0.000514200529198386,0.0091054266149324,0.00686567782740415,0.000474768494180827,-0.00333418410428375,-0.0164675494852626,0.000634231912833062,work/glm/sub-36/GLM_run_2_ALL/DCM_sub-36_GLM_run_2_ALL_4ROI.mat,OK
sub-36,2,Block-01,1,0,0.000412006484476582,0.00702657441028032,0.00856588171922565,0.00621124569463118,0.00614778295290433,0.000799722670388248,0.0079352505008679,0.00531336638799911,0.0250981485181921,0.0240664567018652,-0.0101899176532963,0.0218122078305371,-0.00257597161026751,-0.00198411051494967,-0.00206800472779176,0.00491150364362649,work/glm/sub-36/GLM_run_2_block-01/DCM_sub-36_GLM_run_2_block-01_4ROI.mat,OK
sub-36,2,Block-02,2,0,-3.12970309957773e-05,0.00768785670032507,0.00721522769892853,0.00802509547729595,0.00786586047570623,5.41764214105978e-05,0.00729580719370825,0.00799529262758387,0.00788677198942386,0.00766573208647931,0.000352157716834573,0.00806336733296563,0.00787156251102022,0.00769416508892562,0.00724647172772954,-0.000100514103302291,work/glm/sub-36/GLM_run_2_block-02/DCM_sub-36_GLM_run_2_block-02_4ROI.mat,OK
sub-36,2,Block-03,3,0,-0.286059199400324,0.381706858694468,-0.075421734287598,0.0114925658673663,0.500666073979603,-0.217663334449807,-0.0270532430303558,0.0350054460024162,0.357491978994689,0.293174258002463,-0.0448381532450954,0.123886365464834,0.396020969657888,0.294278995911829,0.0259313652306938,-0.0320647752992769,work/glm/sub-36/GLM_run_2_block-03/DCM_sub-36_GLM_run_2_block-03_4ROI.mat,OK
sub-37,1,ALL,0,1,0,0.0078125,0.0078125,0.0078125,0.0078125,0,0.0078125,0.0078125,0.0078125,0.0078125,0,0.0078125,0.0078125,0.0078125,0.0078125,0,work/glm/sub-37/GLM_run_1_ALL/DCM_sub-37_GLM_run_1_ALL_4ROI.mat,OK
sub-37,1,Block-01,1,0,0,0.0078125,0.0078125,0.0078125,0.0078125,0,0.0078125,0.0078125,0.0078125,0.0078125,0,0.0078125,0.0078125,0.0078125,0.0078125,0,work/glm/sub-37/GLM_run_1_block-01/DCM_sub-37_GLM_run_1_block-01_4ROI.mat,OK
sub-37,1,Block-02,2,0,0,0.0078125,0.0078125,0.0078125,0.0078125,0,0.0078125,0.0078125,0.0078125,0.0078125,0,0.0078125,0.0078125,0.0078125,0.0078125,0,work/glm/sub-37/GLM_run_1_block-02/DCM_sub-37_GLM_run_1_block-02_4ROI.mat,OK
sub-37,1,Block-03,3,0,-0.0729728003332349,0.255171447841666,0.276855341475521,0.00808273012663078,0.143625375355521,-0.10300718043166,0.266145854393728,-0.030796093913525,0.15250979134808,0.245123411616634,-0.114378270900887,-0.0114497709596533,0.154305047651844,0.260919192941728,0.276368066337393,0.0366266275478014,work/glm/sub-37/GLM_run_1_block-03/DCM_sub-37_GLM_run_1_block-03_4ROI.mat,OK
sub-37,2,ALL,0,1,-0.150258586482471,0.143361008867364,0.133373192646148,0.137014987225031,0.153292638982516,-0.168295422110834,0.14533422506638,0.14780696735192,0.162582170649688,0.166965336968283,-0.168167847401434,0.153870272401666,0.133125698381839,0.135411630130472,0.122927785554011,-0.13072690009341,work/glm/sub-37/GLM_run_2_ALL/DCM_sub-37_GLM_run_2_ALL_4ROI.mat,OK
sub-37,2,Block-01,1,0,0.00224057027730376,0.00376612896843392,0.00282919899283173,0.00171542214060903,0.00720326020664995,0.000106756607522573,0.00736580363108893,0.00472391590412569,0.00686588968186886,0.00725869230782083,0.000431457590742729,0.0045299993026784,-0.0198104444071163,-0.0190693971482446,-0.0242602275003588,0.013038485846918,work/glm/sub-37/GLM_run_2_block-01/DCM_sub-37_GLM_run_2_block-01_4ROI.mat,OK
sub-37,2,Block-02,2,0,-0.000213510948788802,0.00820182781213833,0.00797174387389636,0.00848529743325226,0.00816505238754425,-0.00016048637635072,0.00794348440000967,0.00836815094916486,0.00825223617418255,0.00821318067357112,-8.16485840075751e-05,0.00850522812028091,0.00823700625285977,0.00819946527946329,0.00797145222184568,-0.000333597534562525,work/glm/sub-37/GLM_run_2_block-02/DCM_sub-37_GLM_run_2_block-02_4ROI.mat,OK
sub-37,2,Block-03,3,0,-0.109519885011901,0.248690554314084,-0.036340610409516,0.174281555700476,0.255345248201691,-0.108693258345466,-0.00046165342618467,0.175383852364818,0.236482586457791,0.249849349434044,-0.0869041227940354,0.197405736140879,0.21844873449228,0.210063120266083,-0.0452675167059228,-0.0646752486998727,work/glm/sub-37/GLM_run_2_block-03/DCM_sub-37_GLM_run_2_block-03_4ROI.mat,OK
sub-38,1,ALL,0,1,0.00200397151912494,0.00318760931143843,0.0066885354779285,0.0083184360271027,-3.44322675839646e-05,0.00453510984222633,0.00608522306954822,0.00926428615617623,-0.0365619700720694,-0.04375325371093,0.00841619229689787,0.00940682423754576,-0.0354141639831525,-0.0424747618361897,-0.00929524778957177,-0.00038016526299311,work/glm/sub-38/GLM_run_1_ALL/DCM_sub-38_GLM_run_1_ALL_4ROI.mat,OK
sub-38,1,Block-01,1,0,-0.0144656024591395,0.0376300528049493,0.0346421372713489,0.0248055027682001,0.00969068562490731,-0.00269967306269829,0.0196410129152767,0.00407561477201893,-0.0373778702139411,-0.0288215095879315,0.00729694787969066,-0.0312641397174027,0.0484441176557541,0.0494120805081184,0.0458050251927141,-0.0114351722060098,work/glm/sub-38/GLM_run_1_block-01/DCM_sub-38_GLM_run_1_block-01_4ROI.mat,OK
sub-38,1,Block-02,2,0,-0.000339965323389617,0.0100437060560461,0.0103940199047552,0.00922255131493033,0.00672176916905486,0.000776170682696408,0.00907783280158097,0.011561667152604,-0.00812567143107417,-0.028213336720273,0.00844191592405187,0.0234909864086555,-0.018845726442095,-0.0519993566399848,-0.0191560305894825,-0.0135100492104431,work/glm/sub-38/GLM_run_1_block-02/DCM_sub-38_GLM_run_1_block-02_4ROI.mat,OK
sub-38,1,Block-03,3,0,-0.0544358089991416,0.10542281840729,0.0425876777987169,0.0687495077400788,0.135767753023761,-0.0571750513620185,0.0846093649628096,0.10394238599744,0.153937222399404,0.170612603510369,-0.0765511731871026,0.174263826179708,0.144511460242551,0.154959492971826,0.145465500030678,-0.0673994393853069,work/glm/sub-38/GLM_run_1_block-03/DCM_sub-38_GLM_run_1_block-03_4ROI.mat,OK
sub-38,2,ALL,0,1,-0.0424810516159777,0.0778659150898582,0.124605264103762,0.146396672630487,0.0829077188083797,-0.0280270000327575,0.105944412375226,0.127840220841322,0.151753573588481,0.125625968162077,-0.0876990474153607,0.221411115024158,0.152287442289295,0.12641254458055,0.199168158768602,-0.0969802014569169,work/glm/sub-38/GLM_run_2_ALL/DCM_sub-38_GLM_run_2_ALL_4ROI.mat,OK
sub-38,2,Block-01,1,0,0.00334562151119458,0.00158258933275298,-0.0366711739021478,-0.0182781540232034,0.00231046409982681,0.00200506837042397,-0.0141233950890979,-0.00569236841890768,0.00763543310191777,0.0115610888596628,-0.02432581719943,0.0347797426620083,0.00622691271398822,0.00686133783682879,0.00413852025931569,0.00122987950020833,work/glm/sub-38/GLM_run_2_block-01/DCM_sub-38_GLM_run_2_block-01_4ROI.mat,OK
sub-38,2,Block-02,2,0,-0.000145332209406534,0.00763654064751965,0.00699157748282798,0.00855588295756303,0.00816336996148925,0.000106127563574405,0.00682174010024555,0.00870952674114767,0.00827202305220214,0.00753435685197255,0.000648716968338445,0.00898743995384035,0.00798638037149607,0.00770750210864466,0.00732235977526434,-0.000221943148794468,work/glm/sub-38/GLM_run_2_block-02/DCM_sub-38_GLM_run_2_block-02_4ROI.mat,OK
sub-38,2,Block-03,3,0,-0.127221700083908,0.299776877695852,-0.0848806767370437,0.341261110258878,0.260940478313747,-0.11489390553577,-0.056815460147491,0.296537588074886,0.291461125913186,0.287169327679086,-0.169503236270861,0.192079762338328,0.195201936130737,0.198495888553974,-0.137641962579632,-0.108452338661724,work/glm/sub-38/GLM_run_2_block-03/DCM_sub-38_GLM_run_2_block-03_4ROI.mat,OK
sub-39,1,ALL,0,1,-0.124668503811319,0.144561337645473,0.138111179537412,0.123555795435634,0.163380570010406,-0.153866187896387,0.164956330514318,0.139518319947857,0.204816931921701,0.2166167420898,-0.197569453501577,0.168332385858215,0.0988462538765032,0.0991193134928111,0.0929769906527399,-0.065371706083318,work/glm/sub-39/GLM_run_1_ALL/DCM_sub-39_GLM_run_1_ALL_4ROI.mat,OK
sub-39,1,Block-01,1,0,-0.0024963129107551,0.0138514536992609,0.0157942565490728,0.0107869964975371,0.018395111223961,-0.00612423997260809,0.024030765666825,0.0142720609079778,0.0288033722015381,0.0318079534454421,-0.0154978761854268,0.0208311113250625,0.00641203814076388,0.00660533805382842,0.00631392249838579,0.000521655576742557,work/glm/sub-39/GLM_run_1_block-01/DCM_sub-39_GLM_run_1_block-01_4ROI.mat,OK
sub-39,1,Block-02,2,0,-0.000189248269929335,0.00794485678072983,0.00797921285724079,0.00838077705498976,0.00819072985592928,-6.64546919185567e-05,0.0079797929292605,0.00837900563075835,0.00816740976274086,0.00793728509078201,-7.84300017690851e-05,0.00834422152620689,0.00827167810599367,0.00797173303212845,0.00801359481702318,-0.000344715320836022,work/glm/sub-39/GLM_run_1_block-02/DCM_sub-39_GLM_run_1_block-02_4ROI.mat,OK
sub-39,1,Block-03,3,0,-0.09741016635536,0.212047209594351,-0.00151493508104107,0.277421470411415,0.219962928774238,-0.0898962362153448,0.00955739619227679,0.266003489003515,0.228224815744881,0.222593186684038,-0.0691498595324335,0.211393851445864,0.194356660686501,0.17841161672771,-0.094199617325738,-0.11755896599905,work/glm/sub-39/GLM_run_1_block-03/DCM_sub-39_GLM_run_1_block-03_4ROI.mat,OK
sub-39,2,ALL,0,1,0.0003303001548915,0.00458970626433864,0.0142716077610934,0.0196395998626858,0.00715310406658008,0.00160328467052703,0.0142330721593106,0.0195587282459048,0.00715343355031236,0.00453641041559277,-0.00329828252710103,0.0199329320253223,0.00689987862119596,0.00345651893163741,0.01646522935397,-0.00793139730686778,work/glm/sub-39/GLM_run_2_ALL/DCM_sub-39_GLM_run_2_ALL_4ROI.mat,OK
sub-39,2,Block-01,1,0,0.00614984604600661,-0.00306878823045475,-0.00813804340789909,-0.00737716158327746,-0.018176255080957,0.0110564328942435,-0.0266046190556615,-0.0261410084155669,-0.00014948185884164,-0.000105970066606771,0.00505040061525928,-0.000974668925108455,0.018006825973188,0.0144851772867611,0.0220989238512815,-0.00788622823298922,work/glm/sub-39/GLM_run_2_block-01/DCM_sub-39_GLM_run_2_block-01_4ROI.mat,OK
sub-39,2,Block-02,2,0,-0.000353877006543066,0.00858151750636601,0.00812276327265211,0.00819929481185698,0.00855500019175434,-0.000402990431337492,0.00813636102237033,0.0082169231552617,0.00862072074860402,0.00869003178061971,-0.000177348671124814,0.00825397852470375,0.00857541901261506,0.00864075726748617,0.00814813774713333,-0.000208393169711839,work/glm/sub-39/GLM_run_2_block-02/DCM_sub-39_GLM_run_2_block-02_4ROI.mat,OK
sub-39,2,Block-03,3,0,-0.089743513104809,0.310562206494997,0.272205448302988,-0.00812072543530269,0.164230489696659,-0.134365598717894,0.259045151297269,-0.082923189833259,0.183663573631722,0.294238931988956,-0.115661333536635,-0.014592742260916,0.193035403728985,0.325504579184926,0.263537412513926,0.0339252316194091,work/glm/sub-39/GLM_run_2_block-03/DCM_sub-39_GLM_run_2_block-03_4ROI.mat,OK
sub-40,1,ALL,0,1,-0.0592322313170371,0.146274502983172,0.17361142116806,0.107612686394738,0.152995486735341,-0.0712737217687856,0.194408264884057,0.120416479460892,0.200040207521723,0.214947071242758,-0.108487867686932,0.157122650357597,0.0967393972337076,0.10353742318789,0.123339300373985,-0.0328451823304055,work/glm/sub-40/GLM_run_1_ALL/DCM_sub-40_GLM_run_1_ALL_4ROI.mat,OK
sub-40,1,Block-01,1,0,-0.00510283427356715,0.0204049511407331,0.0211473931967272,0.0176703625144836,0.0278950574565549,-0.0118310154417541,0.0350316667962483,0.0262998759587107,0.0188060651171772,0.0213118898991293,-0.00709506337417405,0.0183819672867354,0.0213184557430399,0.0240232596976249,0.025918619770059,-0.0062497513152821,work/glm/sub-40/GLM_run_1_block-01/DCM_sub-40_GLM_run_1_block-01_4ROI.mat,OK
sub-40,1,Block-02,2,0,-0.000248169995212129,0.00821047788501706,0.00806353057009261,0.00828831030894501,0.00822601859419416,-0.000165731545615389,0.00802216771578865,0.00820873171032591,0.00843574886200982,0.00831240564516159,-0.000158014687064988,0.0084094105720227,0.0081766176690788,0.00810482304251289,0.00799789879913719,-0.000174314503966491,work/glm/sub-40/GLM_run_1_block-02/DCM_sub-40_GLM_run_1_block-02_4ROI.mat,OK
sub-40,1,Block-03,3,0,-0.155349827028022,0.336570306100645,-0.125354172689069,0.150694528740173,0.376991344442729,-0.147661719463846,-0.0875750553029614,0.167855088781142,0.251406295819459,0.263566340399216,-0.0837263276943768,0.224291860679269,0.304044394909945,0.280613579270935,-0.0826876756337629,-0.0682264007704493,work/glm/sub-40/GLM_run_1_block-03/DCM_sub-40_GLM_run_1_block-03_4ROI.mat,OK
sub-40,2,ALL,0,1,-0.0478998936859993,0.10797504687955,0.131610751420171,0.0962205353122685,0.108290412877698,-0.0479694583881902,0.131714367247628,0.0963542403279444,0.131087226028839,0.130993699209373,-0.0701469491101047,0.115562583647829,0.084167901974949,0.0841248106567332,0.0981816024843825,-0.0318754376149246,work/glm/sub-40/GLM_run_2_ALL/DCM_sub-40_GLM_run_2_ALL_4ROI.mat,OK
sub-40,2,Block-01,1,0,0.000725205361591816,0.0056955589738276,0.00625826700648213,0.00528838269845228,0.00186408659528214,0.0035088996745624,-0.000791020951062904,0.00114164577558594,0.0190168408676506,0.0191051552594724,-0.00919257274672559,0.0163669151971886,-0.00415139072371532,-0.00597641230019362,-0.00981475990877202,0.00646411961934029,work/glm/sub-40/GLM_run_2_block-01/DCM_sub-40_GLM_run_2_block-01_4ROI.mat,OK
sub-40,2,Block-02,2,0,-0.000212718341026522,0.00825646998239432,0.00808106394489749,0.00829961727029564,0.00830651331004209,-0.000257542041376462,0.0081250570036868,0.0083776170604899,0.00838399994593349,0.00840844992622367,-0.000181548147422164,0.00846543732234538,0.00828105698096883,0.00830122274884399,0.00810915497959616,-0.000267798724441008,work/glm/sub-40/GLM_run_2_block-02/DCM_sub-40_GLM_run_2_block-02_4ROI.mat,OK
sub-40,2,Block-03,3,0,-8.85823873420626e-06,0.00783110304771229,0.00782958105461631,0.00783121580981087,0.0078311258952132,-9.77644226692025e-06,0.00783045531129203,0.00783217405826834,0.00783008281511825,0.00783095935705734,-8.47406504150536e-06,0.00783107114861677,0.00783153764905364,0.00783248673931819,0.00783085300783173,-1.00524837057404e-05,work/glm/sub-40/GLM_run_2_block-03/DCM_sub-40_GLM_run_2_block-03_4ROI.mat,OK
sub-42,1,ALL,0,1,0,0.0078125,0.0078125,0.0078125,0.0078125,0,0.0078125,0.0078125,0.0078125,0.0078125,0,0.0078125,0.0078125,0.0078125,0.0078125,0,work/glm/sub-42/GLM_run_1_ALL/DCM_sub-42_GLM_run_1_ALL_4ROI.mat,OK
sub-42,1,Block-01,1,0,0,0.0078125,0.0078125,0.0078125,0.0078125,0,0.0078125,0.0078125,0.0078125,0.0078125,0,0.0078125,0.0078125,0.0078125,0.0078125,0,work/glm/sub-42/GLM_run_1_block-01/DCM_sub-42_GLM_run_1_block-01_4ROI.mat,OK
sub-42,1,Block-02,2,0,0,0.0078125,0.0078125,0.0078125,0.0078125,0,0.0078125,0.0078125,0.0078125,0.0078125,0,0.0078125,0.0078125,0.0078125,0.0078125,0,work/glm/sub-42/GLM_run_1_block-02/DCM_sub-42_GLM_run_1_block-02_4ROI.mat,OK
sub-42,1,Block-03,3,0,0,0.0078125,0.0078125,0.0078125,0.0078125,0,0.0078125,0.0078125,0.0078125,0.0078125,0,0.0078125,0.0078125,0.0078125,0.0078125,0,work/glm/sub-42/GLM_run_1_block-03/DCM_sub-42_GLM_run_1_block-03_4ROI.mat,OK
sub-42,2,ALL,0,1,-0.070107241759551,0.137237631362358,0.164457656794631,0.119293216309851,0.125011672465835,-0.0482077295112419,0.13002483068856,0.0944990031384439,0.163396225681955,0.142086333834053,-0.0751164787175882,0.121862067393935,0.0939932873530293,0.0821907572916607,0.0969901104319479,-0.0300994606628583,work/glm/sub-42/GLM_run_2_ALL/DCM_sub-42_GLM_run_2_ALL_4ROI.mat,OK
sub-42,2,Block-01,1,0,-0.00664222583224795,0.0186426958971817,0.0216625332397044,0.0202941516699355,0.0163959346387298,-0.0034792120479411,0.0173816481329276,0.0160255649226592,0.0442774214740253,0.0372843545448975,-0.0177068597410186,0.0413360454935565,0.0246379822462487,0.0214740242955082,0.025849981801823,-0.00788132746774248,work/glm/sub-42/GLM_run_2_block-01/DCM_sub-42_GLM_run_2_block-01_4ROI.mat,OK
sub-42,2,Block-02,2,0,-0.000409111131447067,0.00857841027386401,0.00816176813340897,0.00824996556013402,0.00865185003789103,-0.000392278529001777,0.00816954191597397,0.00825985803565081,0.0085984205498383,0.00854738155187543,-0.000167739389086842,0.00823191031883821,0.00861262953194278,0.00856058783064904,0.00815451635666792,-0.000213405955977884,work/glm/sub-42/GLM_run_2_block-02/DCM_sub-42_GLM_run_2_block-02_4ROI.mat,OK
sub-42,2,Block-03,3,0,-7.79747222578206e-06,0.00782776690148619,0.00782692646437912,0.00783155504185891,0.00782758082964008,-7.37976596723831e-06,0.00782644850484819,0.00783092584531,0.00782799235473033,0.00782766494367631,-7.16470413173825e-06,0.00783142179708008,0.0078300169264925,0.00782964649388581,0.00782870347371555,-1.06970097430472e-05,work/glm/sub-42/GLM_run_2_block-03/DCM_sub-42_GLM_run_2_block-03_4ROI.mat,OK
sub-44,1,ALL,0,1,-0.00240180495536742,0.0103206060992492,-0.00172530298005524,0.0141156589001951,0.0122653703370901,-0.00116282221174309,-0.000973036209941429,0.0136368861266725,0.0132531644464521,0.0106624183329183,0.00533376296154952,0.0148788956794465,0.0139852525582675,0.0110252079777539,-0.00445806361420827,-0.00403595625099788,work/glm/sub-44/GLM_run_1_ALL/DCM_sub-44_GLM_run_1_ALL_4ROI.mat,OK
sub-44,1,Block-01,1,0,0.000161775776518257,0.00758390051671412,0.00758545842912635,0.00749944709127247,0.00758311880377955,8.00661529595092e-05,0.00765347993286677,0.00759071567089984,0.00809556179110195,0.00801408777337499,-0.000100834423415459,0.00808962803274894,0.00761021323607637,0.00766978005446258,0.00767007639895907,9.85156353898093e-05,work/glm/sub-44/GLM_run_1_block-01/DCM_sub-44_GLM_run_1_block-01_4ROI.mat,OK
sub-44,1,Block-02,2,0,-0.000101317680819606,0.00748534424937145,0.00664746322937265,0.00832188486305267,0.00800524939038948,0.000156766066198697,0.00669983496558527,0.00829709788379969,0.00798134874623543,0.00753435056162691,0.000491050484609083,0.00823840011714279,0.00799936825828178,0.00751474359029131,0.00674882347078753,-0.000233428808651353,work/glm/sub-44/GLM_run_1_block-02/DCM_sub-44_GLM_run_1_block-02_4ROI.mat,OK
sub-44,1,Block-03,3,0,-0.0872075310596781,0.144262627474887,0.244327977907802,0.098880904083783,0.20044348915041,-0.0718204164161225,0.209980090809446,0.117770936509839,0.0730607365648147,0.0177724812524931,-0.0842083933244267,-0.00227774607388316,0.171845956978592,0.125288152413358,0.216810470875019,-0.0394828370222011,work/glm/sub-44/GLM_run_1_block-03/DCM_sub-44_GLM_run_1_block-03_4ROI.mat,OK
sub-44,2,ALL,0,1,0,0.0078125,0.0078125,0.0078125,0.0078125,0,0.0078125,0.0078125,0.0078125,0.0078125,0,0.0078125,0.0078125,0.0078125,0.0078125,0,work/glm/sub-44/GLM_run_2_ALL/DCM_sub-44_GLM_run_2_ALL_4ROI.mat,OK
sub-44,2,Block-01,1,0,0,0.0078125,0.0078125,0.0078125,0.0078125,0,0.0078125,0.0078125,0.0078125,0.0078125,0,0.0078125,0.0078125,0.0078125,0.0078125,0,work/glm/sub-44/GLM_run_2_block-01/DCM_sub-44_GLM_run_2_block-01_4ROI.mat,OK
sub-44,2,Block-02,2,0,0,0.0078125,0.0078125,0.0078125,0.0078125,0,0.0078125,0.0078125,0.0078125,0.0078125,0,0.0078125,0.0078125,0.0078125,0.0078125,0,work/glm/sub-44/GLM_run_2_block-02/DCM_sub-44_GLM_run_2_block-02_4ROI.mat,OK
sub-44,2,Block-03,3,0,-0.178931287111676,0.431552122114586,-0.0909943235497971,0.0788468301377095,0.43490166944779,-0.166074966229338,-0.0824335463074194,0.0755134282358295,0.236373668431766,0.232786564770021,-0.0377134776841147,0.242279843166153,0.394106392686258,0.377805178021655,-0.168221081157881,-0.0754692168044245,work/glm/sub-44/GLM_run_2_block-03/DCM_sub-44_GLM_run_2_block-03_4ROI.mat,OK
sub-45,1,ALL,0,1,0,0.0078125,0.0078125,0.0078125,0.0078125,0,0.0078125,0.0078125,0.0078125,0.0078125,0,0.0078125,0.0078125,0.0078125,0.0078125,0,work/glm/sub-45/GLM_run_1_ALL/DCM_sub-45_GLM_run_1_ALL_4ROI.mat,OK
sub-45,1,Block-01,1,0,0,0.0078125,0.0078125,0.0078125,0.0078125,0,0.0078125,0.0078125,0.0078125,0.0078125,0,0.0078125,0.0078125,0.0078125,0.0078125,0,work/glm/sub-45/GLM_run_1_block-01/DCM_sub-45_GLM_run_1_block-01_4ROI.mat,OK
sub-45,1,Block-02,2,0,0,0.0078125,0.0078125,0.0078125,0.0078125,0,0.0078125,0.0078125,0.0078125,0.0078125,0,0.0078125,0.0078125,0.0078125,0.0078125,0,work/glm/sub-45/GLM_run_1_block-02/DCM_sub-45_GLM_run_1_block-02_4ROI.mat,OK
sub-45,1,Block-03,3,0,0,0.0078125,0.0078125,0.0078125,0.0078125,0,0.0078125,0.0078125,0.0078125,0.0078125,0,0.0078125,0.0078125,0.0078125,0.0078125,0,work/glm/sub-45/GLM_run_1_block-03/DCM_sub-45_GLM_run_1_block-03_4ROI.mat,OK
sub-45,2,ALL,0,1,0.00367451291695167,-0.0527298564835037,-0.046113630556079,0.0965995966304628,0.00295490612054355,0.0214488887181361,-0.0296431286090557,0.0697739848390634,0.00883700951499515,-0.0123619709520683,0.00941450087479799,0.0430706739694623,0.00466073764754282,-0.0643097825253553,-0.0575395427964787,-0.0545127840073818,work/glm/sub-45/GLM_run_2_ALL/DCM_sub-45_GLM_run_2_ALL_4ROI.mat,OK
sub-45,2,Block-01,1,0,0.000374836504389228,0.00734483481962672,0.00657648903918217,0.00663949913806328,0.0171454240113482,-0.00473081954151035,0.0258605866244245,0.0213410234206901,0.0245048276558634,0.0250931304079071,-0.0160115210356582,0.0319193637710895,0.00661811628633923,0.00750539624191761,0.00615440462927138,0.00100493099880779,work/glm/sub-45/GLM_run_2_block-01/DCM_sub-45_GLM_run_2_block-01_4ROI.mat,OK
sub-45,2,Block-02,2,0,-0.0922017562252158,0.159153354760445,-0.212004811674216,0.263557996429978,0.162516242690788,-0.0533699082923227,-0.193961098375976,0.212185036908309,0.0255079597615963,0.0441990707201518,-0.0723664296432178,-0.0202970934236641,0.221290757293623,0.169892206096889,-0.215433113249857,-0.118409192017491,work/glm/sub-45/GLM_run_2_block-02/DCM_sub-45_GLM_run_2_block-02_4ROI.mat,OK
sub-45,2,Block-03,3,0,-0.0639622532265688,0.120194177610641,0.0660977367776049,0.075402569514794,0.160939165559784,-0.0652763024369963,0.106128935671641,0.101569979567764,0.178775034277279,0.183438997633853,-0.0764779213719491,0.142107109864485,0.120879199781637,0.116350197827058,0.0964073370115615,-0.0375898134062693,work/glm/sub-45/GLM_run_2_block-03/DCM_sub-45_GLM_run_2_block-03_4ROI.mat,OK
sub-46,1,ALL,0,1,-0.0686583187086503,0.163576299922154,0.180013044690844,0.111854329015768,0.164583958160788,-0.0733343119053992,0.188796858455416,0.114631493983277,0.219529957663352,0.226009005375382,-0.108960051020678,0.14969962821047,0.0853765680237324,0.0879493065144119,0.0968376839429474,-0.0252529754007884,work/glm/sub-46/GLM_run_1_ALL/DCM_sub-46_GLM_run_1_ALL_4ROI.mat,OK
sub-46,1,Block-01,1,0,-0.00430758680759152,0.0176595480835858,0.0194062482257875,0.0159068803835633,0.019995810418356,-0.00685418981423046,0.0243189560203009,0.0190616754582884,0.0225373528866143,0.0245582930757081,-0.00977666719378167,0.0215711618245332,0.0160990607110544,0.0172204350228933,0.0189672816865066,-0.00383503867867834,work/glm/sub-46/GLM_run_1_block-01/DCM_sub-46_GLM_run_1_block-01_4ROI.mat,OK
sub-46,1,Block-02,2,0,0.00017865231100332,0.00718294272204335,0.00640479503651807,0.00832531568160551,0.00745616842567783,0.000313108046751255,0.00641423652294169,0.00831876248321888,0.00729545249119723,0.00690098709123546,0.00101841594239578,0.00855342421806797,0.00762262014811903,0.00747650640790566,0.00705758423903392,-0.000139549425960584,work/glm/sub-46/GLM_run_1_block-02/DCM_sub-46_GLM_run_1_block-02_4ROI.mat,OK
sub-46,1,Block-03,3,0,-0.150493402206233,0.274840096989358,0.34812068150737,-0.0871821216250399,0.305289190763747,-0.133413687570486,0.333270898269516,-0.0630573210299896,0.242150057870657,0.203683212729835,-0.139938483524568,-0.145223993463467,0.193956000757464,0.219723277890285,0.100129306043683,-0.151352185422915,work/glm/sub-46/GLM_run_1_block-03/DCM_sub-46_GLM_run_1_block-03_4ROI.mat,OK
sub-46,2,ALL,0,1,-0.00015549881565503,0.00993113988802737,0.0125347240400769,0.0108058362365752,0.00810069528140543,-0.000989489717323309,0.0122333596650676,0.0106201743752133,0.00803000156459056,0.00924809770310913,-0.00159667154839058,0.0098577699111333,0.00803387953993238,0.0092863772909159,0.0110936273045999,-0.00104441505333397,work/glm/sub-46/GLM_run_2_ALL/DCM_sub-46_GLM_run_2_ALL_4ROI.mat,OK
sub-46,2,Block-01,1,0,0.00196299430792048,0.00365871446841047,0.00182067832317531,0.00472919874659487,-0.000675923426908356,0.00458353253509823,-0.00467156138584483,0.00112179036798676,0.0284800931039729,0.0293417398819004,-0.0162741180235414,0.0240358375177348,0.00232075094658036,0.00163190904833066,0.000758700349716599,0.00218276835848908,work/glm/sub-46/GLM_run_2_block-01/DCM_sub-46_GLM_run_2_block-01_4ROI.mat,OK
sub-46,2,Block-02,2,0,-0.000336701401258204,0.00841764978600096,0.00680732111388179,0.00788176679839127,0.00851351946036242,-0.000314605303646271,0.00676656033253348,0.00788440654469892,0.00872595316701191,0.00863304722945895,0.000677635978850183,0.00790733290287083,0.00858521653110952,0.00850639318922027,0.00665922807054795,-3.92254818768267e-05,work/glm/sub-46/GLM_run_2_block-02/DCM_sub-46_GLM_run_2_block-02_4ROI.mat,OK
sub-46,2,Block-03,3,0,-0.247748795297691,0.623703361616133,-0.149200923117796,-0.0363775710205361,0.633243254781732,-0.239711246753946,-0.127739608531967,-0.0256009184135204,0.205626262286611,0.210761151168246,-0.0727048555347309,0.347865247082739,0.513990649861268,0.503075877593923,-0.164441508252045,-0.135990168331859,work/glm/sub-46/GLM_run_2_block-03/DCM_sub-46_GLM_run_2_block-03_4ROI.mat,OK
sub-47,1,ALL,0,1,0,0.0078125,0.0078125,0.0078125,0.0078125,0,0.0078125,0.0078125,0.0078125,0.0078125,0,0.0078125,0.0078125,0.0078125,0.0078125,0,work/glm/sub-47/GLM_run_1_ALL/DCM_sub-47_GLM_run_1_ALL_4ROI.mat,OK
sub-47,1,Block-01,1,0,0,0.0078125,0.0078125,0.0078125,0.0078125,0,0.0078125,0.0078125,0.0078125,0.0078125,0,0.0078125,0.0078125,0.0078125,0.0078125,0,work/glm/sub-47/GLM_run_1_block-01/DCM_sub-47_GLM_run_1_block-01_4ROI.mat,OK
sub-47,1,Block-02,2,0,0,0.0078125,0.0078125,0.0078125,0.0078125,0,0.0078125,0.0078125,0.0078125,0.0078125,0,0.0078125,0.0078125,0.0078125,0.0078125,0,work/glm/sub-47/GLM_run_1_block-02/DCM_sub-47_GLM_run_1_block-02_4ROI.mat,OK
sub-47,1,Block-03,3,0,-0.0835994019370247,0.423680004424673,0.473960346747251,0.0443810331594578,0.0608101419879816,-0.162742098369702,0.719241643722409,-0.0221968701826863,-0.0866186779193291,0.350980479788082,-0.331984031383346,-0.129595125370254,0.136677841630451,0.310643556324064,0.283277563334388,3.33907372959445e-05,work/glm/sub-47/GLM_run_1_block-03/DCM_sub-47_GLM_run_1_block-03_4ROI.mat,OK
sub-47,2,ALL,0,1,0,0.0078125,0.0078125,0.0078125,0.0078125,0,0.0078125,0.0078125,0.0078125,0.0078125,0,0.0078125,0.0078125,0.0078125,0.0078125,0,work/glm/sub-47/GLM_run_2_ALL/DCM_sub-47_GLM_run_2_ALL_4ROI.mat,OK
sub-47,2,Block-01,1,0,0,0.0078125,0.0078125,0.0078125,0.0078125,0,0.0078125,0.0078125,0.0078125,0.0078125,0,0.0078125,0.0078125,0.0078125,0.0078125,0,work/glm/sub-47/GLM_run_2_block-01/DCM_sub-47_GLM_run_2_block-01_4ROI.mat,OK
sub-47,2,Block-02,2,0,0,0.0078125,0.0078125,0.0078125,0.0078125,0,0.0078125,0.0078125,0.0078125,0.0078125,0,0.0078125,0.0078125,0.0078125,0.0078125,0,work/glm/sub-47/GLM_run_2_block-02/DCM_sub-47_GLM_run_2_block-02_4ROI.mat,OK
sub-47,2,Block-03,3,0,-0.0373783607410345,0.0516965159436664,0.0514618319323712,0.0368986347605642,0.0534625557562275,-0.0397179435695361,0.0552972913307646,0.037764007477122,0.0539855619945014,0.0558103231172508,-0.0456429254672126,0.0380159930181625,0.0352379051905816,0.0348037732514018,0.0338074382903954,-0.0290128719358946,work/glm/sub-47/GLM_run_2_block-03/DCM_sub-47_GLM_run_2_block-03_4ROI.mat,OK
sub-48,1,ALL,0,1,0,0.0078125,0.0078125,0.0078125,0.0078125,0,0.0078125,0.0078125,0.0078125,0.0078125,0,0.0078125,0.0078125,0.0078125,0.0078125,0,work/glm/sub-48/GLM_run_1_ALL/DCM_sub-48_GLM_run_1_ALL_4ROI.mat,OK
sub-48,1,Block-01,1,0,0,0.0078125,0.0078125,0.0078125,0.0078125,0,0.0078125,0.0078125,0.0078125,0.0078125,0,0.0078125,0.0078125,0.0078125,0.0078125,0,work/glm/sub-48/GLM_run_1_block-01/DCM_sub-48_GLM_run_1_block-01_4ROI.mat,OK
sub-48,1,Block-02,2,0,0,0.0078125,0.0078125,0.0078125,0.0078125,0,0.0078125,0.0078125,0.0078125,0.0078125,0,0.0078125,0.0078125,0.0078125,0.0078125,0,work/glm/sub-48/GLM_run_1_block-02/DCM_sub-48_GLM_run_1_block-02_4ROI.mat,OK
sub-48,1,Block-03,3,0,-0.0754128995449557,0.251988220804814,0.408168534746126,0.102412248016114,0.0439014928344149,-0.347908877246715,0.503139063212373,0.0339748339134151,-0.0589972255298142,0.286313556929892,-0.344510227229461,-0.0325007791660896,0.185887784130503,0.197558503804306,0.239586125433637,-0.0719653530776446,work/glm/sub-48/GLM_run_1_block-03/DCM_sub-48_GLM_run_1_block-03_4ROI.mat,OK
sub-48,2,ALL,0,1,0,0.0078125,0.0078125,0.0078125,0.0078125,0,0.0078125,0.0078125,0.0078125,0.0078125,0,0.0078125,0.0078125,0.0078125,0.0078125,0,work/glm/sub-48/GLM_run_2_ALL/DCM_sub-48_GLM_run_2_ALL_4ROI.mat,OK
sub-48,2,Block-01,1,0,0,0.0078125,0.0078125,0.0078125,0.0078125,0,0.0078125,0.0078125,0.0078125,0.0078125,0,0.0078125,0.0078125,0.0078125,0.0078125,0,work/glm/sub-48/GLM_run_2_block-01/DCM_sub-48_GLM_run_2_block-01_4ROI.mat,OK
sub-48,2,Block-02,2,0,0,0.0078125,0.0078125,0.0078125,0.0078125,0,0.0078125,0.0078125,0.0078125,0.0078125,0,0.0078125,0.0078125,0.0078125,0.0078125,0,work/glm/sub-48/GLM_run_2_block-02/DCM_sub-48_GLM_run_2_block-02_4ROI.mat,OK
sub-48,2,Block-03,3,0,-0.0421960587003438,0.0640812281087973,0.057538646580667,0.0475512827011087,0.0638436555666858,-0.047408975368107,0.0633853013033814,0.0490618188249236,0.0669234573797957,0.0721561592326777,-0.06329463259458,0.0490259041785348,0.0425736749971686,0.0437778449618318,0.0372409413541495,-0.0351641886349783,work/glm/sub-48/GLM_run_2_block-03/DCM_sub-48_GLM_run_2_block-03_4ROI.mat,OK
sub-49,1,ALL,0,1,-0.174067469113534,0.157396448359919,0.151377750405194,0.15389168163313,0.148790289099079,-0.168111039955589,0.144193407563562,0.149419846671916,0.15948919198821,0.16055705873206,-0.174234068832412,0.156396533668471,0.116263762865656,0.119879929191091,0.110527071543588,-0.123746182356927,work/glm/sub-49/GLM_run_1_ALL/DCM_sub-49_GLM_run_1_ALL_4ROI.mat,OK
sub-49,1,Block-01,1,0,-0.00102550063533242,0.0102246636159757,0.0120300768532019,0.00930090814493502,0.0126916471169588,-0.00262317470412923,0.0160521084818448,0.0109389108876735,0.0302807522034725,0.0307250572491046,-0.0160666121661078,0.0209925643882488,0.00730795976137816,0.00755256679406622,0.00809257526862293,3.50073319241906e-05,work/glm/sub-49/GLM_run_1_block-01/DCM_sub-49_GLM_run_1_block-01_4ROI.mat,OK
sub-49,1,Block-02,2,0,-0.000153842024847253,0.00799069327593077,0.00793942321126942,0.00864399489042487,0.00814740009480003,-9.69861945203754e-05,0.00795089274219767,0.00871604803678024,0.0082025525122133,0.00804015301422625,-8.16920260833235e-05,0.00885822670169854,0.00795618108911114,0.00789636972118331,0.00787268584023329,-0.000192707274444108,work/glm/sub-49/GLM_run_1_block-02/DCM_sub-49_GLM_run_1_block-02_4ROI.mat,OK
sub-49,1,Block-03,3,0,-0.0628021445150968,0.153513842794509,0.19606462849265,0.166493417663297,0.143769337772344,-0.0674332804222173,0.197102421070889,0.167253207648583,0.111116912956711,0.121912438998434,-0.0743221727434803,0.143530321602896,0.083165856043352,0.0971749261432232,0.164769098226353,-0.0597522257905622,work/glm/sub-49/GLM_run_1_block-03/DCM_sub-49_GLM_run_1_block-03_4ROI.mat,OK
sub-49,2,ALL,0,1,-0.149291499266704,0.143572554337567,0.142481382635549,0.142661488526835,0.147047606490872,-0.15456522840762,0.146753856080588,0.146306307653931,0.158794497552316,0.159183509708637,-0.168624461122792,0.157471210758514,0.131644525393653,0.131949451394215,0.130241326857426,-0.134100246290146,work/glm/sub-49/GLM_run_2_ALL/DCM_sub-49_GLM_run_2_ALL_4ROI.mat,OK
sub-49,2,Block-01,1,0,-0.00687909886606127,0.0217178220110301,0.024226699323775,0.0215891702581769,0.021930963220386,-0.00705145448899687,0.0251119697259875,0.0224704378048682,0.0402162023649533,0.0402835153968736,-0.0177364868128688,0.0374165841435498,0.0334940582059161,0.0335439898062137,0.0362015999766359,-0.011540006454988,work/glm/sub-49/GLM_run_2_block-01/DCM_sub-49_GLM_run_2_block-01_4ROI.mat,OK
sub-49,2,Block-02,2,0,-1.2587078771681e-05,0.00746764420465496,0.00712464020913645,0.00803000815345366,0.00783837602988949,0.000182386651817673,0.00708493992552656,0.00804137815777177,0.00783689603861788,0.00747229474744552,0.000339346257087498,0.00802608589644812,0.00784152573899264,0.00743851175558983,0.00706504546161892,-0.000119180534430275,work/glm/sub-49/GLM_run_2_block-02/DCM_sub-49_GLM_run_2_block-02_4ROI.mat,OK
sub-49,2,Block-03,3,0,-0.0776578945560329,0.237887143595799,0.0167736416543996,0.191642579017673,0.178107547602338,-0.106579118302754,0.00252734707882883,0.197831746118933,0.184091184007585,0.207364704231615,-0.0540325045414164,0.16975878054433,0.141086174211866,0.203082816713824,-0.0242081487560811,-0.0719480304495643,work/glm/sub-49/GLM_run_2_block-03/DCM_sub-49_GLM_run_2_block-03_4ROI.mat,OK
