file,subject,run,tag,status,error_message,free_energy,r2_fraction,r2_percent,r2_source,r2_min_roi,r2_max_roi,n_timepoints,n_rois,n_inputs,has_Ep,has_Cp,has_Pp,has_R2_field,has_F_field,Run,Condition,free_energy_robust_z,r2_robust_z,flag_low_free_energy,flag_low_r2
work/glm/sub-01/GLM_run_1_ALL/DCM_sub-01_GLM_run_1_ALL_4ROI.mat,sub-01,run_1,ALL,OK,,-3025.12841416464,0.0559435351152084,5.59435351152084,computed_from_prediction,0.0349740612252679,0.0682235430173147,164,4,1,1,1,1,0,1,Run 1,ALL,-0.22280911812211487,0.8875337372950577,False,False
work/glm/sub-01/GLM_run_1_block-01/DCM_sub-01_GLM_run_1_block-01_4ROI.mat,sub-01,run_1,Block-01,OK,,-3030.46313196977,0.0383804065916675,3.83804065916675,computed_from_prediction,0.0246435698363071,0.0446586000829162,164,4,1,1,1,1,0,1,Run 1,Block-01,-0.3617631079331614,0.7259017816711871,False,False
work/glm/sub-01/GLM_run_1_block-02/DCM_sub-01_GLM_run_1_block-02_4ROI.mat,sub-01,run_1,Block-02,OK,,-3065.16344771008,0.0021356734265086,0.213567342650867,computed_from_prediction,0.0009575899136705,0.0033128529178475,164,4,1,1,1,1,0,1,Run 1,Block-02,-0.4792354661451932,4.897256583082423,False,False
work/glm/sub-01/GLM_run_1_block-03/DCM_sub-01_GLM_run_1_block-03_4ROI.mat,sub-01,run_1,Block-03,OK,,-1659.14697865342,0.601913466832161,60.1913466832161,computed_from_prediction,0.536382102689111,0.653853627961196,164,4,1,1,1,1,0,1,Run 1,Block-03,0.8026281776050559,0.7217254828152667,False,False
work/glm/sub-01/GLM_run_2_ALL/DCM_sub-01_GLM_run_2_ALL_4ROI.mat,sub-01,run_2,ALL,OK,,-2952.8947991164,0.024168899658249,2.4168899658249,computed_from_prediction,0.0173132929337666,0.02895387526834,164,4,1,1,1,1,0,1,Run 2,ALL,0.28491061609904444,1.5023941182158096,False,False
work/glm/sub-01/GLM_run_2_block-01/DCM_sub-01_GLM_run_2_block-01_4ROI.mat,sub-01,run_2,Block-01,OK,,-2953.89553691469,0.0191993169019928,1.91993169019928,computed_from_prediction,0.0152458869061968,0.0208673542731431,164,4,1,1,1,1,0,1,Run 2,Block-01,0.14898549448756992,0.0002442843287697566,False,False
work/glm/sub-01/GLM_run_2_block-02/DCM_sub-01_GLM_run_2_block-02_4ROI.mat,sub-01,run_2,Block-02,OK,,-2972.19568576128,0.001576486193713,0.157648619371309,computed_from_prediction,0.0003117080363349,0.0024037592777492,164,4,1,1,1,1,0,1,Run 2,Block-02,0.14259480292216659,1.7680879810401569,False,False
work/glm/sub-01/GLM_run_2_block-03/DCM_sub-01_GLM_run_2_block-03_4ROI.mat,sub-01,run_2,Block-03,OK,,-1554.89582445077,0.612576606807485,61.2576606807485,computed_from_prediction,0.551817182600173,0.669921977117477,164,4,1,1,1,1,0,1,Run 2,Block-03,1.2288753477762835,1.2011509347732647,False,False
work/glm/sub-02/GLM_run_1_ALL/DCM_sub-02_GLM_run_1_ALL_4ROI.mat,sub-02,run_1,ALL,OK,,-3182.26953709064,0.026041443231425,2.6041443231425,computed_from_prediction,0.0183281254441261,0.0335015844126166,165,4,1,1,1,1,0,1,Run 1,ALL,-1.3558029296371963,-0.09470925144031202,False,False
work/glm/sub-02/GLM_run_1_block-01/DCM_sub-02_GLM_run_1_block-01_4ROI.mat,sub-02,run_1,Block-01,OK,,-3175.44342781698,0.0236108651284297,2.36108651284297,computed_from_prediction,0.0102499101249111,0.0326590779298614,165,4,1,1,1,1,0,1,Run 1,Block-01,-1.2688578420657064,0.13554012309718458,False,False
work/glm/sub-02/GLM_run_1_block-02/DCM_sub-02_GLM_run_1_block-02_4ROI.mat,sub-02,run_1,Block-02,OK,,-3199.42478979867,0.0003437891051675,0.0343789105167525,computed_from_prediction,-6.28732066234594e-05,0.0016995391745178,165,4,1,1,1,1,0,1,Run 1,Block-02,-1.4751023248707817,-0.05018030665681843,False,False
work/glm/sub-02/GLM_run_1_block-03/DCM_sub-02_GLM_run_1_block-03_4ROI.mat,sub-02,run_1,Block-03,OK,,-2190.97958792447,0.480529711531756,48.0529711531756,computed_from_prediction,0.345995696607831,0.55887558322354,165,4,1,1,1,1,0,1,Run 1,Block-03,-0.4619576672022573,-0.0753127204887313,False,False
work/glm/sub-02/GLM_run_2_ALL/DCM_sub-02_GLM_run_2_ALL_4ROI.mat,sub-02,run_2,ALL,OK,,-3126.9256891214,0.0243183336544704,2.43183336544704,computed_from_prediction,0.0178970271540252,0.0290851717101334,165,4,1,1,1,1,0,1,Run 2,ALL,-0.9175078802996859,1.515788195309178,False,False
work/glm/sub-02/GLM_run_2_block-01/DCM_sub-02_GLM_run_2_block-01_4ROI.mat,sub-02,run_2,Block-01,OK,,-3116.59581849443,0.0342780895414104,3.42780895414104,computed_from_prediction,0.0218036289095752,0.0434755246951455,165,4,1,1,1,1,0,1,Run 2,Block-01,-0.8771053556552875,1.2104525621788216,False,False
work/glm/sub-02/GLM_run_2_block-02/DCM_sub-02_GLM_run_2_block-02_4ROI.mat,sub-02,run_2,Block-02,OK,,-3152.68593970322,0.0013355683103341,0.13355683103341,computed_from_prediction,0.0004047592615815,0.0023467272452765,165,4,1,1,1,1,0,1,Run 2,Block-02,-0.9275021777362411,1.3852904090698517,False,False
work/glm/sub-02/GLM_run_2_block-03/DCM_sub-02_GLM_run_2_block-03_4ROI.mat,sub-02,run_2,Block-03,OK,,-28907.2769153335,0.0331746080181979,3.31746080181979,computed_from_prediction,0.0265332925676321,0.0395256587818292,165,4,1,1,1,1,0,1,Run 2,Block-03,-71.0688055185072,-4.3945104591991155,True,True
work/glm/sub-03/GLM_run_1_ALL/DCM_sub-03_GLM_run_1_ALL_4ROI.mat,sub-03,run_1,ALL,OK,,-2445.17804914604,0.026688320584519,2.6688320584519,computed_from_prediction,0.0167796320087992,0.0394520701022182,164,4,1,1,1,1,0,1,Run 1,ALL,3.958656320822318,-0.07346021150298039,False,False
work/glm/sub-03/GLM_run_1_block-01/DCM_sub-03_GLM_run_1_block-01_4ROI.mat,sub-03,run_1,Block-01,OK,,-2456.64831769396,0.0182224409699711,1.82224409699711,computed_from_prediction,0.000538530206,0.0363898676441533,164,4,1,1,1,1,0,1,Run 1,Block-01,3.228410255662219,-0.07984361316882095,False,False
work/glm/sub-03/GLM_run_1_block-02/DCM_sub-03_GLM_run_1_block-02_4ROI.mat,sub-03,run_1,Block-02,OK,,-2461.74599007238,0.0017216463529024,0.17216463529024,computed_from_prediction,-4.99622686738199e-05,0.0065855284457767,164,4,1,1,1,1,0,1,Run 1,Block-02,3.9965387119598357,3.7541176020028137,False,False
work/glm/sub-03/GLM_run_1_block-03/DCM_sub-03_GLM_run_1_block-03_4ROI.mat,sub-03,run_1,Block-03,OK,,-1593.64979028792,0.454416577052226,45.4416577052226,computed_from_prediction,0.25623662009618,0.53786977500155,164,4,1,1,1,1,0,1,Run 1,Block-03,0.9583666859962868,-0.24677854585136758,False,False
work/glm/sub-03/GLM_run_2_ALL/DCM_sub-03_GLM_run_2_ALL_4ROI.mat,sub-03,run_2,ALL,OK,,-3204.62360838667,0.0001391353570632,0.0139135357063225,computed_from_prediction,-0.0001460993773583,0.0006967762276847,166,4,1,1,1,1,0,1,Run 2,ALL,-1.4543402509987728,-0.6514431860392134,False,False
work/glm/sub-03/GLM_run_2_block-01/DCM_sub-03_GLM_run_2_block-01_4ROI.mat,sub-03,run_2,Block-01,OK,,-3154.80487404865,0.0632904147056979,6.32904147056979,computed_from_prediction,0.0369736640065799,0.0867973878048973,166,4,1,1,1,1,0,1,Run 2,Block-01,-1.1180758193577134,3.5389548158512545,False,False
work/glm/sub-03/GLM_run_2_block-02/DCM_sub-03_GLM_run_2_block-02_4ROI.mat,sub-03,run_2,Block-02,OK,,-3204.31006897938,0.0002381338950703,0.0238133895070325,computed_from_prediction,-0.0001287963306304,0.0007608731779414,166,4,1,1,1,1,0,1,Run 2,Block-02,-1.233573135369825,-0.3584374689422986,False,False
work/glm/sub-03/GLM_run_2_block-03/DCM_sub-03_GLM_run_2_block-03_4ROI.mat,sub-03,run_2,Block-03,OK,,-2213.48320748105,0.499003707416771,49.9003707416771,computed_from_prediction,0.392248711386228,0.580595922116612,166,4,1,1,1,1,0,1,Run 2,Block-03,-0.5118996247088401,0.10430368562656733,False,False
work/glm/sub-04/GLM_run_1_ALL/DCM_sub-04_GLM_run_1_ALL_4ROI.mat,sub-04,run_1,ALL,OK,,-3091.24658969003,0.0017023625093595,0.170236250935951,computed_from_prediction,0.0004239729434062,0.0025071692566246,164,4,1,1,1,1,0,1,Run 1,ALL,-0.6995238208305297,-0.8942149008921583,False,False
work/glm/sub-04/GLM_run_1_block-01/DCM_sub-04_GLM_run_1_block-01_4ROI.mat,sub-04,run_1,Block-01,OK,,-3074.59704447307,0.0178742329804161,1.78742329804161,computed_from_prediction,0.0097185091728079,0.0214520168827406,164,4,1,1,1,1,0,1,Run 1,Block-01,-0.6378946980535187,-0.09376203079567015,False,False
work/glm/sub-04/GLM_run_1_block-02/DCM_sub-04_GLM_run_1_block-02_4ROI.mat,sub-04,run_1,Block-02,OK,,-3091.48748641353,-0.0001069929185926,-0.0106992918592619,computed_from_prediction,-0.0002737296627441,7.05252299663117e-05,164,4,1,1,1,1,0,1,Run 1,Block-02,-0.6744907594765952,-1.2948006133477277,False,False
work/glm/sub-04/GLM_run_1_block-03/DCM_sub-04_GLM_run_1_block-03_4ROI.mat,sub-04,run_1,Block-03,OK,,-1747.80599771309,0.611421805398897,61.1421805398897,computed_from_prediction,0.577957116315567,0.654641544626031,164,4,1,1,1,1,0,1,Run 1,Block-03,0.5918157178895224,0.784159776999705,False,False
work/glm/sub-04/GLM_run_2_ALL/DCM_sub-04_GLM_run_2_ALL_4ROI.mat,sub-04,run_2,ALL,OK,,-3075.78211807105,0.002626643803403,0.262664380340305,computed_from_prediction,0.0011618266959989,0.0037353811838942,166,4,1,1,1,1,0,1,Run 2,ALL,-0.5641454640007354,-0.42848267676314905,False,False
work/glm/sub-04/GLM_run_2_block-01/DCM_sub-04_GLM_run_2_block-01_4ROI.mat,sub-04,run_2,Block-01,OK,,-3063.54582871551,0.0138745869478356,1.38745869478356,computed_from_prediction,0.0084404909590455,0.0281611731696912,166,4,1,1,1,1,0,1,Run 2,Block-01,-0.542538576890104,-0.42711359299552565,False,False
work/glm/sub-04/GLM_run_2_block-02/DCM_sub-04_GLM_run_2_block-02_4ROI.mat,sub-04,run_2,Block-02,OK,,-3078.23262326583,0.000446449095122,0.0446449095122037,computed_from_prediction,-0.0002290531775899,0.0035088290195747,166,4,1,1,1,1,0,1,Run 2,Block-02,-0.4860807304303678,-0.027442726394025077,False,False
work/glm/sub-04/GLM_run_2_block-03/DCM_sub-04_GLM_run_2_block-03_4ROI.mat,sub-04,run_2,Block-03,OK,,-2019.81622608489,0.522910715388354,52.2910715388354,computed_from_prediction,0.490441937584246,0.565996886122115,166,4,1,1,1,1,0,1,Run 2,Block-03,0.0,0.33518918797470065,False,False
work/glm/sub-05/GLM_run_1_ALL/DCM_sub-05_GLM_run_1_ALL_4ROI.mat,sub-05,run_1,ALL,OK,,-3087.77461717663,0.0308171648977714,3.08171648977714,computed_from_prediction,0.0198702214243568,0.0387555005029944,164,4,1,1,1,1,0,1,Run 1,ALL,-0.6744907594765952,0.062166700287477984,False,False
work/glm/sub-05/GLM_run_1_block-01/DCM_sub-05_GLM_run_1_block-01_4ROI.mat,sub-05,run_1,Block-01,OK,,-3088.94036500366,0.0265066476174034,2.65066476174034,computed_from_prediction,0.0194498667006244,0.037704569353528,164,4,1,1,1,1,0,1,Run 1,Block-01,-0.727636207044403,0.2512890755826258,False,False
work/glm/sub-05/GLM_run_1_block-02/DCM_sub-05_GLM_run_1_block-02_4ROI.mat,sub-05,run_1,Block-02,OK,,-3117.5537416171,0.0001951238780891,0.0195123878089176,computed_from_prediction,-0.0001684593757584,0.0004425769910821,164,4,1,1,1,1,0,1,Run 1,Block-02,-0.867833975658589,-0.4606486722254103,False,False
work/glm/sub-05/GLM_run_1_block-03/DCM_sub-05_GLM_run_1_block-03_4ROI.mat,sub-05,run_1,Block-03,OK,,-27599.248950251,0.0741396466969669,7.41396466969669,computed_from_prediction,0.0515919325765847,0.0844112771220564,164,4,1,1,1,1,0,1,Run 1,Block-03,-60.87746663851068,-2.7437785816321347,True,False
work/glm/sub-05/GLM_run_2_ALL/DCM_sub-05_GLM_run_2_ALL_4ROI.mat,sub-05,run_2,ALL,OK,,-2996.81831937784,0.0312233886411379,3.12233886411379,computed_from_prediction,0.0213757433942717,0.0441582249830145,166,4,1,1,1,1,0,1,Run 2,ALL,-0.018566848090114548,2.134702506403055,False,False
work/glm/sub-05/GLM_run_2_block-01/DCM_sub-05_GLM_run_2_block-01_4ROI.mat,sub-05,run_2,Block-01,OK,,-2992.03727805366,0.0276001925923692,2.76001925923692,computed_from_prediction,0.0188699222524168,0.0445925904591877,166,4,1,1,1,1,0,1,Run 2,Block-01,-0.09156044194975069,0.6744907594765952,False,False
work/glm/sub-05/GLM_run_2_block-02/DCM_sub-05_GLM_run_2_block-02_4ROI.mat,sub-05,run_2,Block-02,OK,,-3023.59167068207,0.0008650975065679,0.0865097506567936,computed_from_prediction,-0.0002403457952173,0.0043176255521777,166,4,1,1,1,1,0,1,Run 2,Block-02,-0.16212352441419103,0.6377532032855203,False,False
work/glm/sub-05/GLM_run_2_block-03/DCM_sub-05_GLM_run_2_block-03_4ROI.mat,sub-05,run_2,Block-03,OK,,-3011.38128273707,-0.0002513082346313,-0.0251308234631376,computed_from_prediction,-0.0002632237462609,-0.0002336816656416,166,4,1,1,1,1,0,1,Run 2,Block-03,-2.6208999423415116,-4.717326240858392,False,True
work/glm/sub-06/GLM_run_1_ALL/DCM_sub-06_GLM_run_1_ALL_4ROI.mat,sub-06,run_1,ALL,OK,,-2968.46739007033,0.0424224368494531,4.24224368494531,computed_from_prediction,0.0155636884010013,0.0587247837924042,164,4,1,1,1,1,0,1,Run 1,ALL,0.1857191427023378,0.44338407635636223,False,False
work/glm/sub-06/GLM_run_1_block-01/DCM_sub-06_GLM_run_1_block-01_4ROI.mat,sub-06,run_1,Block-01,OK,,-2972.6427958558,0.0195433229564985,1.95433229564985,computed_from_prediction,0.0037258794078328,0.025981676133169,164,4,1,1,1,1,0,1,Run 1,Block-01,0.0,-0.027045895495066603,False,False
work/glm/sub-06/GLM_run_1_block-02/DCM_sub-06_GLM_run_1_block-02_4ROI.mat,sub-06,run_1,Block-02,OK,,-2988.27717986762,0.0005237916676529,0.0523791667652929,computed_from_prediction,-0.0001768404100752,0.0029718535212371,164,4,1,1,1,1,0,1,Run 1,Block-02,0.09105889293310904,0.44681121633465637,False,False
work/glm/sub-06/GLM_run_1_block-03/DCM_sub-06_GLM_run_1_block-03_4ROI.mat,sub-06,run_1,Block-03,OK,,-1630.34470072734,0.6190138972759,61.90138972759,computed_from_prediction,0.593691833364911,0.670558592392943,164,4,1,1,1,1,0,1,Run 1,Block-03,0.8711139235495358,0.8340114828889291,False,False
work/glm/sub-06/GLM_run_2_ALL/DCM_sub-06_GLM_run_2_ALL_4ROI.mat,sub-06,run_2,ALL,OK,,-2989.46524603209,0.0074071059624615,0.740710596246152,computed_from_prediction,0.0028280068328391,0.0124707803785213,163,4,1,1,1,1,0,1,Run 2,ALL,0.03223718673411917,0.0,False,False
work/glm/sub-06/GLM_run_2_block-01/DCM_sub-06_GLM_run_2_block-01_4ROI.mat,sub-06,run_2,Block-01,OK,,-2977.51915844981,0.0191962732045398,1.91962732045398,computed_from_prediction,0.0031747447502993,0.0375141024631299,163,4,1,1,1,1,0,1,Run 2,Block-01,0.0,0.0,False,False
work/glm/sub-06/GLM_run_2_block-02/DCM_sub-06_GLM_run_2_block-02_4ROI.mat,sub-06,run_2,Block-02,OK,,-2996.2208286062,1.15722306859301e-06,0.0001157223068593,computed_from_prediction,-0.0001183144708023,0.0002055472129561,163,4,1,1,1,1,0,1,Run 2,Block-02,0.00015368902963437035,-0.7349727986719033,False,False
work/glm/sub-06/GLM_run_2_block-03/DCM_sub-06_GLM_run_2_block-03_4ROI.mat,sub-06,run_2,Block-03,OK,,-2982.25508933189,-7.34658211860584e-05,-0.0073465821186058,computed_from_prediction,-8.09378009647421e-05,-4.94012897391816e-05,163,4,1,1,1,1,0,1,Run 2,Block-03,-2.5439137293803573,-4.715608701172291,False,True
work/glm/sub-07/GLM_run_1_ALL/DCM_sub-07_GLM_run_1_ALL_4ROI.mat,sub-07,run_1,ALL,OK,,-3185.44328530046,0.0053855579861389,0.538555798613893,computed_from_prediction,0.0030844485916872,0.0068182738034655,164,4,1,1,1,1,0,1,Run 1,ALL,-1.3786857817772222,-0.7732269463614445,False,False
work/glm/sub-07/GLM_run_1_block-01/DCM_sub-07_GLM_run_1_block-01_4ROI.mat,sub-07,run_1,Block-01,OK,,-3188.10583497895,0.0011065362374731,0.110653623747314,computed_from_prediction,0.0001842621152979,0.002220959833439,164,4,1,1,1,1,0,1,Run 1,Block-01,-1.3480824207641098,-0.7639930792184582,False,False
work/glm/sub-07/GLM_run_1_block-02/DCM_sub-07_GLM_run_1_block-02_4ROI.mat,sub-07,run_1,Block-02,OK,,-3194.27707850696,0.0002984489639604,0.0298448963960474,computed_from_prediction,-0.0003000443698921,0.0013218040362903,164,4,1,1,1,1,0,1,Run 1,Block-02,-1.43691981459676,-0.17536555691106415,False,False
work/glm/sub-07/GLM_run_1_block-03/DCM_sub-07_GLM_run_1_block-03_4ROI.mat,sub-07,run_1,Block-03,OK,,-2133.47702845709,0.523476080242714,52.3476080242714,computed_from_prediction,0.477915038034502,0.575628790491996,164,4,1,1,1,1,0,1,Run 1,Block-03,-0.32522870121743763,0.20668462315168917,False,False
work/glm/sub-07/GLM_run_2_ALL/DCM_sub-07_GLM_run_2_ALL_4ROI.mat,sub-07,run_2,ALL,OK,,-3005.55699377681,0.0004962654379672,0.0496265437967214,computed_from_prediction,-0.0002182629168889,0.0024239617829371,164,4,1,1,1,1,0,1,Run 2,ALL,-0.07894431171755299,-0.6194328807743935,False,False
work/glm/sub-07/GLM_run_2_block-01/DCM_sub-07_GLM_run_2_block-01_4ROI.mat,sub-07,run_2,Block-01,OK,,-3009.71262844951,7.45721160213542e-05,0.0074572116021354,computed_from_prediction,-0.0001822703219231,0.0003653590878273,164,4,1,1,1,1,0,1,Run 2,Block-01,-0.20303237757367065,-1.5346899576829995,False,False
work/glm/sub-07/GLM_run_2_block-02/DCM_sub-07_GLM_run_2_block-02_4ROI.mat,sub-07,run_2,Block-02,OK,,-3008.26379933899,0.0004934957865747,0.049349578657476,computed_from_prediction,-8.45367411257403e-05,0.0012747628942224,164,4,1,1,1,1,0,1,Run 2,Block-02,-0.07124710041942656,0.04731037621815343,False,False
work/glm/sub-07/GLM_run_2_block-03/DCM_sub-07_GLM_run_2_block-03_4ROI.mat,sub-07,run_2,Block-03,OK,,-2061.11320104335,0.507917352129475,50.7917352129475,computed_from_prediction,0.482325358657141,0.564566775450465,164,4,1,1,1,1,0,1,Run 2,Block-03,-0.10915596365702969,0.19038854156888,False,False
work/glm/sub-08/GLM_run_1_ALL/DCM_sub-08_GLM_run_1_ALL_4ROI.mat,sub-08,run_1,ALL,OK,,-3214.66821790234,0.0309002622908459,3.09002622908459,computed_from_prediction,0.0230863941169041,0.0376362838332109,164,4,1,1,1,1,0,1,Run 1,ALL,-1.5893987203341664,0.06489633646299521,False,False
work/glm/sub-08/GLM_run_1_block-01/DCM_sub-08_GLM_run_1_block-01_4ROI.mat,sub-08,run_1,Block-01,OK,,-3224.85117066371,0.0225765727284973,2.25765727284973,computed_from_prediction,0.0171206510048461,0.0289882023812587,164,4,1,1,1,1,0,1,Run 1,Block-01,-1.5779860798013727,0.09419783916816676,False,False
work/glm/sub-08/GLM_run_1_block-02/DCM_sub-08_GLM_run_1_block-02_4ROI.mat,sub-08,run_1,Block-02,OK,,-3238.91032424973,0.0085612373528601,0.856123735286018,computed_from_prediction,0.0052958784520675,0.0148234473193372,164,4,1,1,1,1,0,1,Run 1,Block-02,-1.7679813810992804,22.638397363205854,False,False
work/glm/sub-08/GLM_run_1_block-03/DCM_sub-08_GLM_run_1_block-03_4ROI.mat,sub-08,run_1,Block-03,OK,,-28937.4152780051,0.0670451386414149,6.70451386414149,computed_from_prediction,0.0486992313584365,0.0889930070552044,164,4,1,1,1,1,0,1,Run 1,Block-03,-64.05934410630087,-2.7903630190630637,True,False
work/glm/sub-08/GLM_run_2_ALL/DCM_sub-08_GLM_run_2_ALL_4ROI.mat,sub-08,run_2,ALL,OK,,-3148.57382353653,0.0331809461980943,3.31809461980943,computed_from_prediction,0.0285850831625034,0.0440503598087731,166,4,1,1,1,1,0,1,Run 2,ALL,-1.067079701902912,2.3101624251335506,False,False
work/glm/sub-08/GLM_run_2_block-01/DCM_sub-08_GLM_run_2_block-01_4ROI.mat,sub-08,run_2,Block-01,OK,,-3144.31642020798,0.0340760741540829,3.40760741540829,computed_from_prediction,0.0283121190517235,0.0456402753666522,166,4,1,1,1,1,0,1,Run 2,Block-01,-1.051928997646267,1.1942389949447267,False,False
work/glm/sub-08/GLM_run_2_block-02/DCM_sub-08_GLM_run_2_block-02_4ROI.mat,sub-08,run_2,Block-02,OK,,-3164.4775906526,0.0229626933372914,2.29626933372914,computed_from_prediction,0.017491559592259,0.0293865219148625,166,4,1,1,1,1,0,1,Run 2,Block-02,-0.9974129335932786,35.74891187586653,False,False
work/glm/sub-08/GLM_run_2_block-03/DCM_sub-08_GLM_run_2_block-03_4ROI.mat,sub-08,run_2,Block-03,OK,,-3167.83228344091,-9.95073984784156e-05,-0.0099507398478415,computed_from_prediction,-0.000103417258626,-9.38608577978339e-05,166,4,1,1,1,1,0,1,Run 2,Block-03,-3.0344304676187868,-4.715860201596862,True,True
work/glm/sub-09/GLM_run_1_ALL/DCM_sub-09_GLM_run_1_ALL_4ROI.mat,sub-09,run_1,ALL,OK,,-2996.69272067976,0.0370954178215706,3.70954178215706,computed_from_prediction,0.0337916680976291,0.0395726095206085,165,4,1,1,1,1,0,1,Run 1,ALL,-0.01778662531683771,0.268398757224387,False,False
work/glm/sub-09/GLM_run_1_block-01/DCM_sub-09_GLM_run_1_block-01_4ROI.mat,sub-09,run_1,Block-01,OK,,-3002.08374304773,0.0223343193657093,2.23343193657093,computed_from_prediction,0.0192728372566185,0.030427057819438,165,4,1,1,1,1,0,1,Run 1,Block-01,-0.184202467029162,0.08451459359100176,False,False
work/glm/sub-09/GLM_run_1_block-02/DCM_sub-09_GLM_run_1_block-02_4ROI.mat,sub-09,run_1,Block-02,OK,,-3022.70335166505,0.0018190692537003,0.181906925370035,computed_from_prediction,0.0006012622480197,0.0027681492104962,165,4,1,1,1,1,0,1,Run 1,Block-02,-0.16429296809053878,4.023104638483178,False,False
work/glm/sub-09/GLM_run_1_block-03/DCM_sub-09_GLM_run_1_block-03_4ROI.mat,sub-09,run_1,Block-03,OK,,-25377.6371156916,0.111197227076621,11.1197227076621,computed_from_prediction,0.0973863127080704,0.119835684012981,165,4,1,1,1,1,0,1,Run 1,Block-03,-55.59494196878251,-2.5004485972244566,True,False
work/glm/sub-09/GLM_run_2_ALL/DCM_sub-09_GLM_run_2_ALL_4ROI.mat,sub-09,run_2,ALL,OK,,-2106.0026913769,0.0067499317725293,0.674993177252936,computed_from_prediction,0.0046351558882582,0.0113636950103921,166,4,1,1,1,1,0,1,Run 2,ALL,6.136278351854601,-0.05890387720530476,False,False
work/glm/sub-09/GLM_run_2_block-01/DCM_sub-09_GLM_run_2_block-01_4ROI.mat,sub-09,run_2,Block-01,OK,,-2111.46809084418,0.0029089450324627,0.290894503246275,computed_from_prediction,0.0018609026451915,0.00434640473,166,4,1,1,1,1,0,1,Run 2,Block-01,5.461865631689524,-1.3072058216715252,False,False
work/glm/sub-09/GLM_run_2_block-02/DCM_sub-09_GLM_run_2_block-02_4ROI.mat,sub-09,run_2,Block-02,OK,,-2121.15856029717,0.0007407355283376,0.0740735528337644,computed_from_prediction,-8.71205314914025e-05,0.0017092297755603,166,4,1,1,1,1,0,1,Run 2,Block-02,5.188253715232777,0.4401528315559913,False,False
work/glm/sub-09/GLM_run_2_block-03/DCM_sub-09_GLM_run_2_block-03_4ROI.mat,sub-09,run_2,Block-03,OK,,-19529.7303886189,0.0491374834275777,4.91374834275777,computed_from_prediction,0.0245963849656923,0.0675574035646407,166,4,1,1,1,1,0,1,Run 2,Block-03,-46.28212007988102,-4.240346604307856,True,True
work/glm/sub-10/GLM_run_1_ALL/DCM_sub-10_GLM_run_1_ALL_4ROI.mat,sub-10,run_1,ALL,OK,,-3014.25525762556,0.0387097153030141,3.87097153030141,computed_from_prediction,0.0319674694131107,0.043334241222345,166,4,1,1,1,1,0,1,Run 1,ALL,-0.14441322250277341,0.32142623065479825,False,False
work/glm/sub-10/GLM_run_1_block-01/DCM_sub-10_GLM_run_1_block-01_4ROI.mat,sub-10,run_1,Block-01,OK,,-3023.61685266574,0.0250016965189277,2.50016965189277,computed_from_prediction,0.015452891134471,0.0309758195847906,166,4,1,1,1,1,0,1,Run 1,Block-01,-0.3189281566813661,0.19113382778564306,False,False
work/glm/sub-10/GLM_run_1_block-02/DCM_sub-10_GLM_run_1_block-02_4ROI.mat,sub-10,run_1,Block-02,OK,,-3037.71669546439,0.0084057020305053,0.840570203050539,computed_from_prediction,0.0002092176138015,0.0318215355297903,166,4,1,1,1,1,0,1,Run 1,Block-02,-0.27565258431238937,22.20896049481491,False,False
work/glm/sub-10/GLM_run_1_block-03/DCM_sub-10_GLM_run_1_block-03_4ROI.mat,sub-10,run_1,Block-03,OK,,-27931.5979365854,0.029091145356914,2.9091145356914,computed_from_prediction,-0.0175274193420156,0.0971760614080952,166,4,1,1,1,1,0,1,Run 1,Block-03,-61.66772247526841,-3.0395790903637483,True,True
work/glm/sub-10/GLM_run_2_ALL/DCM_sub-10_GLM_run_2_ALL_4ROI.mat,sub-10,run_2,ALL,OK,,-3098.33813410594,0.0123921347819156,1.23921347819156,computed_from_prediction,0.0073215274981903,0.0198057438496551,166,4,1,1,1,1,0,1,Run 2,ALL,-0.7199900435730108,0.44681840818541657,False,False
work/glm/sub-10/GLM_run_2_block-01/DCM_sub-10_GLM_run_2_block-01_4ROI.mat,sub-10,run_2,Block-01,OK,,-3113.95182503031,0.0007728764484074,0.07728764484074,computed_from_prediction,-1.36991968524569e-06,0.0014372940964326,166,4,1,1,1,1,0,1,Run 2,Block-01,-0.8604306610878923,-1.4786447009687378,False,False
work/glm/sub-10/GLM_run_2_block-02/DCM_sub-10_GLM_run_2_block-02_4ROI.mat,sub-10,run_2,Block-02,OK,,-3110.01121399397,0.0007986424148872,0.0798642414887252,computed_from_prediction,4.0368972978877e-06,0.0027608708081505,166,4,1,1,1,1,0,1,Run 2,Block-02,-0.6744907594765952,0.5321618400224959,False,False
work/glm/sub-10/GLM_run_2_block-03/DCM_sub-10_GLM_run_2_block-03_4ROI.mat,sub-10,run_2,Block-03,OK,,-26992.4176569131,0.094388561365393,9.4388561365393,computed_from_prediction,0.0183918413994757,0.180692595816999,166,4,1,1,1,1,0,1,Run 2,Block-03,-66.0074588259053,-3.8033275564250855,True,True
work/glm/sub-11/GLM_run_1_ALL/DCM_sub-11_GLM_run_1_ALL_4ROI.mat,sub-11,run_1,ALL,OK,,-2921.19214110835,0.0001904978996097,0.0190497899609787,computed_from_prediction,1.81581280168652e-05,0.0003621687005875,166,4,1,1,1,1,0,1,Run 1,ALL,0.5265755876252992,-0.9438775940112696,False,False
work/glm/sub-11/GLM_run_1_block-01/DCM_sub-11_GLM_run_1_block-01_4ROI.mat,sub-11,run_1,Block-01,OK,,-2918.83477832042,0.0024014689120505,0.240146891205051,computed_from_prediction,0.0014998908382704,0.0033753127021187,166,4,1,1,1,1,0,1,Run 1,Block-01,0.3366593306713433,-0.7122325961047477,False,False
work/glm/sub-11/GLM_run_1_block-02/DCM_sub-11_GLM_run_1_block-02_4ROI.mat,sub-11,run_1,Block-02,OK,,-2922.13817586816,0.0005208539699396,0.0520853969939616,computed_from_prediction,1.85624727480072e-05,0.0010713078465522,166,4,1,1,1,1,0,1,Run 1,Block-02,0.5816367549413775,0.4387001603559593,False,False
work/glm/sub-11/GLM_run_1_block-03/DCM_sub-11_GLM_run_1_block-03_4ROI.mat,sub-11,run_1,Block-03,OK,,-2179.97490523156,0.414279849857703,41.4279849857703,computed_from_prediction,0.313282874404488,0.510411677499638,166,4,1,1,1,1,0,1,Run 1,Block-03,-0.4357908513330237,-0.5103270318118986,False,False
work/glm/sub-11/GLM_run_2_ALL/DCM_sub-11_GLM_run_2_ALL_4ROI.mat,sub-11,run_2,ALL,OK,,-2881.14463022174,0.001779129423279,0.177912942327907,computed_from_prediction,-1.41826336335082e-05,0.005628091307931,166,4,1,1,1,1,0,1,Run 2,ALL,0.7806486439640592,-0.5044471375428797,False,False
work/glm/sub-11/GLM_run_2_block-01/DCM_sub-11_GLM_run_2_block-01_4ROI.mat,sub-11,run_2,Block-01,OK,,-2878.53073886014,0.006486923428422,0.648692342842205,computed_from_prediction,0.0035888635543618,0.0122678813900959,166,4,1,1,1,1,0,1,Run 2,Block-01,0.6242835637704918,-1.0200406009798073,False,False
work/glm/sub-11/GLM_run_2_block-02/DCM_sub-11_GLM_run_2_block-02_4ROI.mat,sub-11,run_2,Block-02,OK,,-2882.22064257191,0.0001147102805117,0.0114710280511798,computed_from_prediction,-4.39083692418407e-05,0.0004098245756289,166,4,1,1,1,1,0,1,Run 2,Block-02,0.6760420110053605,-0.5545468623760749,False,False
work/glm/sub-11/GLM_run_2_block-03/DCM_sub-11_GLM_run_2_block-03_4ROI.mat,sub-11,run_2,Block-03,OK,,-2191.93714312517,0.397236347162549,39.7236347162549,computed_from_prediction,0.241659110905086,0.533457729139254,166,4,1,1,1,1,0,1,Run 2,Block-03,-0.4549491720389244,-0.8785298049912741,False,False
work/glm/sub-12/GLM_run_1_ALL/DCM_sub-12_GLM_run_1_ALL_4ROI.mat,sub-12,run_1,ALL,OK,,-3006.12931609295,0.0419844059230426,4.19844059230426,computed_from_prediction,0.0180602130176876,0.0657335912697823,165,4,1,1,1,1,0,1,Run 1,ALL,-0.08582485748570572,0.42899535706581293,False,False
work/glm/sub-12/GLM_run_1_block-01/DCM_sub-12_GLM_run_1_block-01_4ROI.mat,sub-12,run_1,Block-01,OK,,-2745.00499982434,0.219734327598193,21.9734327598193,computed_from_prediction,0.166849121934201,0.241241448622027,165,4,1,1,1,1,0,1,Run 1,Block-01,1.4242559298353754,7.974901478838511,False,False
work/glm/sub-12/GLM_run_1_block-02/DCM_sub-12_GLM_run_1_block-02_4ROI.mat,sub-12,run_1,Block-02,OK,,-3030.57326953947,5.55465341010031e-05,0.0055546534101003,computed_from_prediction,-0.0001319807065858,0.0002207980783937,165,4,1,1,1,1,0,1,Run 1,Block-02,-0.22266710818259647,-0.8460251680150854,False,False
work/glm/sub-12/GLM_run_1_block-03/DCM_sub-12_GLM_run_1_block-03_4ROI.mat,sub-12,run_1,Block-03,OK,,-1688.84097905736,0.594719924445289,59.4719924445289,computed_from_prediction,0.534048496688498,0.646641313188609,165,4,1,1,1,1,0,1,Run 1,Block-03,0.7320221035660956,0.6744907594765952,False,False
work/glm/sub-12/GLM_run_2_ALL/DCM_sub-12_GLM_run_2_ALL_4ROI.mat,sub-12,run_2,ALL,OK,,-2346.80250179256,0.0016270600945288,0.162706009452884,computed_from_prediction,-0.0001950865406414,0.0054388016925391,166,4,1,1,1,1,0,1,Run 2,ALL,4.47253839186946,-0.5180774249227316,False,False
work/glm/sub-12/GLM_run_2_block-01/DCM_sub-12_GLM_run_2_block-01_4ROI.mat,sub-12,run_2,Block-01,OK,,-2345.37963879344,0.0037611465982797,0.376114659827975,computed_from_prediction,0.0021075067864305,0.0057090917572053,166,4,1,1,1,1,0,1,Run 2,Block-01,3.986671509324987,-1.2388089160339626,False,False
work/glm/sub-12/GLM_run_2_block-02/DCM_sub-12_GLM_run_2_block-02_4ROI.mat,sub-12,run_2,Block-02,OK,,-2349.39383790855,-5.89924639047279e-05,-0.0058992463904727,computed_from_prediction,-0.0002387572407607,0.0002773723378582,166,4,1,1,1,1,0,1,Run 2,Block-02,3.8350843550177034,-0.8305454220289653,False,False
work/glm/sub-12/GLM_run_2_block-03/DCM_sub-12_GLM_run_2_block-03_4ROI.mat,sub-12,run_2,Block-03,OK,,-1587.81625041261,0.428677832650742,42.8677832650742,computed_from_prediction,0.297314712995871,0.562867113928311,166,4,1,1,1,1,0,1,Run 2,Block-03,1.1418602377475424,-0.574878960011349,False,False
work/glm/sub-14/GLM_run_1_ALL/DCM_sub-14_GLM_run_1_ALL_4ROI.mat,sub-14,run_1,ALL,OK,,-2033.92944452849,0.0038001734613761,0.380017346137618,computed_from_prediction,0.0004781112464,0.0055636706677629,166,4,1,1,1,1,0,1,Run 1,ALL,6.923775287455363,-0.8253046685472388,False,False
work/glm/sub-14/GLM_run_1_block-01/DCM_sub-14_GLM_run_1_block-01_4ROI.mat,sub-14,run_1,Block-01,OK,,-2034.92397985813,0.0006359839499964,0.0635983949996421,computed_from_prediction,7.2125667720857e-05,0.0018006180386875,166,4,1,1,1,1,0,1,Run 1,Block-01,5.86700278901976,-0.7828017896697606,False,False
work/glm/sub-14/GLM_run_1_block-02/DCM_sub-14_GLM_run_1_block-02_4ROI.mat,sub-14,run_1,Block-02,OK,,-2037.46324786179,0.0021149928642814,0.211499286428141,computed_from_prediction,-8.2952380034973e-05,0.0060655903147052,166,4,1,1,1,1,0,1,Run 1,Block-02,7.1436033481671855,4.840157039744093,False,False
work/glm/sub-14/GLM_run_1_block-03/DCM_sub-14_GLM_run_1_block-03_4ROI.mat,sub-14,run_1,Block-03,OK,,-1983.96421862996,0.0207722114414017,2.07722114414017,computed_from_prediction,0.0128578137531283,0.0294778950926877,166,4,1,1,1,1,0,1,Run 1,Block-03,0.03028124613969314,-3.094203435483202,False,True
work/glm/sub-14/GLM_run_2_ALL/DCM_sub-14_GLM_run_2_ALL_4ROI.mat,sub-14,run_2,ALL,OK,,-2999.47895519317,0.0281756739436728,2.81756739436728,computed_from_prediction,0.0216349522816406,0.0369616834266911,165,4,1,1,1,1,0,1,Run 2,ALL,-0.03694977836439902,1.8615295561464136,False,False
work/glm/sub-14/GLM_run_2_block-01/DCM_sub-14_GLM_run_2_block-01_4ROI.mat,sub-14,run_2,Block-01,OK,,-3010.34480270424,0.0017696057163533,0.176960571635332,computed_from_prediction,0.0007678810008708,0.0035591254680447,165,4,1,1,1,1,0,1,Run 2,Block-01,-0.2070192681443341,-1.3986481362821463,False,False
work/glm/sub-14/GLM_run_2_block-02/DCM_sub-14_GLM_run_2_block-02_4ROI.mat,sub-14,run_2,Block-02,OK,,-3011.06220976305,0.0008730908488208,0.0873090848820812,computed_from_prediction,-2.25330244538746e-05,0.0037207597458568,165,4,1,1,1,1,0,1,Run 2,Block-02,-0.0878384147980571,0.6504539292067882,False,False
work/glm/sub-14/GLM_run_2_block-03/DCM_sub-14_GLM_run_2_block-03_4ROI.mat,sub-14,run_2,Block-03,OK,,-1859.22025284185,0.559055078988726,55.9055078988726,computed_from_prediction,0.499463153250688,0.611899926601164,165,4,1,1,1,1,0,1,Run 2,Block-03,0.42448649656338977,0.6842587811603041,False,False
work/glm/sub-15/GLM_run_1_ALL/DCM_sub-15_GLM_run_1_ALL_4ROI.mat,sub-15,run_1,ALL,OK,,-2918.72610084693,0.0568342163304006,5.68342163304006,computed_from_prediction,0.0444546264564062,0.072680862921327,165,4,1,1,1,1,0,1,Run 1,ALL,0.5443558370158523,0.9167914020170133,False,False
work/glm/sub-15/GLM_run_1_block-01/DCM_sub-15_GLM_run_1_block-01_4ROI.mat,sub-15,run_1,Block-01,OK,,-2937.18605880209,0.0256111924638874,2.56111924638874,computed_from_prediction,0.0178352114398967,0.0318772438632045,165,4,1,1,1,1,0,1,Run 1,Block-01,0.22184131493867218,0.21549633340954175,False,False
work/glm/sub-15/GLM_run_1_block-02/DCM_sub-15_GLM_run_1_block-02_4ROI.mat,sub-15,run_1,Block-02,OK,,-2960.17165640678,0.0006763367123974,0.0676336712397418,computed_from_prediction,-0.0002153843628069,0.0031139823574793,165,4,1,1,1,1,0,1,Run 1,Block-02,0.2995281285773986,0.867991854352039,False,False
work/glm/sub-15/GLM_run_1_block-03/DCM_sub-15_GLM_run_1_block-03_4ROI.mat,sub-15,run_1,Block-03,OK,,-1582.37569918873,0.618370723233664,61.8370723233664,computed_from_prediction,0.590816067691947,0.635268215152323,165,4,1,1,1,1,0,1,Run 1,Block-03,0.9851740982695677,0.8297882301005566,False,False
work/glm/sub-15/GLM_run_2_ALL/DCM_sub-15_GLM_run_2_ALL_4ROI.mat,sub-15,run_2,ALL,OK,,-3079.03780240207,0.0610348145989179,6.10348145989179,computed_from_prediction,0.0458731104994853,0.0862258646785937,166,4,1,1,1,1,0,1,Run 2,ALL,-0.5866397180836854,4.8067620620489935,False,False
work/glm/sub-15/GLM_run_2_block-01/DCM_sub-15_GLM_run_2_block-01_4ROI.mat,sub-15,run_2,Block-01,OK,,-3096.70506733907,0.0311677815160035,3.11677815160035,computed_from_prediction,0.0203919217891902,0.0547505841359914,166,4,1,1,1,1,0,1,Run 2,Block-01,-0.7516617020560726,0.9608221307754694,False,False
work/glm/sub-15/GLM_run_2_block-02/DCM_sub-15_GLM_run_2_block-02_4ROI.mat,sub-15,run_2,Block-02,OK,,-3122.58070405949,0.0007566081057789,0.0756608105778933,computed_from_prediction,-0.0002313123402251,0.0013747568763649,166,4,1,1,1,1,0,1,Run 2,Block-02,-0.7490131953077035,0.4653729771932409,False,False
work/glm/sub-15/GLM_run_2_block-03/DCM_sub-15_GLM_run_2_block-03_4ROI.mat,sub-15,run_2,Block-03,OK,,-2076.91128312344,0.517719224653753,51.7719224653753,computed_from_prediction,0.495708819999895,0.543341683105732,166,4,1,1,1,1,0,1,Run 2,Block-03,-0.15091337748987652,0.2850515903456371,False,False
work/glm/sub-16/GLM_run_1_ALL/DCM_sub-16_GLM_run_1_ALL_4ROI.mat,sub-16,run_1,ALL,OK,,-3089.14960411085,0.028924645016819,2.8924645016819,computed_from_prediction,0.0163385436250378,0.0481205197324277,165,4,1,1,1,1,0,1,Run 1,ALL,-0.6844044705305694,0.0,False,False
work/glm/sub-16/GLM_run_1_block-01/DCM_sub-16_GLM_run_1_block-01_4ROI.mat,sub-16,run_1,Block-01,OK,,-3083.69445656853,0.03281663927513,3.281663927513,computed_from_prediction,0.018091406214813,0.0566040545587499,165,4,1,1,1,1,0,1,Run 1,Block-01,-0.6948142577619772,0.5035093052976625,False,False
work/glm/sub-16/GLM_run_1_block-02/DCM_sub-16_GLM_run_1_block-02_4ROI.mat,sub-16,run_1,Block-02,OK,,-3084.87576665162,0.0006471572215248,0.0647157221524863,computed_from_prediction,-5.17250234710609e-05,0.0023269132434558,165,4,1,1,1,1,0,1,Run 1,Block-02,-0.6254491478880362,0.7874265590105193,False,False
work/glm/sub-16/GLM_run_1_block-03/DCM_sub-16_GLM_run_1_block-03_4ROI.mat,sub-16,run_1,Block-03,OK,,-1889.08308277392,0.60337249729283,60.337249729283,computed_from_prediction,0.522939668645718,0.675711589914987,165,4,1,1,1,1,0,1,Run 1,Block-03,0.2558885880949829,0.7313058670607485,False,False
work/glm/sub-16/GLM_run_2_ALL/DCM_sub-16_GLM_run_2_ALL_4ROI.mat,sub-16,run_2,ALL,OK,,-3196.22722799556,0.0243698573433382,2.43698573433382,computed_from_prediction,0.016993733713127,0.0388849714943917,166,4,1,1,1,1,0,1,Run 2,ALL,-1.396327773531236,1.5204063697425754,False,False
work/glm/sub-16/GLM_run_2_block-01/DCM_sub-16_GLM_run_2_block-01_4ROI.mat,sub-16,run_2,Block-01,OK,,-3184.07622929544,0.0383234643200172,3.83234643200172,computed_from_prediction,0.026618502930169,0.0563747325256885,166,4,1,1,1,1,0,1,Run 2,Block-01,-1.3026794936623083,1.535130582144302,False,False
work/glm/sub-16/GLM_run_2_block-02/DCM_sub-16_GLM_run_2_block-02_4ROI.mat,sub-16,run_2,Block-02,OK,,-3212.8057956766,0.0108990272762146,1.08990272762146,computed_from_prediction,0.0056126121782902,0.0151626316379557,166,4,1,1,1,1,0,1,Run 2,Block-02,-1.2839428993246074,16.58079528579898,False,False
work/glm/sub-16/GLM_run_2_block-03/DCM_sub-16_GLM_run_2_block-03_4ROI.mat,sub-16,run_2,Block-03,OK,,-29329.0055221331,0.0568030102806528,5.68030102806528,computed_from_prediction,0.0254435250912198,0.0830768953356105,166,4,1,1,1,1,0,1,Run 2,Block-03,-72.183516523932,-4.166315633124047,True,True
work/glm/sub-17/GLM_run_1_ALL/DCM_sub-17_GLM_run_1_ALL_4ROI.mat,sub-17,run_1,ALL,OK,,-3078.03366157951,0.0494579396251104,4.94579396251104,computed_from_prediction,0.0422039283290712,0.0565116735854209,165,4,1,1,1,1,0,1,Run 1,ALL,-0.604258078149905,0.6744907594765952,False,False
work/glm/sub-17/GLM_run_1_block-01/DCM_sub-17_GLM_run_1_block-01_4ROI.mat,sub-17,run_1,Block-01,OK,,-3089.01057575711,0.0185192305592722,1.85192305592722,computed_from_prediction,0.0139014698884677,0.0227938035000755,165,4,1,1,1,1,0,1,Run 1,Block-01,-0.7280754929788237,-0.06798046937228476,False,False
work/glm/sub-17/GLM_run_1_block-02/DCM_sub-17_GLM_run_1_block-02_4ROI.mat,sub-17,run_1,Block-02,OK,,-3101.88076817781,0.000182411280777,0.0182411280777006,computed_from_prediction,-6.24063800995778e-05,0.0005196713196595,165,4,1,1,1,1,0,1,Run 1,Block-02,-0.7515816383657238,-0.4957484675400742,False,False
work/glm/sub-17/GLM_run_1_block-03/DCM_sub-17_GLM_run_1_block-03_4ROI.mat,sub-17,run_1,Block-03,OK,,-2003.60039785483,0.517394066825489,51.7394066825489,computed_from_prediction,0.410767786630854,0.579984893260386,165,4,1,1,1,1,0,1,Run 1,Block-03,-0.016409449129829983,0.16674849632368985,False,False
work/glm/sub-17/GLM_run_2_ALL/DCM_sub-17_GLM_run_2_ALL_4ROI.mat,sub-17,run_2,ALL,OK,,-3078.85670475382,0.0023824575001214,0.238245750012145,computed_from_prediction,0.0014897769621791,0.0045153819687083,166,4,1,1,1,1,0,1,Run 2,ALL,-0.5853884737677819,-0.45036959844094876,False,False
work/glm/sub-17/GLM_run_2_block-01/DCM_sub-17_GLM_run_2_block-01_4ROI.mat,sub-17,run_2,Block-01,OK,,-3062.51205518276,0.0187310867580367,1.87310867580367,computed_from_prediction,0.0156153434857631,0.0215685302552688,166,4,1,1,1,1,0,1,Run 2,Block-01,-0.5360189473432121,-0.037335431852724525,False,False
work/glm/sub-17/GLM_run_2_block-02/DCM_sub-17_GLM_run_2_block-02_4ROI.mat,sub-17,run_2,Block-02,OK,,-3081.94680442417,0.0004366695906522,0.043666959065225,computed_from_prediction,-0.0001482169734443,0.0020901102722082,166,4,1,1,1,1,0,1,Run 2,Block-02,-0.5081014986234036,-0.04298150879407704,False,False
work/glm/sub-17/GLM_run_2_block-03/DCM_sub-17_GLM_run_2_block-03_4ROI.mat,sub-17,run_2,Block-03,OK,,-2009.6834501673,0.520249876835886,52.0249876835886,computed_from_prediction,0.442335167802737,0.574936453819695,166,4,1,1,1,1,0,1,Run 2,Block-03,0.026782904096919104,0.3094917419963453,False,False
work/glm/sub-19/GLM_run_1_ALL/DCM_sub-19_GLM_run_1_ALL_4ROI.mat,sub-19,run_1,ALL,OK,,-2940.63232722513,0.0494322834974836,4.94322834974836,computed_from_prediction,0.0383974206156015,0.059577612688328,165,4,1,1,1,1,0,1,Run 1,ALL,0.38641106445725687,0.6736479906302726,False,False
work/glm/sub-19/GLM_run_1_block-01/DCM_sub-19_GLM_run_1_block-01_4ROI.mat,sub-19,run_1,Block-01,OK,,-2936.43424895725,0.0344861127087642,3.44861127087642,computed_from_prediction,0.0300986770397115,0.0442925977892888,165,4,1,1,1,1,0,1,Run 1,Block-01,0.22654514553398306,0.5702407679959944,False,False
work/glm/sub-19/GLM_run_1_block-02/DCM_sub-19_GLM_run_1_block-02_4ROI.mat,sub-19,run_1,Block-02,OK,,-2969.21282034474,-0.0002078871658859,-0.0207887165885934,computed_from_prediction,-0.000287392559136,-3.88352038755979e-05,165,4,1,1,1,1,0,1,Run 1,Block-02,0.23246641602444168,-1.5733721232808107,False,False
work/glm/sub-19/GLM_run_1_block-03/DCM_sub-19_GLM_run_1_block-03_4ROI.mat,sub-19,run_1,Block-03,OK,,-1807.77259430152,0.55581887758308,55.581887758308,computed_from_prediction,0.531163004333863,0.583084444738453,165,4,1,1,1,1,0,1,Run 1,Block-03,0.449227791002266,0.4190560810802494,False,False
work/glm/sub-19/GLM_run_2_ALL/DCM_sub-19_GLM_run_2_ALL_4ROI.mat,sub-19,run_2,ALL,OK,,-2994.1310643935,0.0007376179358283,0.0737617935828383,computed_from_prediction,0.0001073625145038,0.003133612914763,166,4,1,1,1,1,0,1,Run 2,ALL,0.0,-0.597799958917442,False,False
work/glm/sub-19/GLM_run_2_block-01/DCM_sub-19_GLM_run_2_block-01_4ROI.mat,sub-19,run_2,Block-01,OK,,-2977.4574765207,0.0163487114545309,1.63487114545309,computed_from_prediction,0.0104983691028228,0.0248271484242345,166,4,1,1,1,1,0,1,Run 2,Block-01,0.00038900524611744705,-0.22854265953591923,False,False
work/glm/sub-19/GLM_run_2_block-02/DCM_sub-19_GLM_run_2_block-02_4ROI.mat,sub-19,run_2,Block-02,OK,,-2996.24675090342,0.0003071860311005,0.0307186031100581,computed_from_prediction,-0.0001868732365071,0.0021880961114517,166,4,1,1,1,1,0,1,Run 2,Block-02,0.0,-0.24871962798748967,False,False
work/glm/sub-19/GLM_run_2_block-03/DCM_sub-19_GLM_run_2_block-03_4ROI.mat,sub-19,run_2,Block-03,OK,,-2040.38402892304,0.481251911272681,48.1251911272681,computed_from_prediction,0.460054518085416,0.512211465242278,166,4,1,1,1,1,0,1,Run 2,Block-03,-0.05436471657704628,-0.06713693861138394,False,False
work/glm/sub-20/GLM_run_1_ALL/DCM_sub-20_GLM_run_1_ALL_4ROI.mat,sub-20,run_1,ALL,OK,,-3154.12839634764,0.0425656057569144,4.25656057569144,computed_from_prediction,0.0327927510594352,0.0508429217917669,165,4,1,1,1,1,0,1,Run 1,ALL,-1.152904173938419,0.44808697995606095,False,False
work/glm/sub-20/GLM_run_1_block-01/DCM_sub-20_GLM_run_1_block-01_4ROI.mat,sub-20,run_1,Block-01,OK,,-3187.20077486083,0.0017300375330139,0.173003753301393,computed_from_prediction,0.0010274403192718,0.0025481351456714,165,4,1,1,1,1,0,1,Run 1,Block-01,-1.3424197528655326,-0.7390707578400524,False,False
work/glm/sub-20/GLM_run_1_block-02/DCM_sub-20_GLM_run_1_block-02_4ROI.mat,sub-20,run_1,Block-02,OK,,-3185.16535359062,0.0017346513612154,0.173465136121542,computed_from_prediction,-0.0001096466223808,0.0039168361187874,165,4,1,1,1,1,0,1,Run 1,Block-02,-1.3693347247350771,3.790024751316472,False,False
work/glm/sub-20/GLM_run_1_block-03/DCM_sub-20_GLM_run_1_block-03_4ROI.mat,sub-20,run_1,Block-03,OK,,-2280.36223401753,0.46386248965484,46.386248965484,computed_from_prediction,0.420651952876009,0.488640351015191,165,4,1,1,1,1,0,1,Run 1,Block-03,-0.6744907594765952,-0.184754157244164,False,False
work/glm/sub-20/GLM_run_2_ALL/DCM_sub-20_GLM_run_2_ALL_4ROI.mat,sub-20,run_2,ALL,OK,,-3034.46828606692,0.0275086161496008,2.75086161496008,computed_from_prediction,0.0238858910927956,0.0301056187497463,166,4,1,1,1,1,0,1,Run 2,ALL,-0.27869892196760365,1.8017397911300568,False,False
work/glm/sub-20/GLM_run_2_block-01/DCM_sub-20_GLM_run_2_block-01_4ROI.mat,sub-20,run_2,Block-01,OK,,-3023.49206387822,0.0256285393243905,2.56285393243905,computed_from_prediction,0.0156109677334173,0.0391994806703632,166,4,1,1,1,1,0,1,Run 2,Block-01,-0.289934210049015,0.5162477006403363,False,False
work/glm/sub-20/GLM_run_2_block-02/DCM_sub-20_GLM_run_2_block-02_4ROI.mat,sub-20,run_2,Block-02,OK,,-3050.10602557766,-0.0001014336347906,-0.0101433634790649,computed_from_prediction,-0.0002606267739611,0.0005594867371786,166,4,1,1,1,1,0,1,Run 2,Block-02,-0.319322766468577,-0.8979807528514201,False,False
work/glm/sub-20/GLM_run_2_block-03/DCM_sub-20_GLM_run_2_block-03_4ROI.mat,sub-20,run_2,Block-03,OK,,-2032.3029659407,0.505833240053255,50.5833240053255,computed_from_prediction,0.445243038441889,0.570986222752403,166,4,1,1,1,1,0,1,Run 2,Block-03,-0.03300489014671419,0.17026091772570268,False,False
work/glm/sub-21/GLM_run_1_ALL/DCM_sub-21_GLM_run_1_ALL_4ROI.mat,sub-21,run_1,ALL,OK,,-2981.57610049438,0.0350198866216677,3.50198866216677,computed_from_prediction,0.0253597262471065,0.0487467868943743,165,4,1,1,1,1,0,1,Run 1,ALL,0.09120481372948173,0.20022038438914888,False,False
work/glm/sub-21/GLM_run_1_block-01/DCM_sub-21_GLM_run_1_block-01_4ROI.mat,sub-21,run_1,Block-01,OK,,-2975.50411725692,0.023159849242506,2.3159849242506,computed_from_prediction,0.02201882913917,0.024412564436311,165,4,1,1,1,1,0,1,Run 1,Block-01,-0.01790236087220981,0.11751231315332937,False,False
work/glm/sub-21/GLM_run_1_block-02/DCM_sub-21_GLM_run_1_block-02_4ROI.mat,sub-21,run_1,Block-02,OK,,-3000.55360925894,1.69230874803583e-05,0.0016923087480358,computed_from_prediction,-0.0001395307786404,0.0006357895629157,165,4,1,1,1,1,0,1,Run 1,Block-02,0.0,-0.9526654585427873,False,False
work/glm/sub-21/GLM_run_1_block-03/DCM_sub-21_GLM_run_1_block-03_4ROI.mat,sub-21,run_1,Block-03,OK,,-1716.69974093338,0.597796718704953,59.7796718704953,computed_from_prediction,0.537507698192641,0.648399262806922,165,4,1,1,1,1,0,1,Run 1,Block-03,0.6657798399137035,0.6946938135227445,False,False
work/glm/sub-21/GLM_run_2_ALL/DCM_sub-21_GLM_run_2_ALL_4ROI.mat,sub-21,run_2,ALL,OK,,-3070.41950564358,0.000530313353746,0.0530313353746092,computed_from_prediction,0.0001140832662638,0.0018590980053787,166,4,1,1,1,1,0,1,Run 2,ALL,-0.5270939706042356,-0.6163810959038668,False,False
work/glm/sub-21/GLM_run_2_block-01/DCM_sub-21_GLM_run_2_block-01_4ROI.mat,sub-21,run_2,Block-01,OK,,-3054.55238254525,0.0169429128480478,1.69429128480478,computed_from_prediction,0.0151618013440474,0.0202498834883422,166,4,1,1,1,1,0,1,Run 2,Block-01,-0.4858202188334619,-0.1808526079421734,False,False
work/glm/sub-21/GLM_run_2_block-02/DCM_sub-21_GLM_run_2_block-02_4ROI.mat,sub-21,run_2,Block-02,OK,,-3071.17888121735,0.0003577255070241,0.0357725507024176,computed_from_prediction,-0.0001797318210821,0.0015630028165812,166,4,1,1,1,1,0,1,Run 2,Block-02,-0.44426025589743245,-0.16841679450389177,False,False
work/glm/sub-21/GLM_run_2_block-03/DCM_sub-21_GLM_run_2_block-03_4ROI.mat,sub-21,run_2,Block-03,OK,,-1994.37442238651,0.533374413469466,53.3374413469466,computed_from_prediction,0.465101832841572,0.592187875319828,166,4,1,1,1,1,0,1,Run 2,Block-03,0.06724765198088087,0.4362439159753103,False,False
work/glm/sub-22/GLM_run_1_ALL/DCM_sub-22_GLM_run_1_ALL_4ROI.mat,sub-22,run_1,ALL,OK,,-2941.27240502736,0.0016196696398839,0.161966963988391,computed_from_prediction,0.0005590014389028,0.0053558637556731,165,4,1,1,1,1,0,1,Run 1,ALL,0.38179607777960617,-0.8969312490184533,False,False
work/glm/sub-22/GLM_run_1_block-01/DCM_sub-22_GLM_run_1_block-01_4ROI.mat,sub-22,run_1,Block-01,OK,,-2941.48006949357,0.0020945773118501,0.209457731185014,computed_from_prediction,0.0013171642198762,0.0034386075610269,165,4,1,1,1,1,0,1,Run 1,Block-01,0.1949750814012853,-0.7244995330673933,False,False
work/glm/sub-22/GLM_run_1_block-02/DCM_sub-22_GLM_run_1_block-02_4ROI.mat,sub-22,run_1,Block-02,OK,,-2943.15994936675,0.000541528224997,0.054152822499709,computed_from_prediction,-0.0001446745939761,0.0037610861777126,165,4,1,1,1,1,0,1,Run 1,Block-02,0.42571035637262145,0.49578228944265706,False,False
work/glm/sub-22/GLM_run_1_block-03/DCM_sub-22_GLM_run_1_block-03_4ROI.mat,sub-22,run_1,Block-03,OK,,-2927.47071448332,0.0097449603631525,0.974496036315253,computed_from_prediction,0.0059657912794747,0.0229636942288661,165,4,1,1,1,1,0,1,Run 1,Block-03,-2.213178328058436,-3.166611315475365,False,True
work/glm/sub-22/GLM_run_2_ALL/DCM_sub-22_GLM_run_2_ALL_4ROI.mat,sub-22,run_2,ALL,OK,,-2909.0735648389,-0.0001310304401387,-0.0131030440138735,computed_from_prediction,-0.0002255251046388,-6.63307595156759e-05,166,4,1,1,1,1,0,1,Run 2,ALL,0.5876813634575981,-0.6756587033058002,False,False
work/glm/sub-22/GLM_run_2_block-01/DCM_sub-22_GLM_run_2_block-01_4ROI.mat,sub-22,run_2,Block-01,OK,,-2907.42259099837,0.0014548475054229,0.145484750542291,computed_from_prediction,0.0011326919473414,0.0019323489434703,166,4,1,1,1,1,0,1,Run 2,Block-01,0.44207327602622065,-1.4239103377555926,False,False
work/glm/sub-22/GLM_run_2_block-02/DCM_sub-22_GLM_run_2_block-02_4ROI.mat,sub-22,run_2,Block-02,OK,,-2910.30223770857,0.0004849442368204,0.0484944236820439,computed_from_prediction,-0.000181283215219,0.002503090755129,166,4,1,1,1,1,0,1,Run 2,Block-02,0.509550859757504,0.0337227071060695,False,False
work/glm/sub-22/GLM_run_2_block-03/DCM_sub-22_GLM_run_2_block-03_4ROI.mat,sub-22,run_2,Block-03,OK,,-1841.05691397374,0.528548150371071,52.8548150371071,computed_from_prediction,0.478264853993248,0.576100755122656,166,4,1,1,1,1,0,1,Run 2,Block-03,0.47249574565178065,0.38963355882556977,False,False
work/glm/sub-23/GLM_run_1_ALL/DCM_sub-23_GLM_run_1_ALL_4ROI.mat,sub-23,run_1,ALL,OK,,-2877.55992990499,0.0256076785532841,2.56076785532841,computed_from_prediction,0.0184365139146818,0.0294254460950448,165,4,1,1,1,1,0,1,Run 1,ALL,0.8411655839014843,-0.10895783028626281,False,False
work/glm/sub-23/GLM_run_1_block-01/DCM_sub-23_GLM_run_1_block-01_4ROI.mat,sub-23,run_1,Block-01,OK,,-2932.13001251185,0.0007406414508516,0.074064145085162,computed_from_prediction,-0.0001824921674487,0.002423455305323,165,4,1,1,1,1,0,1,Run 1,Block-01,0.25347535830026374,-0.7786184657703102,False,False
work/glm/sub-23/GLM_run_1_block-02/DCM_sub-23_GLM_run_1_block-02_4ROI.mat,sub-23,run_1,Block-02,OK,,-2916.47767049359,0.0131435861996293,1.31435861996293,computed_from_prediction,0.0092946875202915,0.0162727295678444,165,4,1,1,1,1,0,1,Run 1,Block-02,0.6236228517469122,35.29037576167271,False,False
work/glm/sub-23/GLM_run_1_block-03/DCM_sub-23_GLM_run_1_block-03_4ROI.mat,sub-23,run_1,Block-03,OK,,-1460.7754714242,0.67455902581428,67.455902581428,computed_from_prediction,0.654595038954487,0.720056632640472,165,4,1,1,1,1,0,1,Run 1,Block-03,1.2743138089148747,1.1987356532934044,False,False
work/glm/sub-23/GLM_run_2_ALL/DCM_sub-23_GLM_run_2_ALL_4ROI.mat,sub-23,run_2,ALL,OK,,-2884.76714397645,0.0319416521967124,3.19416521967124,computed_from_prediction,0.0219007483855636,0.0412424688741377,166,4,1,1,1,1,0,1,Run 2,ALL,0.7556198830239939,2.199081949367748,False,False
work/glm/sub-23/GLM_run_2_block-01/DCM_sub-23_GLM_run_2_block-01_4ROI.mat,sub-23,run_2,Block-01,OK,,-2903.47030887729,0.0212968249118866,2.12968249118866,computed_from_prediction,0.0147534418207736,0.0288357625201483,166,4,1,1,1,1,0,1,Run 2,Block-01,0.46699886608819086,0.16858832778191823,False,False
work/glm/sub-23/GLM_run_2_block-02/DCM_sub-23_GLM_run_2_block-02_4ROI.mat,sub-23,run_2,Block-02,OK,,-2909.22493710391,0.0145272241496669,1.45272241496669,computed_from_prediction,0.0091194470318013,0.0243066576178985,166,4,1,1,1,1,0,1,Run 2,Block-02,0.5159379975620677,22.345684692547415,False,False
work/glm/sub-23/GLM_run_2_block-03/DCM_sub-23_GLM_run_2_block-03_4ROI.mat,sub-23,run_2,Block-03,OK,,-26174.6396088216,0.0307205959862904,3.07205959862904,computed_from_prediction,0.0117913167485683,0.0734528396165455,166,4,1,1,1,1,0,1,Run 2,Block-03,-63.84591186061828,-4.418210447145278,True,True
work/glm/sub-24/GLM_run_1_ALL/DCM_sub-24_GLM_run_1_ALL_4ROI.mat,sub-24,run_1,ALL,OK,,-2996.68394609711,0.0297965875209462,2.97965875209462,computed_from_prediction,0.0150243832483353,0.0407896778540918,165,4,1,1,1,1,0,1,Run 1,ALL,-0.017723360223296913,0.028642123587473235,False,False
work/glm/sub-24/GLM_run_1_block-01/DCM_sub-24_GLM_run_1_block-01_4ROI.mat,sub-24,run_1,Block-01,OK,,-2979.89460002263,0.0425696881756094,4.25696881756094,computed_from_prediction,0.0337520361622214,0.051066227473484,165,4,1,1,1,1,0,1,Run 1,Block-01,-0.04537218891886058,0.8933539148525304,False,False
work/glm/sub-24/GLM_run_1_block-02/DCM_sub-24_GLM_run_1_block-02_4ROI.mat,sub-24,run_1,Block-02,OK,,-3017.20927426085,0.0003228357476722,0.0322835747672223,computed_from_prediction,-0.0001559853040531,0.0013387527751421,165,4,1,1,1,1,0,1,Run 1,Block-02,-0.1235413301208733,-0.10803304447114473,False,False
work/glm/sub-24/GLM_run_1_block-03/DCM_sub-24_GLM_run_1_block-03_4ROI.mat,sub-24,run_1,Block-03,OK,,-27181.5461400464,0.0267227562563321,2.67227562563321,computed_from_prediction,0.010172374856632,0.0353361470454534,165,4,1,1,1,1,0,1,Run 1,Block-03,-59.884257399526675,-3.0551305666612216,True,True
work/glm/sub-24/GLM_run_2_ALL/DCM_sub-24_GLM_run_2_ALL_4ROI.mat,sub-24,run_2,ALL,OK,,-3172.29955828399,0.0014886343351736,0.148863433517366,computed_from_prediction,0.0007956978570079,0.0026741820426572,166,4,1,1,1,1,0,1,Run 2,ALL,-1.2310061307120501,-0.5304848110556993,False,False
work/glm/sub-24/GLM_run_2_block-01/DCM_sub-24_GLM_run_2_block-01_4ROI.mat,sub-24,run_2,Block-01,OK,,-3147.36801482244,0.0259299191039107,2.59299191039107,computed_from_prediction,0.0156863166646021,0.0316643752764091,166,4,1,1,1,1,0,1,Run 2,Block-01,-1.0711742827916872,0.540436161642694,False,False
work/glm/sub-24/GLM_run_2_block-02/DCM_sub-24_GLM_run_2_block-02_4ROI.mat,sub-24,run_2,Block-02,OK,,-3174.46546272307,-0.000233696657681,-0.0233696657681026,computed_from_prediction,-0.0003530489773719,-4.41041866290348e-05,166,4,1,1,1,1,0,1,Run 2,Block-02,-1.0566293816417704,-1.1081351976513636,False,False
work/glm/sub-24/GLM_run_2_block-03/DCM_sub-24_GLM_run_2_block-03_4ROI.mat,sub-24,run_2,Block-03,OK,,-2274.99631034796,0.488203596459696,48.8203596459696,computed_from_prediction,0.451346343053215,0.531283770576547,166,4,1,1,1,1,0,1,Run 2,Block-03,-0.6744907594765952,0.0,False,False
work/glm/sub-25/GLM_run_1_ALL/DCM_sub-25_GLM_run_1_ALL_4ROI.mat,sub-25,run_1,ALL,OK,,-2789.45544928991,0.0066610397365323,0.666103973653231,computed_from_prediction,0.00491412110851,0.0090873299949586,165,4,1,1,1,1,0,1,Run 1,ALL,1.4764024298965561,-0.7313291081950366,False,False
work/glm/sub-25/GLM_run_1_block-01/DCM_sub-25_GLM_run_1_block-01_4ROI.mat,sub-25,run_1,Block-01,OK,,-2793.25039816019,0.0026218331072595,0.26218331072595,computed_from_prediction,0.0022154091716806,0.0044710121222548,165,4,1,1,1,1,0,1,Run 1,Block-01,1.1224001050776637,-0.7034242947707003,False,False
work/glm/sub-25/GLM_run_1_block-02/DCM_sub-25_GLM_run_1_block-02_4ROI.mat,sub-25,run_1,Block-02,OK,,-2794.13464882552,0.0005636127187972,0.0563612718797235,computed_from_prediction,-0.0001743389311632,0.001262154121583,165,4,1,1,1,1,0,1,Run 1,Block-02,1.5310870464306294,0.5567581225456988,False,False
work/glm/sub-25/GLM_run_1_block-03/DCM_sub-25_GLM_run_1_block-03_4ROI.mat,sub-25,run_1,Block-03,OK,,-23288.5754863563,0.0998845769155462,9.98845769155462,computed_from_prediction,0.0352225538578788,0.121099300806345,165,4,1,1,1,1,0,1,Run 1,Block-03,-50.6275937480548,-2.5747304839289424,True,False
work/glm/sub-25/GLM_run_2_ALL/DCM_sub-25_GLM_run_2_ALL_4ROI.mat,sub-25,run_2,ALL,OK,,-3209.8669631983,0.025368585209007,2.5368585209007,computed_from_prediction,0.0157527916554334,0.0318824966588888,166,4,1,1,1,1,0,1,Run 2,ALL,-1.4905677667490147,1.6099244069116005,False,False
work/glm/sub-25/GLM_run_2_block-01/DCM_sub-25_GLM_run_2_block-01_4ROI.mat,sub-25,run_2,Block-01,OK,,-3112.15630475056,0.129656104702346,12.9656104702346,computed_from_prediction,0.0625312064182619,0.151557824736371,166,4,1,1,1,1,0,1,Run 2,Block-01,-0.8491069749061063,8.865403414805394,False,False
work/glm/sub-25/GLM_run_2_block-02/DCM_sub-25_GLM_run_2_block-02_4ROI.mat,sub-25,run_2,Block-02,OK,,-3221.98027667418,0.0010006891327005,0.100068913270057,computed_from_prediction,-0.0001526217524303,0.0040086215938035,166,4,1,1,1,1,0,1,Run 2,Block-02,-1.3383368857044828,0.8531965092580654,False,False
work/glm/sub-25/GLM_run_2_block-03/DCM_sub-25_GLM_run_2_block-03_4ROI.mat,sub-25,run_2,Block-03,OK,,-2001.258619249,0.573291598451285,57.3291598451285,computed_from_prediction,0.482833158901165,0.652527620638743,166,4,1,1,1,1,0,1,Run 2,Block-03,0.04905137626611802,0.8217500954941179,False,False
work/glm/sub-26/GLM_run_1_ALL/DCM_sub-26_GLM_run_1_ALL_4ROI.mat,sub-26,run_1,ALL,OK,,-3062.75168431014,0.0450855643739101,4.50855643739101,computed_from_prediction,0.0215052078953354,0.0682824977203889,165,4,1,1,1,1,0,1,Run 1,ALL,-0.494074407882612,0.5308641880881005,False,False
work/glm/sub-26/GLM_run_1_block-01/DCM_sub-26_GLM_run_1_block-01_4ROI.mat,sub-26,run_1,Block-01,OK,,-3056.22198053401,0.0422458904710743,4.22458904710743,computed_from_prediction,0.0249636435786494,0.0689158384039136,165,4,1,1,1,1,0,1,Run 1,Block-01,-0.5229278769343512,0.8804112144736729,False,False
work/glm/sub-26/GLM_run_1_block-02/DCM_sub-26_GLM_run_1_block-02_4ROI.mat,sub-26,run_1,Block-02,OK,,-3087.50154015584,0.0002543420923881,0.0254342092388171,computed_from_prediction,-2.64073026552403e-05,0.0009600119310062,165,4,1,1,1,1,0,1,Run 1,Block-02,-0.6449254973025014,-0.29714571922895194,False,False
work/glm/sub-26/GLM_run_1_block-03/DCM_sub-26_GLM_run_1_block-03_4ROI.mat,sub-26,run_1,Block-03,OK,,-27702.6797195984,0.0600776727876484,6.00776727876484,computed_from_prediction,0.0018655520666641,0.114320832692234,165,4,1,1,1,1,0,1,Run 1,Block-03,-61.12340320681085,-2.836113263417627,True,False
work/glm/sub-26/GLM_run_2_ALL/DCM_sub-26_GLM_run_2_ALL_4ROI.mat,sub-26,run_2,ALL,OK,,-3221.53646453915,0.0006075085516561,0.0607508551656144,computed_from_prediction,-7.20580530157999e-05,0.0012254870427258,166,4,1,1,1,1,0,1,Run 2,ALL,-1.5711949718135008,-0.6094619312011229,False,False
work/glm/sub-26/GLM_run_2_block-01/DCM_sub-26_GLM_run_2_block-01_4ROI.mat,sub-26,run_2,Block-01,OK,,-3210.7611853113,0.022242822691165,2.2242822691165,computed_from_prediction,0.0159477593268919,0.0253857250441702,166,4,1,1,1,1,0,1,Run 2,Block-01,-1.4709716990505255,0.2445132303378271,False,False
work/glm/sub-26/GLM_run_2_block-02/DCM_sub-26_GLM_run_2_block-02_4ROI.mat,sub-26,run_2,Block-02,OK,,-3235.24742194665,0.0013803400939197,0.138034009391974,computed_from_prediction,0.0001231355762308,0.0020688781453184,166,4,1,1,1,1,0,1,Run 2,Block-02,-1.4169956043220178,1.4564288808552863,False,False
work/glm/sub-26/GLM_run_2_block-03/DCM_sub-26_GLM_run_2_block-03_4ROI.mat,sub-26,run_2,Block-03,OK,,-1967.78430061754,0.517956187554785,51.7956187554785,computed_from_prediction,0.331931592984407,0.639519304563307,166,4,1,1,1,1,0,1,Run 2,Block-03,0.13753053270929388,0.2873400949760653,False,False
work/glm/sub-27/GLM_run_1_ALL/DCM_sub-27_GLM_run_1_ALL_4ROI.mat,sub-27,run_1,ALL,OK,,-2965.6801216045,0.0001698948875157,0.0169894887515731,computed_from_prediction,-1.01795232470003e-05,0.0005050515663524,166,4,1,1,1,1,0,1,Run 1,ALL,0.20581546035627046,-0.9445543748951913,False,False
work/glm/sub-27/GLM_run_1_block-01/DCM_sub-27_GLM_run_1_block-01_4ROI.mat,sub-27,run_1,Block-01,OK,,-2964.66618064982,0.0012567072731338,0.125670727313387,computed_from_prediction,0.0009304200499696,0.0018804467157627,166,4,1,1,1,1,0,1,Run 1,Block-01,0.04990709673521054,-0.7579905081905686,False,False
work/glm/sub-27/GLM_run_1_block-02/DCM_sub-27_GLM_run_1_block-02_4ROI.mat,sub-27,run_1,Block-02,OK,,-2966.82267018782,0.0001176736160791,0.0117673616079172,computed_from_prediction,-0.000213826090986,0.0008874433763295,166,4,1,1,1,1,0,1,Run 1,Block-02,0.2501950584737601,-0.6744907594765952,False,False
work/glm/sub-27/GLM_run_1_block-03/DCM_sub-27_GLM_run_1_block-03_4ROI.mat,sub-27,run_1,Block-03,OK,,-2030.7559717042,0.481764081141008,48.1764081141008,computed_from_prediction,0.345600749949558,0.547173675089381,166,4,1,1,1,1,0,1,Run 1,Block-03,-0.08097967987329927,-0.06720751948274445,False,False
work/glm/sub-27/GLM_run_2_ALL/DCM_sub-27_GLM_run_2_ALL_4ROI.mat,sub-27,run_2,ALL,OK,,-2854.9898282057,0.0223169702864585,2.23169702864585,computed_from_prediction,0.0080717254279533,0.031358003689766,165,4,1,1,1,1,0,1,Run 2,ALL,0.961358043960977,1.3364018714416241,False,False
work/glm/sub-27/GLM_run_2_block-01/DCM_sub-27_GLM_run_2_block-01_4ROI.mat,sub-27,run_2,Block-01,OK,,-2842.68027891239,0.0289212149820952,2.89212149820952,computed_from_prediction,0.020579710464868,0.041903781742392,165,4,1,1,1,1,0,1,Run 2,Block-01,0.8503792322513757,0.7805147887196946,False,False
work/glm/sub-27/GLM_run_2_block-02/DCM_sub-27_GLM_run_2_block-02_4ROI.mat,sub-27,run_2,Block-02,OK,,-2871.54820725442,0.001361201288191,0.136120128819106,computed_from_prediction,-2.82912145688208e-05,0.0038838211536705,165,4,1,1,1,1,0,1,Run 2,Block-02,0.7393171217666982,1.4260189824260154,False,False
work/glm/sub-27/GLM_run_2_block-03/DCM_sub-27_GLM_run_2_block-03_4ROI.mat,sub-27,run_2,Block-03,OK,,-23976.3775042382,0.101128879063149,10.1128879063149,computed_from_prediction,0.0264636126824742,0.133384240234427,165,4,1,1,1,1,0,1,Run 2,Block-03,-58.03547614134591,-3.7382319309297403,True,True
work/glm/sub-28/GLM_run_1_ALL/DCM_sub-28_GLM_run_1_ALL_4ROI.mat,sub-28,run_1,ALL,OK,,-2746.82682151083,0.0520445971068697,5.20445971068697,computed_from_prediction,0.0243950071021184,0.0652866189571313,165,4,1,1,1,1,0,1,Run 1,ALL,1.7837565493514733,0.7594589344655782,False,False
work/glm/sub-28/GLM_run_1_block-01/DCM_sub-28_GLM_run_1_block-01_4ROI.mat,sub-28,run_1,Block-01,OK,,-2747.52967726212,0.0478928916051746,4.78928916051746,computed_from_prediction,0.0215587686382077,0.0585986903270818,165,4,1,1,1,1,0,1,Run 1,Block-01,1.4084598411613178,1.1061306766380652,False,False
work/glm/sub-28/GLM_run_1_block-02/DCM_sub-28_GLM_run_1_block-02_4ROI.mat,sub-28,run_1,Block-02,OK,,-2780.06590719641,0.0001005631280287,0.0100563128028752,computed_from_prediction,-0.0003194634927881,0.0010120820969821,165,4,1,1,1,1,0,1,Run 1,Block-02,1.63544019317006,-0.7217332397940363,False,False
work/glm/sub-28/GLM_run_1_block-03/DCM_sub-28_GLM_run_1_block-03_4ROI.mat,sub-28,run_1,Block-03,OK,,-25297.3657294972,0.0200351114633306,2.00351114633306,computed_from_prediction,0.0016425624528071,0.0679424070809557,165,4,1,1,1,1,0,1,Run 1,Block-03,-55.404073532069624,-3.099043431088242,True,True
work/glm/sub-28/GLM_run_2_ALL/DCM_sub-28_GLM_run_2_ALL_4ROI.mat,sub-28,run_2,ALL,OK,,-2740.55426523904,-0.0002943496197731,-0.0294349619773149,computed_from_prediction,-0.0003812944475032,5.5097549318428e-05,166,4,1,1,1,1,0,1,Run 2,ALL,1.7520190441601975,-0.6902973380084956,False,False
work/glm/sub-28/GLM_run_2_block-01/DCM_sub-28_GLM_run_2_block-01_4ROI.mat,sub-28,run_2,Block-01,OK,,-2740.06854831088,0.0011791322866031,0.117913228660316,computed_from_prediction,3.44316035079117e-05,0.00242859177745,166,4,1,1,1,1,0,1,Run 2,Block-01,1.497513686262327,-1.4460389849687378,False,False
work/glm/sub-28/GLM_run_2_block-02/DCM_sub-28_GLM_run_2_block-02_4ROI.mat,sub-28,run_2,Block-02,OK,,-2742.6294578908,-8.99300906731515e-05,-0.0089930090673151,computed_from_prediction,-0.0003617251737788,0.0003641114300646,166,4,1,1,1,1,0,1,Run 2,Block-02,1.5036551479553326,-0.8797026213342828,False,False
work/glm/sub-28/GLM_run_2_block-03/DCM_sub-28_GLM_run_2_block-03_4ROI.mat,sub-28,run_2,Block-03,OK,,-1629.41276002322,0.557513487372591,55.7513487372591,computed_from_prediction,0.482915484029165,0.572748811909785,166,4,1,1,1,1,0,1,Run 2,Block-03,1.0319125455525986,0.6693706297391779,False,False
work/glm/sub-29/GLM_run_1_ALL/DCM_sub-29_GLM_run_1_ALL_4ROI.mat,sub-29,run_1,ALL,OK,,-2950.92015127886,0.0082483418928982,0.824834189289825,computed_from_prediction,0.0057345744839508,0.0134775161600396,166,4,1,1,1,1,0,1,Run 1,ALL,0.31223543958075123,-0.6791883944230841,False,False
work/glm/sub-29/GLM_run_1_block-01/DCM_sub-29_GLM_run_1_block-01_4ROI.mat,sub-29,run_1,Block-01,OK,,-2960.5156654086,0.0002572934567697,0.0257293456769725,computed_from_prediction,-2.49249744264102e-05,0.0004788421520042,166,4,1,1,1,1,0,1,Run 1,Block-01,0.07587552573617856,-0.7979386406156064,False,False
work/glm/sub-29/GLM_run_1_block-02/DCM_sub-29_GLM_run_1_block-02_4ROI.mat,sub-29,run_1,Block-02,OK,,-2960.47008549852,0.0003528519597953,0.0352851959795397,computed_from_prediction,-0.0001573064240012,0.0013425665131749,166,4,1,1,1,1,0,1,Run 1,Block-02,0.2973145677897587,-0.025157541080791376,False,False
work/glm/sub-29/GLM_run_1_block-03/DCM_sub-29_GLM_run_1_block-03_4ROI.mat,sub-29,run_1,Block-03,OK,,-1968.5778031055,0.49485204837106,49.485204837106,computed_from_prediction,0.472356908937844,0.525556155852229,166,4,1,1,1,1,0,1,Run 1,Block-03,0.06686689909772595,0.01873157393322104,False,False
work/glm/sub-29/GLM_run_2_ALL/DCM_sub-29_GLM_run_2_ALL_4ROI.mat,sub-29,run_2,ALL,OK,,-2873.75979520414,0.0013174295766144,0.13174295766144,computed_from_prediction,0.0004698650232126,0.0029835078826764,165,4,1,1,1,1,0,1,Run 2,ALL,0.8316721273109529,-0.5458302464511149,False,False
work/glm/sub-29/GLM_run_2_block-01/DCM_sub-29_GLM_run_2_block-01_4ROI.mat,sub-29,run_2,Block-01,OK,,-2870.56972363661,0.0028278808955367,0.282788089553676,computed_from_prediction,0.0020836279354739,0.0049951797004421,165,4,1,1,1,1,0,1,Run 2,Block-01,0.6744907594765952,-1.313711953960313,False,False
work/glm/sub-29/GLM_run_2_block-02/DCM_sub-29_GLM_run_2_block-02_4ROI.mat,sub-29,run_2,Block-02,OK,,-2875.69243268685,0.0001177469075579,0.0117746907557947,computed_from_prediction,-0.0001619877211809,0.0006681449088388,165,4,1,1,1,1,0,1,Run 2,Block-02,0.7147466919204535,-0.5497219259955048,False,False
work/glm/sub-29/GLM_run_2_block-03/DCM_sub-29_GLM_run_2_block-03_4ROI.mat,sub-29,run_2,Block-03,OK,,-1814.94370631666,0.549779077516329,54.9779077516329,computed_from_prediction,0.524414949287408,0.571359164172079,165,4,1,1,1,1,0,1,Run 2,Block-03,0.5415180493157149,0.5946744106576413,False,False
work/glm/sub-30/GLM_run_1_ALL/DCM_sub-30_GLM_run_1_ALL_4ROI.mat,sub-30,run_1,ALL,OK,,-3088.91450037693,0.0356794886777193,3.56794886777193,computed_from_prediction,0.0309652196356397,0.0445289057703738,165,4,1,1,1,1,0,1,Run 1,ALL,-0.6827093631606113,0.22188741348631663,False,False
work/glm/sub-30/GLM_run_1_block-01/DCM_sub-30_GLM_run_1_block-01_4ROI.mat,sub-30,run_1,Block-01,OK,,-3080.44616652429,0.027785060275912,2.7785060275912,computed_from_prediction,0.0214174548585007,0.0386702274673162,165,4,1,1,1,1,0,1,Run 1,Block-01,-0.6744907594765952,0.3023892278316101,False,False
work/glm/sub-30/GLM_run_1_block-02/DCM_sub-30_GLM_run_1_block-02_4ROI.mat,sub-30,run_1,Block-02,OK,,-3107.54755978132,0.0015652355901913,0.156523559019139,computed_from_prediction,0.0005666675228275,0.0041419411901503,165,4,1,1,1,1,0,1,Run 1,Block-02,-0.7936143624950318,3.3222636211557,False,False
work/glm/sub-30/GLM_run_1_block-03/DCM_sub-30_GLM_run_1_block-03_4ROI.mat,sub-30,run_1,Block-03,OK,,-1638.51482964686,0.643954547864754,64.3954547864754,computed_from_prediction,0.598139477317427,0.665623360595945,165,4,1,1,1,1,0,1,Run 1,Block-03,0.8516870790842498,0.9977784654260613,False,False
work/glm/sub-30/GLM_run_2_ALL/DCM_sub-30_GLM_run_2_ALL_4ROI.mat,sub-30,run_2,ALL,OK,,-2917.43226619509,0.0475103723058706,4.75103723058706,computed_from_prediction,0.0421364186194267,0.0540001443369543,166,4,1,1,1,1,0,1,Run 2,ALL,0.5299292189028738,3.594538422861147,False,False
work/glm/sub-30/GLM_run_2_block-01/DCM_sub-30_GLM_run_2_block-01_4ROI.mat,sub-30,run_2,Block-01,OK,,-2904.48602219053,0.0427676046415159,4.27676046415159,computed_from_prediction,0.0359733672992317,0.0568299355485029,166,4,1,1,1,1,0,1,Run 2,Block-01,0.4605931357049077,1.8918131539701648,False,False
work/glm/sub-30/GLM_run_2_block-02/DCM_sub-30_GLM_run_2_block-02_4ROI.mat,sub-30,run_2,Block-02,OK,,-2945.29060840694,0.0001076028895462,0.0107602889546254,computed_from_prediction,-0.0002732198936574,0.0008659403513737,166,4,1,1,1,1,0,1,Run 2,Block-02,0.30211057406469904,-0.5658398887238698,False,False
work/glm/sub-30/GLM_run_2_block-03/DCM_sub-30_GLM_run_2_block-03_4ROI.mat,sub-30,run_2,Block-03,OK,,-1913.13519921559,0.527829679640686,52.7829679640686,computed_from_prediction,0.503713624948231,0.537154867722191,166,4,1,1,1,1,0,1,Run 2,Block-03,0.2819787721389617,0.38269482037262076,False,False
work/glm/sub-31/GLM_run_1_ALL/DCM_sub-31_GLM_run_1_ALL_4ROI.mat,sub-31,run_1,ALL,OK,,-2994.22579610617,-0.0001314906331508,-0.0131490633150877,computed_from_prediction,-0.0003238890099575,0.0003004858705232,166,4,1,1,1,1,0,1,Run 1,ALL,0.0,-0.9544544787317955,False,False
work/glm/sub-31/GLM_run_1_block-01/DCM_sub-31_GLM_run_1_block-01_4ROI.mat,sub-31,run_1,Block-01,OK,,-2966.05257304262,0.0310769185869743,3.10769185869743,computed_from_prediction,0.0228744927090297,0.0465918555585149,166,4,1,1,1,1,0,1,Run 1,Block-01,0.041232888756798064,0.4339699500325363,False,False
work/glm/sub-31/GLM_run_1_block-02/DCM_sub-31_GLM_run_1_block-02_4ROI.mat,sub-31,run_1,Block-02,OK,,-2995.39763779201,7.50016464285963e-05,0.0075001646428596,computed_from_prediction,-0.0003572663331212,0.0007541590702343,166,4,1,1,1,1,0,1,Run 1,Block-02,0.03824377909958992,-0.7923091221313238,False,False
work/glm/sub-31/GLM_run_1_block-03/DCM_sub-31_GLM_run_1_block-03_4ROI.mat,sub-31,run_1,Block-03,OK,,-2029.90798919893,0.491999351000625,49.1999351000625,computed_from_prediction,0.447658680731559,0.554896529045941,166,4,1,1,1,1,0,1,Run 1,Block-03,-0.0789633562140966,0.0,False,False
work/glm/sub-31/GLM_run_2_ALL/DCM_sub-31_GLM_run_2_ALL_4ROI.mat,sub-31,run_2,ALL,OK,,-3028.30721771229,0.0373449097383383,3.73449097383383,computed_from_prediction,0.0319390936847019,0.042440576975179,165,4,1,1,1,1,0,1,Run 2,ALL,-0.23613071728295693,2.683387059970805,False,False
work/glm/sub-31/GLM_run_2_block-01/DCM_sub-31_GLM_run_2_block-01_4ROI.mat,sub-31,run_2,Block-01,OK,,-3029.27403065937,0.0194642433977436,1.94642433977436,computed_from_prediction,0.0163941518323484,0.0221817325234579,165,4,1,1,1,1,0,1,Run 2,Block-01,-0.3263989484770199,0.021507038655424755,False,False
work/glm/sub-31/GLM_run_2_block-02/DCM_sub-31_GLM_run_2_block-02_4ROI.mat,sub-31,run_2,Block-02,OK,,-3048.00468517799,3.92222630070105e-05,0.003922226300701,computed_from_prediction,-0.0001597926347298,0.0004236936735747,165,4,1,1,1,1,0,1,Run 2,Block-02,-0.30686426542537887,-0.6744907594765953,False,False
work/glm/sub-31/GLM_run_2_block-03/DCM_sub-31_GLM_run_2_block-03_4ROI.mat,sub-31,run_2,Block-03,OK,,-1867.50948860084,0.559879062158327,55.9879062158327,computed_from_prediction,0.523069064119033,0.589556899549188,165,4,1,1,1,1,0,1,Run 2,Block-03,0.40257642886077893,0.6922165217636399,False,False
work/glm/sub-32/GLM_run_1_ALL/DCM_sub-32_GLM_run_1_ALL_4ROI.mat,sub-32,run_1,ALL,OK,,-2894.37871500678,0.0382692951054152,3.82692951054152,computed_from_prediction,0.0301551583268604,0.0452038037366137,166,4,1,1,1,1,0,1,Run 1,ALL,0.7199014674009051,0.30695902706013695,False,False
work/glm/sub-32/GLM_run_1_block-01/DCM_sub-32_GLM_run_1_block-01_4ROI.mat,sub-32,run_1,Block-01,OK,,-2871.63470268456,0.0458951995125414,4.58951995125414,computed_from_prediction,0.0329677954978269,0.0649270945880897,166,4,1,1,1,1,0,1,Run 1,Block-01,0.6319749100040513,1.0262798011005543,False,False
work/glm/sub-32/GLM_run_1_block-02/DCM_sub-32_GLM_run_1_block-02_4ROI.mat,sub-32,run_1,Block-02,OK,,-2914.96935385198,0.0004085087399142,0.0408508739914271,computed_from_prediction,-0.0002373468361451,0.0031960659937736,166,4,1,1,1,1,0,1,Run 1,Block-02,0.6348106034293909,0.12851220413921796,False,False
work/glm/sub-32/GLM_run_1_block-03/DCM_sub-32_GLM_run_1_block-03_4ROI.mat,sub-32,run_1,Block-03,OK,,-1859.45310786008,0.517624356393736,51.7624356393736,computed_from_prediction,0.424432407608002,0.562460680469468,166,4,1,1,1,1,0,1,Run 1,Block-03,0.32634242301382166,0.1682606392233798,False,False
work/glm/sub-32/GLM_run_2_ALL/DCM_sub-32_GLM_run_2_ALL_4ROI.mat,sub-32,run_2,ALL,OK,,-2963.60636674636,0.0432847902667,4.32847902667,computed_from_prediction,0.0359834270926493,0.0625901874091208,165,4,1,1,1,1,0,1,Run 2,ALL,0.21090199014005667,3.215790794957592,False,False
work/glm/sub-32/GLM_run_2_block-01/DCM_sub-32_GLM_run_2_block-01_4ROI.mat,sub-32,run_2,Block-01,OK,,-2970.28051746285,0.0165303543429248,1.65303543429248,computed_from_prediction,0.0094663848003049,0.035948338575795,165,4,1,1,1,1,0,1,Run 2,Block-01,0.045651447017001676,-0.213964170132064,False,False
work/glm/sub-32/GLM_run_2_block-02/DCM_sub-32_GLM_run_2_block-02_4ROI.mat,sub-32,run_2,Block-02,OK,,-2987.17826018573,7.52916097923606e-06,0.0007529160979236,computed_from_prediction,-0.0001781478039637,0.000381086390261,165,4,1,1,1,1,0,1,Run 2,Block-02,0.05376558747183444,-0.724848343290139,False,False
work/glm/sub-32/GLM_run_2_block-03/DCM_sub-32_GLM_run_2_block-03_4ROI.mat,sub-32,run_2,Block-03,OK,,-1584.3825524429,0.603897969585497,60.3897969585497,computed_from_prediction,0.558167469398809,0.626766055764162,165,4,1,1,1,1,0,1,Run 2,Block-03,1.1509361715457902,1.1173356987940204,False,False
work/glm/sub-33/GLM_run_1_ALL/DCM_sub-33_GLM_run_1_ALL_4ROI.mat,sub-33,run_1,ALL,OK,,-2595.44652048326,0.0030291590861031,0.302915908610313,computed_from_prediction,5.21507519480879e-05,0.0134033807430312,165,4,1,1,1,1,0,1,Run 1,ALL,2.875214603461824,-0.8506314405760831,False,False
work/glm/sub-33/GLM_run_1_block-01/DCM_sub-33_GLM_run_1_block-01_4ROI.mat,sub-33,run_1,Block-01,OK,,-2604.91267152498,0.0026172909184647,0.261729091846474,computed_from_prediction,0.0015544645899139,0.004436644919569,165,4,1,1,1,1,0,1,Run 1,Block-01,2.3007682348360445,-0.7036058531567277,False,False
work/glm/sub-33/GLM_run_1_block-02/DCM_sub-33_GLM_run_1_block-02_4ROI.mat,sub-33,run_1,Block-02,OK,,-2604.85665797331,0.000238771783185,0.0238771783185099,computed_from_prediction,-0.0001052424317833,0.0012014112922335,165,4,1,1,1,1,0,1,Run 1,Block-02,2.9350330761932786,-0.34013572769013933,False,False
work/glm/sub-33/GLM_run_1_block-03/DCM_sub-33_GLM_run_1_block-03_4ROI.mat,sub-33,run_1,Block-03,OK,,-1467.51946507819,0.566752858586029,56.6752858586029,computed_from_prediction,0.523825674632317,0.619464687629467,165,4,1,1,1,1,0,1,Run 1,Block-03,1.2582780135092575,0.49085152481143723,False,False
work/glm/sub-33/GLM_run_2_ALL/DCM_sub-33_GLM_run_2_ALL_4ROI.mat,sub-33,run_2,ALL,OK,,-2823.74843715936,-2.89564396944719e-05,-0.0028956439694471,computed_from_prediction,-0.0001058466373911,8.19263295098738e-05,166,4,1,1,1,1,0,1,Run 2,ALL,1.1772118297243308,-0.6665096002519451,False,False
work/glm/sub-33/GLM_run_2_block-01/DCM_sub-33_GLM_run_2_block-01_4ROI.mat,sub-33,run_2,Block-01,OK,,-2820.63690138655,0.0026682819586776,0.266828195867763,computed_from_prediction,0.0015668745694832,0.004426263672785,166,4,1,1,1,1,0,1,Run 2,Block-01,0.9893987088367525,-1.3265212163016045,False,False
work/glm/sub-33/GLM_run_2_block-02/DCM_sub-33_GLM_run_2_block-02_4ROI.mat,sub-33,run_2,Block-02,OK,,-2824.818908103,-8.91166632659424e-05,-0.0089116663265942,computed_from_prediction,-0.0001478289382281,-1.38222781296271e-05,166,4,1,1,1,1,0,1,Run 2,Block-02,1.0163674379921028,-0.8784101559013042,False,False
work/glm/sub-33/GLM_run_2_block-03/DCM_sub-33_GLM_run_2_block-03_4ROI.mat,sub-33,run_2,Block-03,OK,,-1936.68857974405,0.467108100924563,46.7108100924563,computed_from_prediction,0.333715807771194,0.564930945077313,166,4,1,1,1,1,0,1,Run 2,Block-03,0.21972259110994205,-0.20373290081726111,False,False
work/glm/sub-34/GLM_run_1_ALL/DCM_sub-34_GLM_run_1_ALL_4ROI.mat,sub-34,run_1,ALL,OK,,-3172.53116129085,0.0511758937204151,5.11758937204151,computed_from_prediction,0.0468941946930144,0.0575835792625166,166,4,1,1,1,1,0,1,Run 1,ALL,-1.285588848752932,0.7309232114816471,False,False
work/glm/sub-34/GLM_run_1_block-01/DCM_sub-34_GLM_run_1_block-01_4ROI.mat,sub-34,run_1,Block-01,OK,,-3161.57201096588,0.0437037274797016,4.37037274797016,computed_from_prediction,0.0391595075375895,0.0574388936856267,166,4,1,1,1,1,0,1,Run 1,Block-01,-1.1820688814896374,0.9386832384553235,False,False
work/glm/sub-34/GLM_run_1_block-02/DCM_sub-34_GLM_run_1_block-02_4ROI.mat,sub-34,run_1,Block-02,OK,,-3203.62335608876,0.0002649975527656,0.0264997552765656,computed_from_prediction,-3.41067329592271e-05,0.0008750145472583,166,4,1,1,1,1,0,1,Run 1,Block-02,-1.5062446697737837,-0.2677257298240178,False,False
work/glm/sub-34/GLM_run_1_block-03/DCM_sub-34_GLM_run_1_block-03_4ROI.mat,sub-34,run_1,Block-03,OK,,-2314.81975466489,0.474109545741506,47.4109545741506,computed_from_prediction,0.433672717071481,0.521169641061924,166,4,1,1,1,1,0,1,Run 1,Block-03,-0.7564234805963693,-0.11746924624220295,False,False
work/glm/sub-34/GLM_run_2_ALL/DCM_sub-34_GLM_run_2_ALL_4ROI.mat,sub-34,run_2,ALL,OK,,-3100.11153989013,0.040770977950876,4.0770977950876,computed_from_prediction,0.035538971786675,0.0507177524500341,165,4,1,1,1,1,0,1,Run 2,ALL,-0.7322429023411853,2.990472615642356,False,False
work/glm/sub-34/GLM_run_2_block-01/DCM_sub-34_GLM_run_2_block-01_4ROI.mat,sub-34,run_2,Block-01,OK,,-3104.60997349406,0.0168051628422585,1.68051628422585,computed_from_prediction,0.0070964671766968,0.0319734948600002,165,4,1,1,1,1,0,1,Run 2,Block-01,-0.8015150384985041,-0.19190829538216525,False,False
work/glm/sub-34/GLM_run_2_block-02/DCM_sub-34_GLM_run_2_block-02_4ROI.mat,sub-34,run_2,Block-02,OK,,-3121.56069442799,2.47350150277548e-05,0.0024735015027754,computed_from_prediction,-0.000386619408105,0.0010326122317433,165,4,1,1,1,1,0,1,Run 2,Block-02,-0.7429657262445706,-0.6975097370352971,False,False
work/glm/sub-34/GLM_run_2_block-03/DCM_sub-34_GLM_run_2_block-03_4ROI.mat,sub-34,run_2,Block-03,OK,,-1641.57690178443,0.644302295510155,64.4302295510155,computed_from_prediction,0.60527324288395,0.666705569332811,165,4,1,1,1,1,0,1,Run 2,Block-03,0.999760345122877,1.5075465147706988,False,False
work/glm/sub-35/GLM_run_1_ALL/DCM_sub-35_GLM_run_1_ALL_4ROI.mat,sub-35,run_1,ALL,OK,,-2834.23496967885,0.0287151737215979,2.87151737215979,computed_from_prediction,0.013374763008006,0.0433371854978815,165,4,1,1,1,1,0,1,Run 1,ALL,1.1535402882840495,-0.006880846727108946,False,False
work/glm/sub-35/GLM_run_1_block-01/DCM_sub-35_GLM_run_1_block-01_4ROI.mat,sub-35,run_1,Block-01,OK,,-2815.83993163764,0.0338014063330683,3.38014063330683,computed_from_prediction,0.0016082005152822,0.0554403665484425,165,4,1,1,1,1,0,1,Run 1,Block-01,0.9810647136428142,0.5428719838940531,False,False
work/glm/sub-35/GLM_run_1_block-02/DCM_sub-35_GLM_run_1_block-02_4ROI.mat,sub-35,run_1,Block-02,OK,,-2854.46519769483,0.0001352924345084,0.0135292434508494,computed_from_prediction,-0.0001107607806132,0.0005357192675501,165,4,1,1,1,1,0,1,Run 1,Block-02,1.0835926801965516,-0.6258447664218628,False,False
work/glm/sub-35/GLM_run_1_block-03/DCM_sub-35_GLM_run_1_block-03_4ROI.mat,sub-35,run_1,Block-03,OK,,-26012.9887674156,0.0216951898461657,2.16951898461657,computed_from_prediction,-0.017826827803868,0.0648262811027214,165,4,1,1,1,1,0,1,Run 1,Block-03,-57.10567427672873,-3.0881429124123767,True,True
work/glm/sub-35/GLM_run_2_ALL/DCM_sub-35_GLM_run_2_ALL_4ROI.mat,sub-35,run_2,ALL,OK,,-2991.98769370391,0.000725389028707,0.0725389028707002,computed_from_prediction,0.000123916305,0.0012627126448729,166,4,1,1,1,1,0,1,Run 2,ALL,0.014809029372474665,-0.5988960610688476,False,False
work/glm/sub-35/GLM_run_2_block-01/DCM_sub-35_GLM_run_2_block-01_4ROI.mat,sub-35,run_2,Block-01,OK,,-2976.78954014576,0.0167902610669358,1.67902610669358,computed_from_prediction,0.007372532525822,0.0223264207405541,166,4,1,1,1,1,0,1,Run 2,Block-01,0.004601434359016978,-0.19310429801987658,False,False
work/glm/sub-35/GLM_run_2_block-02/DCM_sub-35_GLM_run_2_block-02_4ROI.mat,sub-35,run_2,Block-02,OK,,-2993.67862818156,0.0010835206392961,0.108352063929618,computed_from_prediction,4.31087756838089e-05,0.0029267056442127,166,4,1,1,1,1,0,1,Run 2,Block-02,0.015225976531158484,0.9848085721017449,False,False
work/glm/sub-35/GLM_run_2_block-03/DCM_sub-35_GLM_run_2_block-03_4ROI.mat,sub-35,run_2,Block-03,OK,,-2092.32804682658,0.437959274623137,43.7959274623137,computed_from_prediction,0.246816740401445,0.552432867281773,166,4,1,1,1,1,0,1,Run 2,Block-03,-0.1916628924405883,-0.4852420470668822,False,False
work/glm/sub-36/GLM_run_1_ALL/DCM_sub-36_GLM_run_1_ALL_4ROI.mat,sub-36,run_1,ALL,OK,,-3000.37766448826,0.0276986563719509,2.76986563719509,computed_from_prediction,0.0250231306668433,0.0314459309781759,165,4,1,1,1,1,0,1,Run 1,ALL,-0.04435521826737601,-0.04027205706447399,False,False
work/glm/sub-36/GLM_run_1_block-01/DCM_sub-36_GLM_run_1_block-01_4ROI.mat,sub-36,run_1,Block-01,OK,,-2994.87794355799,0.0197328383497122,1.97328383497122,computed_from_prediction,0.0160837628123727,0.0255629206752225,165,4,1,1,1,1,0,1,Run 1,Block-01,-0.13911811446826938,-0.01947066899657122,False,False
work/glm/sub-36/GLM_run_1_block-02/DCM_sub-36_GLM_run_1_block-02_4ROI.mat,sub-36,run_1,Block-02,OK,,-3014.58280164278,0.0011400623045528,0.114006230455288,computed_from_prediction,-7.95677623468549e-05,0.0061121370594745,165,4,1,1,1,1,0,1,Run 1,Block-02,-0.10405979511610244,2.1483496732256153,False,False
work/glm/sub-36/GLM_run_1_block-03/DCM_sub-36_GLM_run_1_block-03_4ROI.mat,sub-36,run_1,Block-03,OK,,-1882.95755371883,0.553371195679385,55.3371195679385,computed_from_prediction,0.5087580480806,0.590998445598282,165,4,1,1,1,1,0,1,Run 1,Block-03,0.27045380504480493,0.4029839470294235,False,False
work/glm/sub-36/GLM_run_2_ALL/DCM_sub-36_GLM_run_2_ALL_4ROI.mat,sub-36,run_2,ALL,OK,,-3149.53829973526,0.0011388557325586,0.113885573255867,computed_from_prediction,2.88421810012984e-05,0.0031040689877627,166,4,1,1,1,1,0,1,Run 2,ALL,-1.0737434845259601,-0.5618361881686734,False,False
work/glm/sub-36/GLM_run_2_block-01/DCM_sub-36_GLM_run_2_block-01_4ROI.mat,sub-36,run_2,Block-01,OK,,-3131.97196298422,0.0189743038671923,1.89743038671923,computed_from_prediction,0.0169358571699838,0.0220919338064061,166,4,1,1,1,1,0,1,Run 2,Block-01,-0.974077045060235,-0.01781505271752751,False,False
work/glm/sub-36/GLM_run_2_block-02/DCM_sub-36_GLM_run_2_block-02_4ROI.mat,sub-36,run_2,Block-02,OK,,-3151.30730735652,0.0001222402134479,0.0122240213447977,computed_from_prediction,-0.0002138590657927,0.0008482882768728,166,4,1,1,1,1,0,1,Run 2,Block-02,-0.9193284936761811,-0.5425824535715439,False,False
work/glm/sub-36/GLM_run_2_block-03/DCM_sub-36_GLM_run_2_block-03_4ROI.mat,sub-36,run_2,Block-03,OK,,-1991.19234453962,0.55590358679493,55.590358679493,computed_from_prediction,0.516629839321442,0.589874053760702,166,4,1,1,1,1,0,1,Run 2,Block-03,0.07565850469245008,0.6538227743134537,False,False
work/glm/sub-37/GLM_run_1_ALL/DCM_sub-37_GLM_run_1_ALL_4ROI.mat,sub-37,run_1,ALL,OK,,-2815.18636903698,-5.26472554769342e-05,-0.0052647255476934,computed_from_prediction,-0.0003452528447016,0.0014490465364407,166,4,1,1,1,1,0,1,Run 1,ALL,1.2908814644408741,-0.9518645811677912,False,False
work/glm/sub-37/GLM_run_1_block-01/DCM_sub-37_GLM_run_1_block-01_4ROI.mat,sub-37,run_1,Block-01,OK,,-2812.57369502005,0.0025488319095461,0.254883190954613,computed_from_prediction,0.0023834716642555,0.0030048139066842,166,4,1,1,1,1,0,1,Run 1,Block-01,1.001500497822543,-0.7063422667515655,False,False
work/glm/sub-37/GLM_run_1_block-02/DCM_sub-37_GLM_run_1_block-02_4ROI.mat,sub-37,run_1,Block-02,OK,,-2815.05214568014,0.0003093756539273,0.0309375653927302,computed_from_prediction,-0.0003284192978887,0.0035804789121088,166,4,1,1,1,1,0,1,Run 1,Block-02,1.375934106939918,-0.14519669590771117,False,False
work/glm/sub-37/GLM_run_1_block-03/DCM_sub-37_GLM_run_1_block-03_4ROI.mat,sub-37,run_1,Block-03,OK,,-1945.17371311002,0.469203833393304,46.9203833393304,computed_from_prediction,0.439594180232128,0.526491497314646,166,4,1,1,1,1,0,1,Run 1,Block-03,0.122516891976964,-0.14968146563070728,False,False
work/glm/sub-37/GLM_run_2_ALL/DCM_sub-37_GLM_run_2_ALL_4ROI.mat,sub-37,run_2,ALL,OK,,-2914.77662801195,0.0534368303428866,5.34368303428866,computed_from_prediction,0.0480802208631974,0.0680172619318389,165,4,1,1,1,1,0,1,Run 2,ALL,0.5482776194141776,4.125739072282298,False,False
work/glm/sub-37/GLM_run_2_block-01/DCM_sub-37_GLM_run_2_block-01_4ROI.mat,sub-37,run_2,Block-01,OK,,-2916.8183861231,0.0306850219616426,3.06850219616426,computed_from_prediction,0.0230514949890137,0.0455540070119163,165,4,1,1,1,1,0,1,Run 2,Block-01,0.38281745105964193,0.922076297618499,False,False
work/glm/sub-37/GLM_run_2_block-02/DCM_sub-37_GLM_run_2_block-02_4ROI.mat,sub-37,run_2,Block-02,OK,,-2946.14704196049,5.34473643239997e-05,0.0053447364323999,computed_from_prediction,-0.0003045734140272,0.0010748937486557,165,4,1,1,1,1,0,1,Run 2,Block-02,0.297032920619306,-0.6518883101739469,False,False
work/glm/sub-37/GLM_run_2_block-03/DCM_sub-37_GLM_run_2_block-03_4ROI.mat,sub-37,run_2,Block-03,OK,,-1716.0365993967,0.565974541503216,56.5974541503216,computed_from_prediction,0.549265246128535,0.584078320306235,165,4,1,1,1,1,0,1,Run 2,Block-03,0.8029488339975712,0.7510845244961534,False,False
work/glm/sub-38/GLM_run_1_ALL/DCM_sub-38_GLM_run_1_ALL_4ROI.mat,sub-38,run_1,ALL,OK,,-3150.60358050044,0.0041721382300367,0.41721382300367,computed_from_prediction,0.0013334841894014,0.0064540798090626,165,4,1,1,1,1,0,1,Run 1,ALL,-1.1274901100241084,-0.8130861325500462,False,False
work/glm/sub-38/GLM_run_1_block-01/DCM_sub-38_GLM_run_1_block-01_4ROI.mat,sub-38,run_1,Block-01,OK,,-3181.41519325001,0.0202199513742207,2.02199513742207,computed_from_prediction,0.0092000333203275,0.0281010811358434,165,4,1,1,1,1,0,1,Run 1,Block-01,-1.3062212433894613,0.0,False,False
work/glm/sub-38/GLM_run_1_block-02/DCM_sub-38_GLM_run_1_block-02_4ROI.mat,sub-38,run_1,Block-02,OK,,-3191.95477391908,0.0127961113515469,1.27961113515469,computed_from_prediction,0.0052421472043411,0.0270437437302976,165,4,1,1,1,1,0,1,Run 1,Block-02,-1.4196944082440481,34.330989119809175,False,False
work/glm/sub-38/GLM_run_1_block-03/DCM_sub-38_GLM_run_1_block-03_4ROI.mat,sub-38,run_1,Block-03,OK,,-2862.52016786921,0.214206559698192,21.4206559698192,computed_from_prediction,0.162025190015012,0.263163157042623,165,4,1,1,1,1,0,1,Run 1,Block-03,-2.0587396185304905,-1.82406176775909,False,False
work/glm/sub-38/GLM_run_2_ALL/DCM_sub-38_GLM_run_2_ALL_4ROI.mat,sub-38,run_2,ALL,OK,,-2536.41056716641,0.0401146120131418,4.01146120131418,computed_from_prediction,0.015172189395699,0.0674675096060866,165,4,1,1,1,1,0,1,Run 2,ALL,3.1624936931073795,2.9316411837475163,False,False
work/glm/sub-38/GLM_run_2_block-01/DCM_sub-38_GLM_run_2_block-01_4ROI.mat,sub-38,run_2,Block-01,OK,,-2550.94502336433,0.0218715516390382,2.18715516390382,computed_from_prediction,0.0011980323387845,0.0606821053061589,165,4,1,1,1,1,0,1,Run 2,Block-01,2.6902462163490113,0.21471536075291217,False,False
work/glm/sub-38/GLM_run_2_block-02/DCM_sub-38_GLM_run_2_block-02_4ROI.mat,sub-38,run_2,Block-02,OK,,-2571.50031474431,0.0017995208927487,0.179952089274871,computed_from_prediction,0.0001067491181652,0.0036029383142542,165,4,1,1,1,1,0,1,Run 2,Block-02,2.51825164490872,2.122470727802279,False,False
work/glm/sub-38/GLM_run_2_block-03/DCM_sub-38_GLM_run_2_block-03_4ROI.mat,sub-38,run_2,Block-03,OK,,-1672.08993018172,0.450992211640309,45.0992211640309,computed_from_prediction,0.370214031109797,0.545513686978874,165,4,1,1,1,1,0,1,Run 2,Block-03,0.9191084566455535,-0.3593745100727875,False,False
work/glm/sub-39/GLM_run_1_ALL/DCM_sub-39_GLM_run_1_ALL_4ROI.mat,sub-39,run_1,ALL,OK,,-3082.82418485111,0.0518636349669361,5.18636349669361,computed_from_prediction,0.0266596791492322,0.075255672881166,165,4,1,1,1,1,0,1,Run 1,ALL,-0.6387979434606424,0.7535145746573361,False,False
work/glm/sub-39/GLM_run_1_block-01/DCM_sub-39_GLM_run_1_block-01_4ROI.mat,sub-39,run_1,Block-01,OK,,-3088.08708136657,0.0252041773884604,2.52041773884604,computed_from_prediction,0.0125236041134146,0.0355171292366879,165,4,1,1,1,1,0,1,Run 1,Block-01,-0.7222974878108491,0.19922730463896074,False,False
work/glm/sub-39/GLM_run_1_block-02/DCM_sub-39_GLM_run_1_block-02_4ROI.mat,sub-39,run_1,Block-02,OK,,-3110.28011805928,0.0003097642145515,0.0309764214551533,computed_from_prediction,-0.00019512295792,0.0019361922964986,165,4,1,1,1,1,0,1,Run 1,Block-02,-0.8138827747291429,-0.14412387042264757,False,False
work/glm/sub-39/GLM_run_1_block-03/DCM_sub-39_GLM_run_1_block-03_4ROI.mat,sub-39,run_1,Block-03,OK,,-1861.3388815694,0.575602780924863,57.5602780924863,computed_from_prediction,0.552355035014166,0.61196722145939,165,4,1,1,1,1,0,1,Run 1,Block-03,0.3218584506177245,0.5489624819396572,False,False
work/glm/sub-39/GLM_run_2_ALL/DCM_sub-39_GLM_run_2_ALL_4ROI.mat,sub-39,run_2,ALL,OK,,-3042.58645736737,0.0002283168786257,0.0228316878625789,computed_from_prediction,-0.0001399405948987,0.0015494335840942,166,4,1,1,1,1,0,1,Run 2,ALL,-0.3347891903579668,-0.6434496624413893,False,False
work/glm/sub-39/GLM_run_2_block-01/DCM_sub-39_GLM_run_2_block-01_4ROI.mat,sub-39,run_2,Block-01,OK,,-3016.0404500778,0.0216728648107467,2.16728648107467,computed_from_prediction,0.0140732808588441,0.0385502582538428,166,4,1,1,1,1,0,1,Run 2,Block-01,-0.24293962180878534,0.19876894057348893,False,False
work/glm/sub-39/GLM_run_2_block-02/DCM_sub-39_GLM_run_2_block-02_4ROI.mat,sub-39,run_2,Block-02,OK,,-3043.14254219842,0.0005971344785781,0.0597134478578121,computed_from_prediction,-0.0001254785768451,0.0012582233550653,166,4,1,1,1,1,0,1,Run 2,Block-02,-0.2780374207158531,0.21198324775694044,False,False
work/glm/sub-39/GLM_run_2_block-03/DCM_sub-39_GLM_run_2_block-03_4ROI.mat,sub-39,run_2,Block-03,OK,,-1958.34277799884,0.520225761991964,52.0225761991964,computed_from_prediction,0.480927793351466,0.569198901242177,166,4,1,1,1,1,0,1,Run 2,Block-03,0.16248631944356523,0.3092588492872455,False,False
work/glm/sub-40/GLM_run_1_ALL/DCM_sub-40_GLM_run_1_ALL_4ROI.mat,sub-40,run_1,ALL,OK,,-3060.35747920142,0.0436487751089106,4.36487751089106,computed_from_prediction,0.0315988124728994,0.0585095051606235,165,4,1,1,1,1,0,1,Run 1,ALL,-0.4768120928299531,0.483667617783888,False,False
work/glm/sub-40/GLM_run_1_block-01/DCM_sub-40_GLM_run_1_block-01_4ROI.mat,sub-40,run_1,Block-01,OK,,-3070.30188985374,0.0194746627935265,1.94746627935265,computed_from_prediction,0.0144194866436004,0.0278345883029424,165,4,1,1,1,1,0,1,Run 1,Block-01,-0.6110213073302332,-0.02979034953184239,False,False
work/glm/sub-40/GLM_run_1_block-02/DCM_sub-40_GLM_run_1_block-02_4ROI.mat,sub-40,run_1,Block-02,OK,,-3085.85717839343,0.0001814101670114,0.0181410167011453,computed_from_prediction,-0.0001509412559936,0.0006499657261934,165,4,1,1,1,1,0,1,Run 1,Block-02,-0.6327286478038634,-0.4985125673848765,False,False
work/glm/sub-40/GLM_run_1_block-03/DCM_sub-40_GLM_run_1_block-03_4ROI.mat,sub-40,run_1,Block-03,OK,,-1885.07543254932,0.569587021500621,56.9587021500621,computed_from_prediction,0.55416590601634,0.581787046566145,165,4,1,1,1,1,0,1,Run 1,Block-03,0.2654179355938404,0.5094613965502607,False,False
work/glm/sub-40/GLM_run_2_ALL/DCM_sub-40_GLM_run_2_ALL_4ROI.mat,sub-40,run_2,ALL,OK,,-3091.75283877856,0.0380081665712445,3.80081665712445,computed_from_prediction,0.0285588342379086,0.0512412546248495,163,4,1,1,1,1,0,1,Run 2,ALL,-0.6744907594765952,2.7428361370033634,False,False
work/glm/sub-40/GLM_run_2_block-01/DCM_sub-40_GLM_run_2_block-01_4ROI.mat,sub-40,run_2,Block-01,OK,,-3095.22913792236,0.027081739368804,2.7081739368804,computed_from_prediction,0.0199436380705591,0.03927192254113,163,4,1,1,1,1,0,1,Run 2,Block-01,-0.7423535579321775,0.6328801856029324,False,False
work/glm/sub-40/GLM_run_2_block-02/DCM_sub-40_GLM_run_2_block-02_4ROI.mat,sub-40,run_2,Block-02,OK,,-3119.68416706191,0.0004420841322873,0.0442084132287301,computed_from_prediction,-6.07201293592041e-05,0.0011865394450882,163,4,1,1,1,1,0,1,Run 2,Block-02,-0.7318401046405879,-0.03437827286090591,False,False
work/glm/sub-40/GLM_run_2_block-03/DCM_sub-40_GLM_run_2_block-03_4ROI.mat,sub-40,run_2,Block-03,OK,,-3107.12886538299,-0.0003048501788491,-0.0304850178849181,computed_from_prediction,-0.0003104585787074,-0.0002908254722655,163,4,1,1,1,1,0,1,Run 2,Block-03,-2.8739794878060287,-4.71784333018643,False,True
work/glm/sub-42/GLM_run_1_ALL/DCM_sub-42_GLM_run_1_ALL_4ROI.mat,sub-42,run_1,ALL,OK,,-2835.78131648274,0.0035672353448572,0.356723534485726,computed_from_prediction,0.0025068159047829,0.0049660020343782,165,4,1,1,1,1,0,1,Run 1,ALL,1.1423910656831124,-0.8329563683898179,False,False
work/glm/sub-42/GLM_run_1_block-01/DCM_sub-42_GLM_run_1_block-01_4ROI.mat,sub-42,run_1,Block-01,OK,,-2840.72941030643,0.0028439399808232,0.284393998082322,computed_from_prediction,0.0013700027141981,0.0049591970908361,165,4,1,1,1,1,0,1,Run 1,Block-01,0.8253393103814142,-0.6945463358588319,False,False
work/glm/sub-42/GLM_run_1_block-02/DCM_sub-42_GLM_run_1_block-02_4ROI.mat,sub-42,run_1,Block-02,OK,,-2845.65361839472,0.0008272335260232,0.0827233526023208,computed_from_prediction,0.000206400774784,0.0014374710432303,165,4,1,1,1,1,0,1,Run 1,Block-02,1.1489514771630054,1.2846216855219326,False,False
work/glm/sub-42/GLM_run_1_block-03/DCM_sub-42_GLM_run_1_block-03_4ROI.mat,sub-42,run_1,Block-03,OK,,-2814.32392067859,0.0098327099471379,0.983270994713792,computed_from_prediction,0.0080557151207254,0.0170135482275119,165,4,1,1,1,1,0,1,Run 1,Block-03,-1.944139101548972,-3.1660351282369055,False,True
work/glm/sub-42/GLM_run_2_ALL/DCM_sub-42_GLM_run_2_ALL_4ROI.mat,sub-42,run_2,ALL,OK,,-2931.47446183383,0.039868537415099,3.9868537415099,computed_from_prediction,0.0300647667454474,0.0553364057978135,166,4,1,1,1,1,0,1,Run 2,ALL,0.4329085361632441,2.9095850103181333,False,False
work/glm/sub-42/GLM_run_2_block-01/DCM_sub-42_GLM_run_2_block-01_4ROI.mat,sub-42,run_2,Block-01,OK,,-2945.40519545564,0.0218599768400463,2.18599768400463,computed_from_prediction,0.0174505779840126,0.0294195059133149,166,4,1,1,1,1,0,1,Run 2,Block-01,0.20253095612495742,0.21378637814342363,False,False
work/glm/sub-42/GLM_run_2_block-02/DCM_sub-42_GLM_run_2_block-02_4ROI.mat,sub-42,run_2,Block-02,OK,,-2965.20587723162,0.0007398562253237,0.0739856225323798,computed_from_prediction,5.68089874161126e-05,0.0011866441459663,166,4,1,1,1,1,0,1,Run 2,Block-02,0.18403622615477838,0.43875569551110516,False,False
work/glm/sub-42/GLM_run_2_block-03/DCM_sub-42_GLM_run_2_block-03_4ROI.mat,sub-42,run_2,Block-03,OK,,-2951.5903083836,-0.0002161706940468,-0.0216170694046891,computed_from_prediction,-0.0002356253999447,-0.0001911718309275,166,4,1,1,1,1,0,1,Run 2,Block-03,-2.4628607292971973,-4.716986894808951,False,True
work/glm/sub-44/GLM_run_1_ALL/DCM_sub-44_GLM_run_1_ALL_4ROI.mat,sub-44,run_1,ALL,OK,,-2883.72212779929,0.000432284797016,0.0432284797016069,computed_from_prediction,-8.67177290546639e-05,0.0019883801866968,165,4,1,1,1,1,0,1,Run 1,ALL,0.7967358894359506,-0.9359352237694673,False,False
work/glm/sub-44/GLM_run_1_block-01/DCM_sub-44_GLM_run_1_block-01_4ROI.mat,sub-44,run_1,Block-01,OK,,-2884.43606530077,0.0013852213034822,0.138522130348229,computed_from_prediction,0.0006103497379276,0.0028008946121961,165,4,1,1,1,1,0,1,Run 1,Block-01,0.5518809320532616,-0.7528536015171037,False,False
work/glm/sub-44/GLM_run_1_block-02/DCM_sub-44_GLM_run_1_block-02_4ROI.mat,sub-44,run_1,Block-02,OK,,-2881.48201649152,0.0005437622956919,0.0543762295691974,computed_from_prediction,-0.0001529640401309,0.0030020682662262,165,4,1,1,1,1,0,1,Run 1,Block-02,0.8831987764169712,0.5019506138364338,False,False
work/glm/sub-44/GLM_run_1_block-03/DCM_sub-44_GLM_run_1_block-03_4ROI.mat,sub-44,run_1,Block-03,OK,,-1996.69926086737,0.466642227090979,46.6642227090979,computed_from_prediction,0.306412194476358,0.531881724660793,165,4,1,1,1,1,0,1,Run 1,Block-03,0.0,-0.16650165775381673,False,False
work/glm/sub-44/GLM_run_2_ALL/DCM_sub-44_GLM_run_2_ALL_4ROI.mat,sub-44,run_2,ALL,OK,,-2548.52711234922,-0.0001180000153813,-0.0118000015381314,computed_from_prediction,-0.0002983741659905,0.0002470832221388,166,4,1,1,1,1,0,1,Run 2,ALL,3.0787777617583947,-0.6744907594765952,False,False
work/glm/sub-44/GLM_run_2_block-01/DCM_sub-44_GLM_run_2_block-01_4ROI.mat,sub-44,run_2,Block-01,OK,,-2546.89043097931,0.0019320617843029,0.193206178430294,computed_from_prediction,0.0003509216179782,0.0063872667883935,166,4,1,1,1,1,0,1,Run 2,Block-01,2.715817039625607,-1.3856095632549457,False,False
work/glm/sub-44/GLM_run_2_block-02/DCM_sub-44_GLM_run_2_block-02_4ROI.mat,sub-44,run_2,Block-02,OK,,-2548.84437650677,0.000463720478331,0.0463720478331098,computed_from_prediction,-0.0003119771716111,0.003751875807008,166,4,1,1,1,1,0,1,Run 2,Block-02,2.6525749702544394,0.0,False,False
work/glm/sub-44/GLM_run_2_block-03/DCM_sub-44_GLM_run_2_block-03_4ROI.mat,sub-44,run_2,Block-03,OK,,-1711.90661319043,0.487421290743988,48.7421290743988,computed_from_prediction,0.414131501058604,0.526859018650061,166,4,1,1,1,1,0,1,Run 2,Block-03,0.8138651934812647,-0.007555234363738403,False,False
work/glm/sub-45/GLM_run_1_ALL/DCM_sub-45_GLM_run_1_ALL_4ROI.mat,sub-45,run_1,ALL,OK,,-2140.10599872872,0.0096540006888696,0.965400068886968,computed_from_prediction,0.0035182380045346,0.0236386822957708,166,4,1,1,1,1,0,1,Run 1,ALL,6.15823806462728,-0.633014417623624,False,False
work/glm/sub-45/GLM_run_1_block-01/DCM_sub-45_GLM_run_1_block-01_4ROI.mat,sub-45,run_1,Block-01,OK,,-2166.00506601445,0.0003012219914697,0.0301221991469758,computed_from_prediction,0.0001118444723219,0.0006142883932583,166,4,1,1,1,1,0,1,Run 1,Block-01,5.0468709062563235,-0.7961827484188996,False,False
work/glm/sub-45/GLM_run_1_block-02/DCM_sub-45_GLM_run_1_block-02_4ROI.mat,sub-45,run_1,Block-02,OK,,-2155.968446845,0.0093576508091619,0.935765080916195,computed_from_prediction,0.0031112638897048,0.022810450613944,166,4,1,1,1,1,0,1,Run 1,Block-02,6.264605727421002,24.83731459590034,False,False
work/glm/sub-45/GLM_run_1_block-03/DCM_sub-45_GLM_run_1_block-03_4ROI.mat,sub-45,run_1,Block-03,OK,,-2158.52980623356,0.0049136297799213,0.491362977992138,computed_from_prediction,0.0011595491654763,0.0102856088894172,166,4,1,1,1,1,0,1,Run 1,Block-03,-0.3847989261283377,-3.198335124300493,False,True
work/glm/sub-45/GLM_run_2_ALL/DCM_sub-45_GLM_run_2_ALL_4ROI.mat,sub-45,run_2,ALL,OK,,-2898.52847253259,0.0114988776302879,1.14988776302879,computed_from_prediction,0.0076539144015497,0.0176774350559308,165,4,1,1,1,1,0,1,Run 2,ALL,0.6605397740246802,0.36675392851120736,False,False
work/glm/sub-45/GLM_run_2_block-01/DCM_sub-45_GLM_run_2_block-01_4ROI.mat,sub-45,run_2,Block-01,OK,,-2911.27975755706,0.0251066225905089,2.51066225905089,computed_from_prediction,0.0101001265812998,0.0367671614342411,165,4,1,1,1,1,0,1,Run 2,Block-01,0.41774754484173765,0.47435914864766093,False,False
work/glm/sub-45/GLM_run_2_block-02/DCM_sub-45_GLM_run_2_block-02_4ROI.mat,sub-45,run_2,Block-02,OK,,-2896.47944176032,0.048818135481323,4.8818135481323,computed_from_prediction,0.0320459980176395,0.0652163007183889,165,4,1,1,1,1,0,1,Run 2,Block-02,0.5915039396907725,76.83096164377154,False,False
work/glm/sub-45/GLM_run_2_block-03/DCM_sub-45_GLM_run_2_block-03_4ROI.mat,sub-45,run_2,Block-03,OK,,-2594.39655435632,0.219524823561405,21.9524823561405,computed_from_prediction,0.139439072128594,0.305305129797662,165,4,1,1,1,1,0,1,Run 2,Block-03,-1.518727933315425,-2.594805402860888,False,False
work/glm/sub-46/GLM_run_1_ALL/DCM_sub-46_GLM_run_1_ALL_4ROI.mat,sub-46,run_1,ALL,OK,,-3048.93928715998,0.0328817061402259,3.28817061402259,computed_from_prediction,0.0173881155485536,0.0618548835101728,165,4,1,1,1,1,0,1,Run 1,ALL,-0.3944864693346015,0.1299840679899601,False,False
work/glm/sub-46/GLM_run_1_block-01/DCM_sub-46_GLM_run_1_block-01_4ROI.mat,sub-46,run_1,Block-01,OK,,-3042.87012244408,0.0259914121470834,2.59914121470834,computed_from_prediction,0.0178363664062312,0.0436030439736923,165,4,1,1,1,1,0,1,Run 1,Block-01,-0.439389627177817,0.23069430846873937,False,False
work/glm/sub-46/GLM_run_1_block-02/DCM_sub-46_GLM_run_1_block-02_4ROI.mat,sub-46,run_1,Block-02,OK,,-3070.29055454243,0.0016969384076669,0.169693840766694,computed_from_prediction,8.8491338768204e-05,0.0054165592704531,165,4,1,1,1,1,0,1,Run 1,Block-02,-0.5172651453965279,3.685898354659838,False,False
work/glm/sub-46/GLM_run_1_block-03/DCM_sub-46_GLM_run_1_block-03_4ROI.mat,sub-46,run_1,Block-03,OK,,-1972.34436966247,0.536747827873344,53.6747827873344,computed_from_prediction,0.371736949646717,0.612981348585115,165,4,1,1,1,1,0,1,Run 1,Block-03,0.05791079774471291,0.2938304678328194,False,False
work/glm/sub-46/GLM_run_2_ALL/DCM_sub-46_GLM_run_2_ALL_4ROI.mat,sub-46,run_2,ALL,OK,,-2800.48419540337,0.0002158375709104,0.0215837570910482,computed_from_prediction,-5.22412129799754e-06,0.0007277173605778,166,4,1,1,1,1,0,1,Run 2,ALL,1.3379496998305542,-0.6445682085141522,False,False
work/glm/sub-46/GLM_run_2_block-01/DCM_sub-46_GLM_run_2_block-01_4ROI.mat,sub-46,run_2,Block-01,OK,,-2781.33498862842,0.0179931588106103,1.79931588106103,computed_from_prediction,0.0121662942493406,0.0334391411231169,166,4,1,1,1,1,0,1,Run 2,Block-01,1.237261421074688,-0.09656084308399433,False,False
work/glm/sub-46/GLM_run_2_block-02/DCM_sub-46_GLM_run_2_block-02_4ROI.mat,sub-46,run_2,Block-02,OK,,-2800.43028056576,0.001675310789472,0.167531078947203,computed_from_prediction,-8.9662889360298e-05,0.0043946846584571,166,4,1,1,1,1,0,1,Run 2,Block-02,1.160963592742921,1.9251116721704613,False,False
work/glm/sub-46/GLM_run_2_block-03/DCM_sub-46_GLM_run_2_block-03_4ROI.mat,sub-46,run_2,Block-03,OK,,-1987.71272295512,0.447161236939739,44.7161236939739,computed_from_prediction,0.298065579808,0.507978331389159,166,4,1,1,1,1,0,1,Run 2,Block-03,0.08485582356628944,-0.3963727207763384,False,False
work/glm/sub-47/GLM_run_1_ALL/DCM_sub-47_GLM_run_1_ALL_4ROI.mat,sub-47,run_1,ALL,OK,,-2778.74148257015,-0.0003024070035178,-0.0302407003517802,computed_from_prediction,-0.0003190708075506,-0.0002750884959581,166,4,1,1,1,1,0,1,Run 1,ALL,1.5536505605210476,-0.9600688486931177,False,False
work/glm/sub-47/GLM_run_1_block-01/DCM_sub-47_GLM_run_1_block-01_4ROI.mat,sub-47,run_1,Block-01,OK,,-2775.75149142639,0.0033456860929641,0.334568609296415,computed_from_prediction,0.0008404193921404,0.004068882689027,166,4,1,1,1,1,0,1,Run 1,Block-01,1.2318850944588031,-0.6744907594765952,False,False
work/glm/sub-47/GLM_run_1_block-02/DCM_sub-47_GLM_run_1_block-02_4ROI.mat,sub-47,run_1,Block-02,OK,,-2779.33925178306,0.00014331965876,0.0143319658760022,computed_from_prediction,-0.0003281223265438,0.0019846044434564,166,4,1,1,1,1,0,1,Run 1,Block-02,1.6408300696051665,-0.6036814019059576,False,False
work/glm/sub-47/GLM_run_1_block-03/DCM_sub-47_GLM_run_1_block-03_4ROI.mat,sub-47,run_1,Block-03,OK,,-1772.29324928978,0.498654561457985,49.8654561457985,computed_from_prediction,0.415796774360694,0.569356833088757,166,4,1,1,1,1,0,1,Run 1,Block-03,0.5335901950797017,0.04369989190412279,False,False
work/glm/sub-47/GLM_run_2_ALL/DCM_sub-47_GLM_run_2_ALL_4ROI.mat,sub-47,run_2,ALL,OK,,-2643.03687746538,0.0059592011245974,0.595920112459747,computed_from_prediction,0.0023585778541322,0.0186606391428914,165,4,1,1,1,1,0,1,Run 2,ALL,2.425788573099385,-0.12977869502652692,False,False
work/glm/sub-47/GLM_run_2_block-01/DCM_sub-47_GLM_run_2_block-01_4ROI.mat,sub-47,run_2,Block-01,OK,,-2646.79588756233,0.002384758567013,0.238475856701303,computed_from_prediction,0.002017388668957,0.0035134829719535,165,4,1,1,1,1,0,1,Run 2,Block-01,2.085750060737562,-1.3492765402103728,False,False
work/glm/sub-47/GLM_run_2_block-02/DCM_sub-47_GLM_run_2_block-02_4ROI.mat,sub-47,run_2,Block-02,OK,,-2652.43940509355,0.0002342730657157,0.0234273065715773,computed_from_prediction,-0.000176258774803,0.0021867352645086,165,4,1,1,1,1,0,1,Run 2,Block-02,2.0383771125817765,-0.364571991137105,False,False
work/glm/sub-47/GLM_run_2_block-03/DCM_sub-47_GLM_run_2_block-03_4ROI.mat,sub-47,run_2,Block-03,OK,,-24696.8876025093,-0.004802515929646,-0.480251592964609,computed_from_prediction,-0.0236597067675897,0.0090850113667311,165,4,1,1,1,1,0,1,Run 2,Block-03,-59.93992493403628,-4.761280209343415,True,True
work/glm/sub-48/GLM_run_1_ALL/DCM_sub-48_GLM_run_1_ALL_4ROI.mat,sub-48,run_1,ALL,OK,,-2924.5689734749,-0.0002639583234753,-0.0263958323475366,computed_from_prediction,-0.0003169208525313,-0.000224099990302,166,4,1,1,1,1,0,1,Run 1,ALL,0.5022284905536651,-0.9588058619246804,False,False
work/glm/sub-48/GLM_run_1_block-01/DCM_sub-48_GLM_run_1_block-01_4ROI.mat,sub-48,run_1,Block-01,OK,,-2921.62210706333,0.0011290231122211,0.112902311222118,computed_from_prediction,0.0005195419420203,0.0018322086061839,166,4,1,1,1,1,0,1,Run 1,Block-01,0.3192199178862109,-0.7630942436855175,False,False
work/glm/sub-48/GLM_run_1_block-02/DCM_sub-48_GLM_run_1_block-02_4ROI.mat,sub-48,run_1,Block-02,OK,,-2924.600191284,0.0003619636280047,0.036196362800478,computed_from_prediction,-0.0001945617542284,0.0013906763238716,166,4,1,1,1,1,0,1,Run 1,Block-02,0.5633750608441377,0.0,False,False
work/glm/sub-48/GLM_run_1_block-03/DCM_sub-48_GLM_run_1_block-03_4ROI.mat,sub-48,run_1,Block-03,OK,,-1649.65883283621,0.548508653918868,54.8508653918868,computed_from_prediction,0.405653568807096,0.706982275473681,166,4,1,1,1,1,0,1,Run 1,Block-03,0.8251889884405504,0.37105519726631403,False,False
work/glm/sub-48/GLM_run_2_ALL/DCM_sub-48_GLM_run_2_ALL_4ROI.mat,sub-48,run_2,ALL,OK,,-2934.81726020764,0.0050654844044413,0.506548440444132,computed_from_prediction,0.0017441006313839,0.0146063484538217,165,4,1,1,1,1,0,1,Run 2,ALL,0.4098123915978426,-0.20988436677519962,False,False
work/glm/sub-48/GLM_run_2_block-01/DCM_sub-48_GLM_run_2_block-01_4ROI.mat,sub-48,run_2,Block-01,OK,,-2938.51145786003,0.002690977575383,0.269097757538306,computed_from_prediction,0.0018649622764423,0.0030146471210373,165,4,1,1,1,1,0,1,Run 2,Block-01,0.2460072242755703,-1.3246996871981,False,False
work/glm/sub-48/GLM_run_2_block-02/DCM_sub-48_GLM_run_2_block-02_4ROI.mat,sub-48,run_2,Block-02,OK,,-2940.24502105725,0.0016478854018748,0.164788540187488,computed_from_prediction,0.0002864524681172,0.0030398865772106,165,4,1,1,1,1,0,1,Run 2,Block-02,0.3320250302230256,1.8815351155641653,False,False
work/glm/sub-48/GLM_run_2_block-03/DCM_sub-48_GLM_run_2_block-03_4ROI.mat,sub-48,run_2,Block-03,OK,,-25907.0018692477,0.0921206257358615,9.21206257358616,computed_from_prediction,0.0079325020522766,0.154582870090532,165,4,1,1,1,1,0,1,Run 2,Block-03,-63.13849308712302,-3.825230483706492,True,True
work/glm/sub-49/GLM_run_1_ALL/DCM_sub-49_GLM_run_1_ALL_4ROI.mat,sub-49,run_1,ALL,OK,,-3078.30911786548,0.0511783163585663,5.11783163585663,computed_from_prediction,0.0421409060411942,0.0570071063461205,165,4,1,1,1,1,0,1,Run 1,ALL,-0.6062441290418406,0.731002791845038,False,False
work/glm/sub-49/GLM_run_1_block-01/DCM_sub-49_GLM_run_1_block-01_4ROI.mat,sub-49,run_1,Block-01,OK,,-3086.05317531666,0.0254819688387534,2.54819688387534,computed_from_prediction,0.0098123875366941,0.038723921987869,165,4,1,1,1,1,0,1,Run 1,Block-01,-0.7095719966893659,0.21033106312332878,False,False
work/glm/sub-49/GLM_run_1_block-02/DCM_sub-49_GLM_run_1_block-02_4ROI.mat,sub-49,run_1,Block-02,OK,,-3111.38940243101,0.0001201097249792,0.0120109724979223,computed_from_prediction,-0.0003302950381451,0.0019191712931951,165,4,1,1,1,1,0,1,Run 1,Block-02,-0.822110754023279,-0.6677646026058695,False,False
work/glm/sub-49/GLM_run_1_block-03/DCM_sub-49_GLM_run_1_block-03_4ROI.mat,sub-49,run_1,Block-03,OK,,-2008.67054668544,0.523321081505862,52.3321081505862,computed_from_prediction,0.443011036284978,0.58037532869209,165,4,1,1,1,1,0,1,Run 1,Block-03,-0.02846519435960066,0.20566685998865988,False,False
work/glm/sub-49/GLM_run_2_ALL/DCM_sub-49_GLM_run_2_ALL_4ROI.mat,sub-49,run_2,ALL,OK,,-3072.13337631672,0.0560303924887076,5.60303924887076,computed_from_prediction,0.0534167491694308,0.0661184896684579,166,4,1,1,1,1,0,1,Run 2,ALL,-0.5389354879219913,4.358205393239817,False,False
work/glm/sub-49/GLM_run_2_block-01/DCM_sub-49_GLM_run_2_block-01_4ROI.mat,sub-49,run_2,Block-01,OK,,-3084.65445543959,0.0231022873704094,2.31022873704094,computed_from_prediction,0.0194510130883891,0.0266811599644614,166,4,1,1,1,1,0,1,Run 2,Block-01,-0.675662923881747,0.31349306670874577,False,False
work/glm/sub-49/GLM_run_2_block-02/DCM_sub-49_GLM_run_2_block-02_4ROI.mat,sub-49,run_2,Block-02,OK,,-3107.88112426884,-3.35789731285008e-05,-0.00335789731285,computed_from_prediction,-0.0003507379483287,0.0003928195139354,166,4,1,1,1,1,0,1,Run 2,Block-02,-0.6618618084190676,-0.7901655945625008,False,False
work/glm/sub-49/GLM_run_2_block-03/DCM_sub-49_GLM_run_2_block-03_4ROI.mat,sub-49,run_2,Block-03,OK,,-1900.35659166679,0.55804365051061,55.804365051061,computed_from_prediction,0.479810149835481,0.618968972313303,166,4,1,1,1,1,0,1,Run 2,Block-03,0.31575512555437135,0.6744907594765952,False,False
