parameter,effect,posterior_mean,posterior_sd,posterior_probability,source,target,target_row,source_col,edge,edge_type,CI95_low,CI95_high
"A(1,1)",Mean,-0.0801682048683268,0.0802731386525243,,vOTC,vOTC,1,1,vOTC→vOTC,self,-0.23750355662727446,0.07716714689062083
"A(2,1)",Mean,0.132793120286792,0.0651768490582329,,vOTC,lOTC,2,1,vOTC→lOTC,between_roi,0.005046496132655509,0.2605397444409285
"A(3,1)",Mean,0.0730248608850641,0.0707225357516178,,vOTC,V1_L,3,1,vOTC→V1_L,between_roi,-0.0655913091881068,0.211641030958235
"A(4,1)",Mean,0.0819592804131779,0.0712506541497176,,vOTC,IFG_L,4,1,vOTC→IFG_L,between_roi,-0.05769200172026859,0.2216105625466244
"A(1,2)",Mean,0.0957055834756359,0.0715977847825262,,lOTC,vOTC,1,2,lOTC→vOTC,between_roi,-0.04462607469811544,0.23603724164938725
"A(2,2)",Mean,-0.0313524448980815,0.076236025347537,,lOTC,lOTC,2,2,lOTC→lOTC,self,-0.18077505457925402,0.11807016478309101
"A(3,2)",Mean,-0.0349374979540104,0.0674759023827874,,lOTC,V1_L,3,2,lOTC→V1_L,between_roi,-0.16719026662427372,0.0973152707162529
"A(4,2)",Mean,-0.0038383442420763,0.0702144770897738,,lOTC,IFG_L,4,2,lOTC→IFG_L,between_roi,-0.14145871933803295,0.13378203085388035
"A(1,3)",Mean,0.058540595623576,0.0714943299310002,,V1_L,vOTC,1,3,V1_L→vOTC,between_roi,-0.0815882910411844,0.1986694822883364
"A(2,3)",Mean,0.0707985116160553,0.0703510594895724,,V1_L,lOTC,2,3,V1_L→lOTC,between_roi,-0.0670895649835066,0.2086865882156172
"A(3,3)",Mean,-0.0883165990907732,0.0681932309973056,,V1_L,V1_L,3,3,V1_L→V1_L,self,-0.22197533184549217,0.04534213366394578
"A(4,3)",Mean,0.0633588875146236,0.0646962452301201,,V1_L,IFG_L,4,3,V1_L→IFG_L,between_roi,-0.06344575313641179,0.19016352816565898
"A(1,4)",Mean,0.243588634936815,0.0753441343871923,,IFG_L,vOTC,1,4,IFG_L→vOTC,between_roi,0.09591413153791811,0.3912631383357119
"A(2,4)",Mean,0.239851860826542,0.0746184759486617,,IFG_L,lOTC,2,4,IFG_L→lOTC,between_roi,0.09359964796716508,0.3861040736859189
"A(3,4)",Mean,0.294759257861146,0.0713944941542505,,IFG_L,V1_L,3,4,IFG_L→V1_L,between_roi,0.154826049318815,0.434692466403477
"A(4,4)",Mean,-0.0971038818458522,0.0805553059805994,,IFG_L,IFG_L,4,4,IFG_L→IFG_L,self,-0.25499228156782705,0.06078451787612263
"A(1,1)",Late_B3_gt_mean_B1B2,-0.0723590020771251,0.0355160885423004,,vOTC,vOTC,1,1,vOTC→vOTC,self,-0.14197053562003387,-0.002747468534216327
"A(2,1)",Late_B3_gt_mean_B1B2,0.0840475499480755,0.0284154253129634,,vOTC,lOTC,2,1,vOTC→lOTC,between_roi,0.028353316334667242,0.13974178356148376
"A(3,1)",Late_B3_gt_mean_B1B2,0.0062062764244679,0.0290984245750728,,vOTC,V1_L,3,1,vOTC→V1_L,between_roi,-0.050826635742674785,0.06323918859161058
"A(4,1)",Late_B3_gt_mean_B1B2,0.0132395774714217,0.0286584936122365,,vOTC,IFG_L,4,1,vOTC→IFG_L,between_roi,-0.04293107000856185,0.06941022495140524
"A(1,2)",Late_B3_gt_mean_B1B2,0.269716052820563,0.0309274298400042,,lOTC,vOTC,1,2,lOTC→vOTC,between_roi,0.20909829033415475,0.3303338153069712
"A(2,2)",Late_B3_gt_mean_B1B2,-0.185286966374142,0.0352963008166553,,lOTC,lOTC,2,2,lOTC→lOTC,self,-0.2544677159747864,-0.1161062167734976
"A(3,2)",Late_B3_gt_mean_B1B2,0.156627330915795,0.0294241868067089,,lOTC,V1_L,3,2,lOTC→V1_L,between_roi,0.09895592477464557,0.21429873705694444
"A(4,2)",Late_B3_gt_mean_B1B2,0.224287386843674,0.03052697533181,,lOTC,IFG_L,4,2,lOTC→IFG_L,between_roi,0.1644545151933264,0.2841202584940216
"A(1,3)",Late_B3_gt_mean_B1B2,0.0910179457313767,0.0293401888098343,,V1_L,vOTC,1,3,V1_L→vOTC,between_roi,0.03351117566410147,0.14852471579865192
"A(2,3)",Late_B3_gt_mean_B1B2,0.17280624165729,0.0286767933710553,,V1_L,lOTC,2,3,V1_L→lOTC,between_roi,0.1165997266500216,0.2290127566645584
"A(3,3)",Late_B3_gt_mean_B1B2,-0.128711946921469,0.0307236341199486,,V1_L,V1_L,3,3,V1_L→V1_L,self,-0.18893026979656827,-0.06849362404636974
"A(4,3)",Late_B3_gt_mean_B1B2,0.0690966446280855,0.0272177070978217,,V1_L,IFG_L,4,3,V1_L→IFG_L,between_roi,0.015749938716354966,0.12244335053981603
"A(1,4)",Late_B3_gt_mean_B1B2,-0.0981728548200697,0.0276371433935569,,IFG_L,vOTC,1,4,IFG_L→vOTC,between_roi,-0.15234165587144122,-0.044004053768698176
"A(2,4)",Late_B3_gt_mean_B1B2,-0.0760626984211536,0.0278398012385507,,IFG_L,lOTC,2,4,IFG_L→lOTC,between_roi,-0.13062870884871297,-0.02149668799359422
"A(3,4)",Late_B3_gt_mean_B1B2,-0.0496259715310179,0.0272925690114133,,IFG_L,V1_L,3,4,IFG_L→V1_L,between_roi,-0.10311940679338796,0.003867463731352168
"A(4,4)",Late_B3_gt_mean_B1B2,0.106307874914171,0.0319960213270666,,IFG_L,IFG_L,4,4,IFG_L→IFG_L,self,0.04359567311312046,0.16902007671522154
"A(1,1)",Mid_B2_gt_B1,0.0207951285683261,0.0356386624262447,,vOTC,vOTC,1,1,vOTC→vOTC,self,-0.04905664978711351,0.09064690692376572
"A(2,1)",Mid_B2_gt_B1,-0.0253607214887157,0.0335178531067934,,vOTC,lOTC,2,1,vOTC→lOTC,between_roi,-0.09105571357803076,0.04033427060059937
"A(3,1)",Mid_B2_gt_B1,-0.0314554212467279,0.0333473021614373,,vOTC,V1_L,3,1,vOTC→V1_L,between_roi,-0.09681613348314501,0.03390529098968921
"A(4,1)",Mid_B2_gt_B1,0.0068122583433147,0.0335829859626021,,vOTC,IFG_L,4,1,vOTC→IFG_L,between_roi,-0.05901039414338541,0.0726349108300148
"A(1,2)",Mid_B2_gt_B1,-0.0175838861553757,0.0348065933616894,,lOTC,vOTC,1,2,lOTC→vOTC,between_roi,-0.08580480914428693,0.05063703683353552
"A(2,2)",Mid_B2_gt_B1,0.0307641700935728,0.0356602042478606,,lOTC,lOTC,2,2,lOTC→lOTC,self,-0.039129830232233986,0.10065817041937958
"A(3,2)",Mid_B2_gt_B1,-0.0427010900607743,0.033629144253304,,lOTC,V1_L,3,2,lOTC→V1_L,between_roi,-0.10861421279725014,0.023212032675701544
"A(4,2)",Mid_B2_gt_B1,5.19280294469733e-05,0.0343175102874753,,lOTC,IFG_L,4,2,lOTC→IFG_L,between_roi,-0.0672103921340046,0.06731424819289857
"A(1,3)",Mid_B2_gt_B1,-0.0191714530356026,0.0342883531835532,,V1_L,vOTC,1,3,V1_L→vOTC,between_roi,-0.08637662527536687,0.048033719204161676
"A(2,3)",Mid_B2_gt_B1,-0.0333361104071635,0.0341442137554283,,V1_L,lOTC,2,3,V1_L→lOTC,between_roi,-0.10025876936780297,0.03358654855347597
"A(3,3)",Mid_B2_gt_B1,0.0267580015894362,0.0353996373438607,,V1_L,V1_L,3,3,V1_L→V1_L,self,-0.04262528760453077,0.09614129078340317
"A(4,3)",Mid_B2_gt_B1,-0.0036864550440645,0.0333783072110758,,V1_L,IFG_L,4,3,V1_L→IFG_L,between_roi,-0.06910793717777305,0.06173502708964406
"A(1,4)",Mid_B2_gt_B1,0.0398311777961837,0.0340027955159386,,IFG_L,vOTC,1,4,IFG_L→vOTC,between_roi,-0.02681430141505596,0.10647665700742336
"A(2,4)",Mid_B2_gt_B1,0.033721188384445,0.0339416035856911,,IFG_L,lOTC,2,4,IFG_L→lOTC,between_roi,-0.03280435464350956,0.10024673141239956
"A(3,4)",Mid_B2_gt_B1,0.0247184501908069,0.0338286976997293,,IFG_L,V1_L,3,4,IFG_L→V1_L,between_roi,-0.04158579730066253,0.09102269768227633
"A(4,4)",Mid_B2_gt_B1,0.0082998808619152,0.0356511673502216,,IFG_L,IFG_L,4,4,IFG_L→IFG_L,self,-0.06157640714451913,0.07817616886834954
"A(1,1)",Run2_gt_Run1,-0.0045307674137453,0.0539537445998167,,vOTC,vOTC,1,1,vOTC→vOTC,self,-0.11028010682938602,0.10121857200189543
"A(2,1)",Run2_gt_Run1,0.040186834720394,0.0472848448391369,,vOTC,lOTC,2,1,vOTC→lOTC,between_roi,-0.052491461164314315,0.1328651306051023
"A(3,1)",Run2_gt_Run1,0.0198981980562505,0.0474366893361935,,vOTC,V1_L,3,1,vOTC→V1_L,between_roi,-0.07307771304268876,0.11287410915518975
"A(4,1)",Run2_gt_Run1,0.0181172976298429,0.0475255022633432,,vOTC,IFG_L,4,1,vOTC→IFG_L,between_roi,-0.07503268680630976,0.11126728206599557
"A(1,2)",Run2_gt_Run1,0.0541462108919683,0.0499535977699968,,lOTC,vOTC,1,2,lOTC→vOTC,between_roi,-0.043762840737225424,0.15205526252116203
"A(2,2)",Run2_gt_Run1,-0.0029159302790856,0.0531867624923113,,lOTC,lOTC,2,2,lOTC→lOTC,self,-0.10716198476401574,0.10133012420584454
"A(3,2)",Run2_gt_Run1,0.0896438174002211,0.0477625291463559,,lOTC,V1_L,3,2,lOTC→V1_L,between_roi,-0.003970739726636446,0.18325837452707866
"A(4,2)",Run2_gt_Run1,0.0623271146559846,0.0490516247241286,,lOTC,IFG_L,4,2,lOTC→IFG_L,between_roi,-0.03381406980330745,0.15846829911527666
"A(1,3)",Run2_gt_Run1,-0.0275551884415459,0.0488000479410204,,V1_L,vOTC,1,3,V1_L→vOTC,between_roi,-0.12320328240594589,0.06809290552285407
"A(2,3)",Run2_gt_Run1,-0.0002440746120332,0.0482637987341092,,V1_L,lOTC,2,3,V1_L→lOTC,between_roi,-0.09484112013088723,0.09435297090682083
"A(3,3)",Run2_gt_Run1,0.01836364033381,0.0502176390833072,,V1_L,V1_L,3,3,V1_L→V1_L,self,-0.08006293226947211,0.11679021293709213
"A(4,3)",Run2_gt_Run1,0.0031182176103375,0.0466477903930424,,V1_L,IFG_L,4,3,V1_L→IFG_L,between_roi,-0.08831145156002561,0.0945478867807006
"A(1,4)",Run2_gt_Run1,-0.0263198198157138,0.0468665456675762,,IFG_L,vOTC,1,4,IFG_L→vOTC,between_roi,-0.11817824932416314,0.06553860969273555
"A(2,4)",Run2_gt_Run1,-0.0579300236966274,0.0468672321977004,,IFG_L,lOTC,2,4,IFG_L→lOTC,between_roi,-0.1497897988041202,0.033929751410865384
"A(3,4)",Run2_gt_Run1,-0.0027316059608327,0.046463524971366,,IFG_L,V1_L,3,4,IFG_L→V1_L,between_roi,-0.09380011490471006,0.08833690298304465
"A(4,4)",Run2_gt_Run1,-0.001939548994716,0.0509046088547664,,IFG_L,IFG_L,4,4,IFG_L→IFG_L,self,-0.10171258235005814,0.09783348436062614
"A(1,1)",Late_x_Run,-0.0536249781830123,0.0698806834926984,,vOTC,vOTC,1,1,vOTC→vOTC,self,-0.19059111782870114,0.08334116146267655
"A(2,1)",Late_x_Run,0.0164922352122955,0.0544769965515114,,vOTC,lOTC,2,1,vOTC→lOTC,between_roi,-0.09028267802866685,0.12326714845325784
"A(3,1)",Late_x_Run,-0.0876227433059824,0.055394279464709,,vOTC,V1_L,3,1,vOTC→V1_L,between_roi,-0.19619553105681203,0.020950044444847243
"A(4,1)",Late_x_Run,-0.0350551126550875,0.0549551478281102,,vOTC,IFG_L,4,1,vOTC→IFG_L,between_roi,-0.1427672023981835,0.0726569770880085
"A(1,2)",Late_x_Run,0.0110241164388209,0.0595394258691273,,lOTC,vOTC,1,2,lOTC→vOTC,between_roi,-0.10567315826466861,0.1277213911423104
"A(2,2)",Late_x_Run,-0.0406225255146284,0.0673461829160502,,lOTC,lOTC,2,2,lOTC→lOTC,self,-0.17262104403008677,0.09137599300082998
"A(3,2)",Late_x_Run,0.0084888405321909,0.0558295414915112,,lOTC,V1_L,3,2,lOTC→V1_L,between_roi,-0.10093706079117105,0.11791474185555285
"A(4,2)",Late_x_Run,0.0321852313009136,0.0579886707526419,,lOTC,IFG_L,4,2,lOTC→IFG_L,between_roi,-0.0814725633742645,0.14584302597609172
"A(1,3)",Late_x_Run,-0.0961473565878618,0.0569843933248948,,V1_L,vOTC,1,3,V1_L→vOTC,between_roi,-0.20783676750465563,0.015542054328932006
"A(2,3)",Late_x_Run,-0.0454367603551858,0.055553892985716,,V1_L,lOTC,2,3,V1_L→lOTC,between_roi,-0.15432239060718916,0.06344886989681756
"A(3,3)",Late_x_Run,0.0805587656659637,0.0582869689049323,,V1_L,V1_L,3,3,V1_L→V1_L,self,-0.03368369338770359,0.19480122471963102
"A(4,3)",Late_x_Run,-0.0373764077786353,0.0523447767029941,,V1_L,IFG_L,4,3,V1_L→IFG_L,between_roi,-0.13997217011650373,0.06521935455923314
"A(1,4)",Late_x_Run,0.0835470167895775,0.0514272457411272,,IFG_L,vOTC,1,4,IFG_L→vOTC,between_roi,-0.017250384863031806,0.1843444184421868
"A(2,4)",Late_x_Run,0.0400919899790058,0.051603748373032,,IFG_L,lOTC,2,4,IFG_L→lOTC,between_roi,-0.061051356832136916,0.14123533679014852
"A(3,4)",Late_x_Run,0.0902596219959667,0.0503161344590672,,IFG_L,V1_L,3,4,IFG_L→V1_L,between_roi,-0.008360001543805007,0.1888792455357384
"A(4,4)",Late_x_Run,0.0085521167369747,0.0599664546304309,,IFG_L,IFG_L,4,4,IFG_L→IFG_L,self,-0.10898213433866985,0.12608636781261925
"A(1,1)",Mid_x_Run,-0.0492636609687755,0.0712595964995195,,vOTC,vOTC,1,1,vOTC→vOTC,self,-0.1889324701078337,0.09040514817028272
"A(2,1)",Mid_x_Run,0.0153686039976821,0.0669751676375272,,vOTC,lOTC,2,1,vOTC→lOTC,between_roi,-0.11590272457187122,0.14663993256723543
"A(3,1)",Mid_x_Run,-0.037399012589508,0.0666185082653511,,vOTC,V1_L,3,1,vOTC→V1_L,between_roi,-0.16797128878959616,0.09317326361058015
"A(4,1)",Mid_x_Run,0.0193253399334145,0.0671013831048308,,vOTC,IFG_L,4,1,vOTC→IFG_L,between_roi,-0.11219337095205385,0.15084405081888286
"A(1,2)",Mid_x_Run,0.0097886040151091,0.0695748337699561,,lOTC,vOTC,1,2,lOTC→vOTC,between_roi,-0.12657807017400485,0.14615527820422308
"A(2,2)",Mid_x_Run,-0.0403963461695644,0.0713093528332502,,lOTC,lOTC,2,2,lOTC→lOTC,self,-0.18016267772273478,0.099369985383606
"A(3,2)",Mid_x_Run,-0.0355111563326302,0.0671965207487038,,lOTC,V1_L,3,2,lOTC→V1_L,between_roi,-0.16721633700008964,0.09619402433482925
"A(4,2)",Mid_x_Run,0.0254697870300136,0.0685952633329302,,lOTC,IFG_L,4,2,lOTC→IFG_L,between_roi,-0.1089769291025296,0.1599165031625568
"A(1,3)",Mid_x_Run,-0.0308292971110695,0.0685162959023974,,V1_L,vOTC,1,3,V1_L→vOTC,between_roi,-0.1651212370797684,0.1034626428576294
"A(2,3)",Mid_x_Run,-0.0321868807688031,0.0682554669930371,,V1_L,lOTC,2,3,V1_L→lOTC,between_roi,-0.16596759607515582,0.10159383453754961
"A(3,3)",Mid_x_Run,0.0071132069344302,0.0707914969961878,,V1_L,V1_L,3,3,V1_L→V1_L,self,-0.13163812717809786,0.14586454104695828
"A(4,3)",Mid_x_Run,-0.0333263061221326,0.0667043369617519,,V1_L,IFG_L,4,3,V1_L→IFG_L,between_roi,-0.16406680656716635,0.09741419432290113
"A(1,4)",Mid_x_Run,0.121152238902836,0.0679807484146618,,IFG_L,vOTC,1,4,IFG_L→vOTC,between_roi,-0.012090027989901136,0.2543945057955731
"A(2,4)",Mid_x_Run,0.119920164941772,0.0678643565797512,,IFG_L,lOTC,2,4,IFG_L→lOTC,between_roi,-0.013093973954540358,0.25293430383808435
"A(3,4)",Mid_x_Run,0.0468843879133698,0.0676225392175781,,IFG_L,V1_L,3,4,IFG_L→V1_L,between_roi,-0.08565578895308329,0.17942456477982288
"A(4,4)",Mid_x_Run,-0.0058155023564246,0.0712990469579455,,IFG_L,IFG_L,4,4,IFG_L→IFG_L,self,-0.1455616343939978,0.13393062968114858
"A(1,1)",Subj_sub_02,0.058032728516933,0.179309932144148,,vOTC,vOTC,1,1,vOTC→vOTC,self,-0.29341473848559707,0.40948019551946313
"A(2,1)",Subj_sub_02,-0.178593232359484,0.116090651479497,,vOTC,lOTC,2,1,vOTC→lOTC,between_roi,-0.40613090925929807,0.04894444454033012
"A(3,1)",Subj_sub_02,0.0049239654898261,0.130818513592794,,vOTC,V1_L,3,1,vOTC→V1_L,between_roi,-0.25148032115205016,0.26132825213170235
"A(4,1)",Subj_sub_02,-0.025828235849735,0.129810291718255,,vOTC,IFG_L,4,1,vOTC→IFG_L,between_roi,-0.2802564076175148,0.2285999359180448
"A(1,2)",Subj_sub_02,-0.212412988020629,0.138361868594497,,lOTC,vOTC,1,2,lOTC→vOTC,between_roi,-0.48360225046584315,0.058776274424585134
"A(2,2)",Subj_sub_02,0.097678857742452,0.170269270781853,,lOTC,lOTC,2,2,lOTC→lOTC,self,-0.23604891298997988,0.43140662847488387
"A(3,2)",Subj_sub_02,-0.0250092189471238,0.128700990219353,,lOTC,V1_L,3,2,lOTC→V1_L,between_roi,-0.2772631597770557,0.22724472188280806
"A(4,2)",Subj_sub_02,-0.102886888439087,0.13715603409341,,lOTC,IFG_L,4,2,lOTC→IFG_L,between_roi,-0.3717127152621706,0.1659389383839966
"A(1,3)",Subj_sub_02,0.051998159767453,0.131095632666285,,V1_L,vOTC,1,3,V1_L→vOTC,between_roi,-0.20494928025846557,0.30894559979337155
"A(2,3)",Subj_sub_02,-0.0086446954982627,0.124715576272404,,V1_L,lOTC,2,3,V1_L→lOTC,between_roi,-0.2530872249921745,0.23579783399564913
"A(3,3)",Subj_sub_02,0.0795431985315816,0.110626519373176,,V1_L,V1_L,3,3,V1_L→V1_L,self,-0.13728477943984335,0.29637117650300654
"A(4,3)",Subj_sub_02,-0.0015417097988759,0.108586023306773,,V1_L,IFG_L,4,3,V1_L→IFG_L,between_roi,-0.21437031548015098,0.21128689588239916
"A(1,4)",Subj_sub_02,-0.10179892062706,0.1020183181902,,IFG_L,vOTC,1,4,IFG_L→vOTC,between_roi,-0.301754824279852,0.098156983025732
"A(2,4)",Subj_sub_02,-0.0866487979861308,0.104176438238099,,IFG_L,lOTC,2,4,IFG_L→lOTC,between_roi,-0.2908346169328048,0.11753702096054323
"A(3,4)",Subj_sub_02,-0.20318791186478,0.0986716709676567,,IFG_L,V1_L,3,4,IFG_L→V1_L,between_roi,-0.3965843869613871,-0.009791436768172873
"A(4,4)",Subj_sub_02,-0.0646231945426888,0.139386045080069,,IFG_L,IFG_L,4,4,IFG_L→IFG_L,self,-0.3378198428996241,0.20857345381424644
"A(1,1)",Subj_sub_03,0.143702478233689,0.203951734397252,,vOTC,vOTC,1,1,vOTC→vOTC,self,-0.2560429211849249,0.543447877652303
"A(2,1)",Subj_sub_03,-0.171910613134634,0.160228661395903,,vOTC,lOTC,2,1,vOTC→lOTC,between_roi,-0.4859587894706039,0.1421375632013359
"A(3,1)",Subj_sub_03,-0.158589893159866,0.168009397191603,,vOTC,V1_L,3,1,vOTC→V1_L,between_roi,-0.48788831165540786,0.17070852533567588
"A(4,1)",Subj_sub_03,-0.0152047792004673,0.158489460538235,,vOTC,IFG_L,4,1,vOTC→IFG_L,between_roi,-0.32584412185540795,0.29543456345447333
"A(1,2)",Subj_sub_03,-0.0079724931395526,0.175559290884008,,lOTC,vOTC,1,2,lOTC→vOTC,between_roi,-0.3520687032722083,0.33612371699310306
"A(2,2)",Subj_sub_03,0.0128664899976037,0.203749570725855,,lOTC,lOTC,2,2,lOTC→lOTC,self,-0.3864826686250721,0.4122156486202795
"A(3,2)",Subj_sub_03,0.30314863195379,0.161495715711797,,lOTC,V1_L,3,2,lOTC→V1_L,between_roi,-0.013382970841332109,0.6196802347489121
"A(4,2)",Subj_sub_03,0.152447788726633,0.174285537094475,,lOTC,IFG_L,4,2,lOTC→IFG_L,between_roi,-0.189151863978538,0.494047441431804
"A(1,3)",Subj_sub_03,0.189729441764696,0.150866288634723,,V1_L,vOTC,1,3,V1_L→vOTC,between_roi,-0.10596848395936112,0.48542736748875315
"A(2,3)",Subj_sub_03,0.308756782322978,0.142716654006978,,V1_L,lOTC,2,3,V1_L→lOTC,between_roi,0.029032140469301138,0.5884814241766548
"A(3,3)",Subj_sub_03,-0.268834909309824,0.175731161428736,,V1_L,V1_L,3,3,V1_L→V1_L,self,-0.6132679857101466,0.07559816709049855
"A(4,3)",Subj_sub_03,-0.139178443602501,0.124144704243977,,V1_L,IFG_L,4,3,V1_L→IFG_L,between_roi,-0.3825020639206959,0.1041451767156939
"A(1,4)",Subj_sub_03,0.0495375239220589,0.149972389367926,,IFG_L,vOTC,1,4,IFG_L→vOTC,between_roi,-0.24440835923907606,0.34348340708319386
"A(2,4)",Subj_sub_03,0.0423658533129796,0.154397630718454,,IFG_L,lOTC,2,4,IFG_L→lOTC,between_roi,-0.2602535028951902,0.3449852095211494
"A(3,4)",Subj_sub_03,-0.384525475602692,0.133970501551474,,IFG_L,V1_L,3,4,IFG_L→V1_L,between_roi,-0.6471076586435811,-0.12194329256180297
"A(4,4)",Subj_sub_03,0.0161407880011327,0.188751226456201,,IFG_L,IFG_L,4,4,IFG_L→IFG_L,self,-0.35381161585302123,0.3860931918552867
"A(1,1)",Subj_sub_04,-0.117786071676223,0.203681175865017,,vOTC,vOTC,1,1,vOTC→vOTC,self,-0.5170011763716563,0.2814290330192103
"A(2,1)",Subj_sub_04,0.0926384118068317,0.158762800820947,,vOTC,lOTC,2,1,vOTC→lOTC,between_roi,-0.2185366778022244,0.4038135014158878
"A(3,1)",Subj_sub_04,0.217812184619632,0.163868990780357,,vOTC,V1_L,3,1,vOTC→V1_L,between_roi,-0.10337103730986771,0.5389954065491317
"A(4,1)",Subj_sub_04,-0.0878834208104639,0.161211701659137,,vOTC,IFG_L,4,1,vOTC→IFG_L,between_roi,-0.4038583560623724,0.2280915144414446
"A(1,2)",Subj_sub_04,0.068475324699091,0.180961360810349,,lOTC,vOTC,1,2,lOTC→vOTC,between_roi,-0.28620894248919304,0.42315959188737506
"A(2,2)",Subj_sub_04,-0.286450890866886,0.203295162228621,,lOTC,lOTC,2,2,lOTC→lOTC,self,-0.6849094088349832,0.11200762710121115
"A(3,2)",Subj_sub_04,0.32258923835675,0.173903617757594,,lOTC,V1_L,3,2,lOTC→V1_L,between_roi,-0.01826185244813422,0.6634403291616342
"A(4,2)",Subj_sub_04,0.144900937925769,0.181283219956358,,lOTC,IFG_L,4,2,lOTC→IFG_L,between_roi,-0.21041417318869263,0.5002160490402306
"A(1,3)",Subj_sub_04,0.501915053786136,0.177697855865503,,V1_L,vOTC,1,3,V1_L→vOTC,between_roi,0.15362725628975016,0.8502028512825218
"A(2,3)",Subj_sub_04,0.415697068555752,0.168400432577255,,V1_L,lOTC,2,3,V1_L→lOTC,between_roi,0.08563222070433218,0.7457619164071718
"A(3,3)",Subj_sub_04,-0.427964538295353,0.189819101604208,,V1_L,V1_L,3,3,V1_L→V1_L,self,-0.8000099774396008,-0.05591909915110532
"A(4,3)",Subj_sub_04,0.622842126974664,0.160139618476402,,V1_L,IFG_L,4,3,V1_L→IFG_L,between_roi,0.3089684747609161,0.936715779188412
"A(1,4)",Subj_sub_04,-0.805845661808085,0.13420651335443,,IFG_L,vOTC,1,4,IFG_L→vOTC,between_roi,-1.0688904279827678,-0.5428008956334023
"A(2,4)",Subj_sub_04,-0.798480533682567,0.135671644934472,,IFG_L,lOTC,2,4,IFG_L→lOTC,between_roi,-1.0643969577541321,-0.5325641096110019
"A(3,4)",Subj_sub_04,-0.700902767627869,0.131030493529174,,IFG_L,V1_L,3,4,IFG_L→V1_L,between_roi,-0.95772253494505,-0.4440830003106879
"A(4,4)",Subj_sub_04,0.976935807800552,0.15220026034894,,IFG_L,IFG_L,4,4,IFG_L→IFG_L,self,0.6786232975166296,1.2752483180844743
"A(1,1)",Subj_sub_05,0.0671893631850711,0.187461929279056,,vOTC,vOTC,1,1,vOTC→vOTC,self,-0.3002360182018786,0.4346147445720209
"A(2,1)",Subj_sub_05,-0.151613897370244,0.121396098237089,,vOTC,lOTC,2,1,vOTC→lOTC,between_roi,-0.3895502499149384,0.08632245517445042
"A(3,1)",Subj_sub_05,-0.0675185485049784,0.141391768531362,,vOTC,V1_L,3,1,vOTC→V1_L,between_roi,-0.3446464148264479,0.20960931781649111
"A(4,1)",Subj_sub_05,-0.0762422785729378,0.141384566315918,,vOTC,IFG_L,4,1,vOTC→IFG_L,between_roi,-0.3533560285521371,0.2008714714062615
"A(1,2)",Subj_sub_05,-0.182721577707932,0.150519863059074,,lOTC,vOTC,1,2,lOTC→vOTC,between_roi,-0.47774050930371703,0.11229735388785303
"A(2,2)",Subj_sub_05,0.0300521457683654,0.183403008953858,,lOTC,lOTC,2,2,lOTC→lOTC,self,-0.32941775178119626,0.38952204331792706
"A(3,2)",Subj_sub_05,0.0065777698830867,0.143785188518097,,lOTC,V1_L,3,2,lOTC→V1_L,between_roi,-0.27524119961238336,0.2883967393785568
"A(4,2)",Subj_sub_05,-0.0468403726749068,0.152032413981501,,lOTC,IFG_L,4,2,lOTC→IFG_L,between_roi,-0.34482390407864877,0.25114315872883514
"A(1,3)",Subj_sub_05,-0.114202754934701,0.140924869489917,,V1_L,vOTC,1,3,V1_L→vOTC,between_roi,-0.39041549913493834,0.16200998926553634
"A(2,3)",Subj_sub_05,-0.154761791709127,0.138873263487847,,V1_L,lOTC,2,3,V1_L→lOTC,between_roi,-0.42695338814530714,0.11742980472705314
"A(3,3)",Subj_sub_05,0.154207332570548,0.136427862418368,,V1_L,V1_L,3,3,V1_L→V1_L,self,-0.11319127776945323,0.4216059429105492
"A(4,3)",Subj_sub_05,-0.0892250730695511,0.118830058821475,,V1_L,IFG_L,4,3,V1_L→IFG_L,between_roi,-0.3221319883596421,0.1436818422205399
"A(1,4)",Subj_sub_05,-0.084971380756332,0.106915929599015,,IFG_L,vOTC,1,4,IFG_L→vOTC,between_roi,-0.2945266027704014,0.1245838412577374
"A(2,4)",Subj_sub_05,-0.129746251236197,0.108459490538507,,IFG_L,lOTC,2,4,IFG_L→lOTC,between_roi,-0.34232685269167074,0.08283435021927668
"A(3,4)",Subj_sub_05,-0.163876045370156,0.102855774255622,,IFG_L,V1_L,3,4,IFG_L→V1_L,between_roi,-0.3654733629111751,0.03772127217086313
"A(4,4)",Subj_sub_05,-0.0174513046936407,0.146469010365887,,IFG_L,IFG_L,4,4,IFG_L→IFG_L,self,-0.3045305650107792,0.2696279556234978
"A(1,1)",Subj_sub_06,0.623074129800886,0.178938429818166,,vOTC,vOTC,1,1,vOTC→vOTC,self,0.2723548073572806,0.9737934522444913
"A(2,1)",Subj_sub_06,-0.527972725598541,0.138373440175802,,vOTC,lOTC,2,1,vOTC→lOTC,between_roi,-0.799184668343113,-0.25676078285396914
"A(3,1)",Subj_sub_06,-0.42632992268358,0.14032772035787,,vOTC,V1_L,3,1,vOTC→V1_L,between_roi,-0.7013722545850052,-0.1512875907821548
"A(4,1)",Subj_sub_06,-0.409956934100419,0.12771525020715,,vOTC,IFG_L,4,1,vOTC→IFG_L,between_roi,-0.660278824506433,-0.159635043694405
"A(1,2)",Subj_sub_06,0.383300115461793,0.188790263868831,,lOTC,vOTC,1,2,lOTC→vOTC,between_roi,0.013271198278884233,0.7533290326447017
"A(2,2)",Subj_sub_06,-0.165493049131252,0.205261286701942,,lOTC,lOTC,2,2,lOTC→lOTC,self,-0.5678051710670583,0.23681907280455428
"A(3,2)",Subj_sub_06,0.65865199063745,0.166285111714309,,lOTC,V1_L,3,2,lOTC→V1_L,between_roi,0.33273317167740435,0.9845708095974955
"A(4,2)",Subj_sub_06,0.324149541624123,0.185157932763473,,lOTC,IFG_L,4,2,lOTC→IFG_L,between_roi,-0.03876000659228407,0.6870590898405301
"A(1,3)",Subj_sub_06,0.434179969296675,0.181163210113959,,V1_L,vOTC,1,3,V1_L→vOTC,between_roi,0.07910007747331538,0.7892598611200347
"A(2,3)",Subj_sub_06,0.465915722944578,0.170459632898855,,V1_L,lOTC,2,3,V1_L→lOTC,between_roi,0.1318148424628222,0.8000166034263338
"A(3,3)",Subj_sub_06,-0.20081293875841,0.199468106355452,,V1_L,V1_L,3,3,V1_L→V1_L,self,-0.5917704272150959,0.19014454969827593
"A(4,3)",Subj_sub_06,0.277159341864891,0.171498519920517,,V1_L,IFG_L,4,3,V1_L→IFG_L,between_roi,-0.058977757179322354,0.6132964409091044
"A(1,4)",Subj_sub_06,-0.536459593534411,0.172221569203168,,IFG_L,vOTC,1,4,IFG_L→vOTC,between_roi,-0.8740138691726203,-0.1989053178962017
"A(2,4)",Subj_sub_06,-0.265243335841616,0.186250492033263,,IFG_L,lOTC,2,4,IFG_L→lOTC,between_roi,-0.6302943002268115,0.09980762854357944
"A(3,4)",Subj_sub_06,-0.237048894497779,0.182809598132445,,IFG_L,V1_L,3,4,IFG_L→V1_L,between_roi,-0.5953557068373712,0.12125791784181317
"A(4,4)",Subj_sub_06,0.111176655420495,0.205941126651706,,IFG_L,IFG_L,4,4,IFG_L→IFG_L,self,-0.2924679528168488,0.5148212636578388
"A(1,1)",Subj_sub_07,-0.0285208814307278,0.206318092291912,,vOTC,vOTC,1,1,vOTC→vOTC,self,-0.4329043423228753,0.3758625794614197
"A(2,1)",Subj_sub_07,0.0855172939821573,0.174662511423568,,vOTC,lOTC,2,1,vOTC→lOTC,between_roi,-0.256821228408036,0.4278558163723506
"A(3,1)",Subj_sub_07,0.0807283616630358,0.175487509784215,,vOTC,V1_L,3,1,vOTC→V1_L,between_roi,-0.2632271575140256,0.4246838808400972
"A(4,1)",Subj_sub_07,0.171697370079442,0.174878445410755,,vOTC,IFG_L,4,1,vOTC→IFG_L,between_roi,-0.17106438292563783,0.5144591230845218
"A(1,2)",Subj_sub_07,0.0380649786035398,0.186278679753807,,lOTC,vOTC,1,2,lOTC→vOTC,between_roi,-0.3270412337139219,0.4031711909210015
"A(2,2)",Subj_sub_07,-0.0037739046242449,0.205225029077079,,lOTC,lOTC,2,2,lOTC→lOTC,self,-0.40601496161531975,0.39846715236683
"A(3,2)",Subj_sub_07,0.0692498287987095,0.175372520399168,,lOTC,V1_L,3,2,lOTC→V1_L,between_roi,-0.2744803111836598,0.4129799687810788
"A(4,2)",Subj_sub_07,0.12136506392109,0.183645436693926,,lOTC,IFG_L,4,2,lOTC→IFG_L,between_roi,-0.23857999199900495,0.481310119841185
"A(1,3)",Subj_sub_07,-0.38030875656302,0.164477966310551,,V1_L,vOTC,1,3,V1_L→vOTC,between_roi,-0.7026855705316999,-0.057931942594340036
"A(2,3)",Subj_sub_07,-0.37270816107537,0.162602033947329,,V1_L,lOTC,2,3,V1_L→lOTC,between_roi,-0.6914081476121349,-0.05400817453860518
"A(3,3)",Subj_sub_07,0.279226238648222,0.188176131219827,,V1_L,V1_L,3,3,V1_L→V1_L,self,-0.08959897854263887,0.6480514558390829
"A(4,3)",Subj_sub_07,-0.396294712378636,0.152303986655127,,V1_L,IFG_L,4,3,V1_L→IFG_L,between_roi,-0.6948105262226849,-0.09777889853458704
"A(1,4)",Subj_sub_07,0.2411367285364,0.18131415815367,,IFG_L,vOTC,1,4,IFG_L→vOTC,between_roi,-0.1142390214447932,0.5965124785175933
"A(2,4)",Subj_sub_07,0.167486125939505,0.183673852885729,,IFG_L,lOTC,2,4,IFG_L→lOTC,between_roi,-0.1925146257165238,0.5274868775955338
"A(3,4)",Subj_sub_07,0.0562725431740007,0.183467437022394,,IFG_L,V1_L,3,4,IFG_L→V1_L,between_roi,-0.3033236333898915,0.4158687197378929
"A(4,4)",Subj_sub_07,-0.104311714150191,0.205843545389382,,IFG_L,IFG_L,4,4,IFG_L→IFG_L,self,-0.5077650631133797,0.2991416348129977
"A(1,1)",Subj_sub_08,0.0243920890082031,0.175688565424017,,vOTC,vOTC,1,1,vOTC→vOTC,self,-0.3199574992228702,0.3687416772392764
"A(2,1)",Subj_sub_08,-0.107529259647767,0.114452847263509,,vOTC,lOTC,2,1,vOTC→lOTC,between_roi,-0.33185684028424467,0.11679832098871065
"A(3,1)",Subj_sub_08,-0.0142786647702481,0.12724837649827,,vOTC,V1_L,3,1,vOTC→V1_L,between_roi,-0.2636854827068573,0.2351281531663611
"A(4,1)",Subj_sub_08,-0.0273892222019627,0.125769713936884,,vOTC,IFG_L,4,1,vOTC→IFG_L,between_roi,-0.27389786151825535,0.21911941711432992
"A(1,2)",Subj_sub_08,-0.0741809084634146,0.140758362691567,,lOTC,vOTC,1,2,lOTC→vOTC,between_roi,-0.3500672993388859,0.20170548241205669
"A(2,2)",Subj_sub_08,0.0313444740334289,0.165269903799895,,lOTC,lOTC,2,2,lOTC→lOTC,self,-0.29258453741436535,0.3552734854812231
"A(3,2)",Subj_sub_08,0.0692179919653681,0.125853452043918,,lOTC,V1_L,3,2,lOTC→V1_L,between_roi,-0.1774547740407112,0.3158907579714474
"A(4,2)",Subj_sub_08,0.0107669434962243,0.136246388710107,,lOTC,IFG_L,4,2,lOTC→IFG_L,between_roi,-0.2562759783755854,0.27780986536803404
"A(1,3)",Subj_sub_08,-0.0609148414980784,0.135667117518905,,V1_L,vOTC,1,3,V1_L→vOTC,between_roi,-0.32682239183513223,0.2049927088389754
"A(2,3)",Subj_sub_08,-0.0974967910534259,0.133546009471337,,V1_L,lOTC,2,3,V1_L→lOTC,between_roi,-0.3592469696172464,0.1642533875103946
"A(3,3)",Subj_sub_08,0.154893324705868,0.125740981664456,,V1_L,V1_L,3,3,V1_L→V1_L,self,-0.09155899935646575,0.4013456487682018
"A(4,3)",Subj_sub_08,-0.041281127488602,0.114055916597497,,V1_L,IFG_L,4,3,V1_L→IFG_L,between_roi,-0.26483072401969615,0.18226846904249214
"A(1,4)",Subj_sub_08,-0.0628027393112911,0.102858917312682,,IFG_L,vOTC,1,4,IFG_L→vOTC,between_roi,-0.2644062172441478,0.1388007386215656
"A(2,4)",Subj_sub_08,-0.108504402465809,0.105300681313467,,IFG_L,lOTC,2,4,IFG_L→lOTC,between_roi,-0.3148937378402043,0.0978849329085863
"A(3,4)",Subj_sub_08,-0.140693746698998,0.0991215893720892,,IFG_L,V1_L,3,4,IFG_L→V1_L,between_roi,-0.33497206186829287,0.05358456847029683
"A(4,4)",Subj_sub_08,-0.0395227163154021,0.140956908384163,,IFG_L,IFG_L,4,4,IFG_L→IFG_L,self,-0.3157982567483616,0.23675282411755738
"A(1,1)",Subj_sub_09,0.0685677104315495,0.154893715863264,,vOTC,vOTC,1,1,vOTC→vOTC,self,-0.23502397266044797,0.372159393523547
"A(2,1)",Subj_sub_09,-0.170432760537112,0.0983865922435148,,vOTC,lOTC,2,1,vOTC→lOTC,between_roi,-0.363270481334401,0.022404960260176993
"A(3,1)",Subj_sub_09,-0.0327162777959118,0.107210559070419,,vOTC,V1_L,3,1,vOTC→V1_L,between_roi,-0.24284897357393304,0.17741641798210944
"A(4,1)",Subj_sub_09,-0.0668807126605234,0.106861241480916,,vOTC,IFG_L,4,1,vOTC→IFG_L,between_roi,-0.27632874596311874,0.14256732064207195
"A(1,2)",Subj_sub_09,-0.254700169878775,0.122810461148604,,lOTC,vOTC,1,2,lOTC→vOTC,between_roi,-0.49540867373003883,-0.013991666027511146
"A(2,2)",Subj_sub_09,0.0786307942644519,0.142920575146944,,lOTC,lOTC,2,2,lOTC→lOTC,self,-0.20149353302355832,0.35875512155246214
"A(3,2)",Subj_sub_09,-0.0239758802817651,0.105577278337727,,lOTC,V1_L,3,2,lOTC→V1_L,between_roi,-0.23090734582371,0.18295558526017983
"A(4,2)",Subj_sub_09,-0.130990339575652,0.11601835048671,,lOTC,IFG_L,4,2,lOTC→IFG_L,between_roi,-0.35838630652960357,0.09640562737829958
"A(1,3)",Subj_sub_09,-0.0791923990007931,0.117790981730694,,V1_L,vOTC,1,3,V1_L→vOTC,between_roi,-0.3100627231929533,0.15167792519136714
"A(2,3)",Subj_sub_09,-0.151473513622093,0.115762128602572,,V1_L,lOTC,2,3,V1_L→lOTC,between_roi,-0.3783672856831341,0.07542025843894812
"A(3,3)",Subj_sub_09,0.138768278116499,0.0950310359115573,,V1_L,V1_L,3,3,V1_L→V1_L,self,-0.04749255227015331,0.3250291085031513
"A(4,3)",Subj_sub_09,-0.0886841409446204,0.094930755905553,,V1_L,IFG_L,4,3,V1_L→IFG_L,between_roi,-0.27474842251950427,0.09738014063026348
"A(1,4)",Subj_sub_09,-0.10495098822995,0.0872499073925001,,IFG_L,vOTC,1,4,IFG_L→vOTC,between_roi,-0.27596080671925016,0.06605883025935019
"A(2,4)",Subj_sub_09,-0.119812028519835,0.08820863670828,,IFG_L,lOTC,2,4,IFG_L→lOTC,between_roi,-0.2927009564680638,0.0530768994283938
"A(3,4)",Subj_sub_09,-0.200569979655499,0.0827694825280227,,IFG_L,V1_L,3,4,IFG_L→V1_L,between_roi,-0.3627981654104235,-0.03834179390057452
"A(4,4)",Subj_sub_09,-0.0584507212544043,0.108768450755882,,IFG_L,IFG_L,4,4,IFG_L→IFG_L,self,-0.271636884735933,0.15473544222712443
"A(1,1)",Subj_sub_10,0.0709345806159894,0.138748425365322,,vOTC,vOTC,1,1,vOTC→vOTC,self,-0.20101233310004174,0.34288149433202053
"A(2,1)",Subj_sub_10,-0.152187082985169,0.0907612949456092,,vOTC,lOTC,2,1,vOTC→lOTC,between_roi,-0.330079221078563,0.025705055108225017
"A(3,1)",Subj_sub_10,-0.0181891370290766,0.0970250353120673,,vOTC,V1_L,3,1,vOTC→V1_L,between_roi,-0.2083582062407285,0.17197993218257532
"A(4,1)",Subj_sub_10,-0.0522292355407902,0.0964204737305242,,vOTC,IFG_L,4,1,vOTC→IFG_L,between_roi,-0.24121336405261765,0.13675489297103724
"A(1,2)",Subj_sub_10,-0.231503384213408,0.117235267750212,,lOTC,vOTC,1,2,lOTC→vOTC,between_roi,-0.4612845090038235,-0.0017222594229924781
"A(2,2)",Subj_sub_10,0.111275873447589,0.120617117123184,,lOTC,lOTC,2,2,lOTC→lOTC,self,-0.12513367611385162,0.34768542300902966
"A(3,2)",Subj_sub_10,-0.0400761061022305,0.0960736542079631,,lOTC,V1_L,3,2,lOTC→V1_L,between_roi,-0.22838046834983816,0.14822825614537716
"A(4,2)",Subj_sub_10,-0.140531608803699,0.107385757967711,,lOTC,IFG_L,4,2,lOTC→IFG_L,between_roi,-0.3510076944204126,0.06994447681301458
"A(1,3)",Subj_sub_10,-0.0476434646961873,0.117050467624287,,V1_L,vOTC,1,3,V1_L→vOTC,between_roi,-0.2770623812397898,0.18177545184741523
"A(2,3)",Subj_sub_10,-0.10915783015766,0.115105084014637,,V1_L,lOTC,2,3,V1_L→lOTC,between_roi,-0.3347637948263485,0.11644813451102852
"A(3,3)",Subj_sub_10,0.120688335822397,0.0939437216123645,,V1_L,V1_L,3,3,V1_L→V1_L,self,-0.0634413585378374,0.3048180301826314
"A(4,3)",Subj_sub_10,-0.0708229599402852,0.0946005214755865,,V1_L,IFG_L,4,3,V1_L→IFG_L,between_roi,-0.2562399820324347,0.11459406215186432
"A(1,4)",Subj_sub_10,-0.0976760675293895,0.0846151320479361,,IFG_L,vOTC,1,4,IFG_L→vOTC,between_roi,-0.26352172634334425,0.06816959128456525
"A(2,4)",Subj_sub_10,-0.117312505999791,0.085512211710715,,IFG_L,lOTC,2,4,IFG_L→lOTC,between_roi,-0.2849164409527924,0.05029142895321041
"A(3,4)",Subj_sub_10,-0.193436944243175,0.0798791233379567,,IFG_L,V1_L,3,4,IFG_L→V1_L,between_roi,-0.3500000259855701,-0.03687386250077987
"A(4,4)",Subj_sub_10,-0.0741103722256648,0.100968297394343,,IFG_L,IFG_L,4,4,IFG_L→IFG_L,self,-0.2720082351185771,0.12378749066724748
"A(1,1)",Subj_sub_11,0.157399687990006,0.201202741492479,,vOTC,vOTC,1,1,vOTC→vOTC,self,-0.23695768533525283,0.5517570613152648
"A(2,1)",Subj_sub_11,-0.139261289792242,0.155220193825564,,vOTC,lOTC,2,1,vOTC→lOTC,between_roi,-0.44349286969034746,0.16497029010586345
"A(3,1)",Subj_sub_11,-0.100282989160271,0.159851490936232,,vOTC,V1_L,3,1,vOTC→V1_L,between_roi,-0.4135919113952857,0.2130259330747437
"A(4,1)",Subj_sub_11,-0.348160237314767,0.132458725794978,,vOTC,IFG_L,4,1,vOTC→IFG_L,between_roi,-0.6077793398729239,-0.08854113475661007
"A(1,2)",Subj_sub_11,0.510624174756127,0.177195819341876,,lOTC,vOTC,1,2,lOTC→vOTC,between_roi,0.16332036884605,0.8579279806662039
"A(2,2)",Subj_sub_11,-0.372215969850548,0.203154078337587,,lOTC,lOTC,2,2,lOTC→lOTC,self,-0.7703979633922184,0.025966023691122497
"A(3,2)",Subj_sub_11,0.733306077714476,0.156609490389472,,lOTC,V1_L,3,2,lOTC→V1_L,between_roi,0.4263514765511109,1.040260678877841
"A(4,2)",Subj_sub_11,0.43779291901498,0.167117915921351,,lOTC,IFG_L,4,2,lOTC→IFG_L,between_roi,0.11024180380913207,0.765344034220828
"A(1,3)",Subj_sub_11,0.504541221175926,0.187557404367607,,V1_L,vOTC,1,3,V1_L→vOTC,between_roi,0.13692870861541628,0.8721537337364358
"A(2,3)",Subj_sub_11,0.705804811306316,0.169728508949374,,V1_L,lOTC,2,3,V1_L→lOTC,between_roi,0.37313693376554297,1.038472688847089
"A(3,3)",Subj_sub_11,-0.136885339801967,0.200984461868323,,V1_L,V1_L,3,3,V1_L→V1_L,self,-0.5308148850638801,0.2570442054599461
"A(4,3)",Subj_sub_11,0.50435332897251,0.170421846902154,,V1_L,IFG_L,4,3,V1_L→IFG_L,between_roi,0.1703265090442881,0.8383801489007319
"A(1,4)",Subj_sub_11,-0.685043406817856,0.137070308974748,,IFG_L,vOTC,1,4,IFG_L→vOTC,between_roi,-0.9537012124083621,-0.41638560122734997
"A(2,4)",Subj_sub_11,-0.613418075619001,0.15323624516264,,IFG_L,lOTC,2,4,IFG_L→lOTC,between_roi,-0.9137611161377754,-0.31307503510022655
"A(3,4)",Subj_sub_11,-0.535331884455745,0.152119312903006,,IFG_L,V1_L,3,4,IFG_L→V1_L,between_roi,-0.8334857377456368,-0.23717803116585318
"A(4,4)",Subj_sub_11,0.320976459188553,0.191348540148437,,IFG_L,IFG_L,4,4,IFG_L→IFG_L,self,-0.05406667950238353,0.6960195978794895
"A(1,1)",Subj_sub_12,-0.298410354799768,0.180393497887337,,vOTC,vOTC,1,1,vOTC→vOTC,self,-0.6519816106589484,0.05516090105941246
"A(2,1)",Subj_sub_12,-0.295003966759553,0.133774357399492,,vOTC,lOTC,2,1,vOTC→lOTC,between_roi,-0.5572017072625572,-0.032806226256548665
"A(3,1)",Subj_sub_12,-0.116662487930602,0.137161940470921,,vOTC,V1_L,3,1,vOTC→V1_L,between_roi,-0.3854998912536072,0.15217491539240316
"A(4,1)",Subj_sub_12,-0.479464400034601,0.117724418261005,,vOTC,IFG_L,4,1,vOTC→IFG_L,between_roi,-0.7102042598261709,-0.2487245402430312
"A(1,2)",Subj_sub_12,0.460466525455548,0.168991525666559,,lOTC,vOTC,1,2,lOTC→vOTC,between_roi,0.12924313514909236,0.7916899157620036
"A(2,2)",Subj_sub_12,-0.982101514428346,0.186711221145145,,lOTC,lOTC,2,2,lOTC→lOTC,self,-1.3480555078728302,-0.6161475209838618
"A(3,2)",Subj_sub_12,0.766596588230438,0.143500238076409,,lOTC,V1_L,3,2,lOTC→V1_L,between_roi,0.48533612160067635,1.0478570548601995
"A(4,2)",Subj_sub_12,0.729110209251161,0.161136267866635,,lOTC,IFG_L,4,2,lOTC→IFG_L,between_roi,0.41328312423255636,1.0449372942697657
"A(1,3)",Subj_sub_12,-0.0220360798261634,0.171102189265033,,V1_L,vOTC,1,3,V1_L→vOTC,between_roi,-0.3573963707856281,0.3133242111333013
"A(2,3)",Subj_sub_12,0.435652876699513,0.152032289185262,,V1_L,lOTC,2,3,V1_L→lOTC,between_roi,0.13766958989639955,0.7336361635026265
"A(3,3)",Subj_sub_12,-0.386355488452145,0.192657539711407,,V1_L,V1_L,3,3,V1_L→V1_L,self,-0.7639642662865027,-0.008746710617787312
"A(4,3)",Subj_sub_12,0.0706935904312929,0.156625210230712,,V1_L,IFG_L,4,3,V1_L→IFG_L,between_roi,-0.23629182162090256,0.3776790024834884
"A(1,4)",Subj_sub_12,-0.535511797972324,0.151489567283489,,IFG_L,vOTC,1,4,IFG_L→vOTC,between_roi,-0.8324313498479624,-0.2385922460966855
"A(2,4)",Subj_sub_12,-0.498671609261825,0.152906442869898,,IFG_L,lOTC,2,4,IFG_L→lOTC,between_roi,-0.798368237286825,-0.19897498123682494
"A(3,4)",Subj_sub_12,-0.711632723347355,0.159423269974512,,IFG_L,V1_L,3,4,IFG_L→V1_L,between_roi,-1.0241023324973986,-0.39916311419731143
"A(4,4)",Subj_sub_12,-0.0031377558443893,0.192579544314817,,IFG_L,IFG_L,4,4,IFG_L→IFG_L,self,-0.38059366270143064,0.37431815101265203
"A(1,1)",Subj_sub_14,-0.0442662350335624,0.207810560529485,,vOTC,vOTC,1,1,vOTC→vOTC,self,-0.451574933671353,0.36304246360422815
"A(2,1)",Subj_sub_14,0.182061904451213,0.174644274795935,,vOTC,lOTC,2,1,vOTC→lOTC,between_roi,-0.1602408741488196,0.5243646830512456
"A(3,1)",Subj_sub_14,0.147050476576203,0.175723290842927,,vOTC,V1_L,3,1,vOTC→V1_L,between_roi,-0.19736717347593394,0.49146812662833994
"A(4,1)",Subj_sub_14,0.154561124497741,0.180837945130679,,vOTC,IFG_L,4,1,vOTC→IFG_L,between_roi,-0.1998812479583898,0.5090034969538718
"A(1,2)",Subj_sub_14,0.296060673081489,0.186233432310532,,lOTC,vOTC,1,2,lOTC→vOTC,between_roi,-0.0689568542471537,0.6610782004101317
"A(2,2)",Subj_sub_14,-0.144786466007975,0.205613065318755,,lOTC,lOTC,2,2,lOTC→lOTC,self,-0.5477880740327348,0.2582151420167848
"A(3,2)",Subj_sub_14,0.304395275791258,0.18092259943877,,lOTC,V1_L,3,2,lOTC→V1_L,between_roi,-0.050213019108731216,0.6590035706912473
"A(4,2)",Subj_sub_14,0.336694926083792,0.182924312990167,,lOTC,IFG_L,4,2,lOTC→IFG_L,between_roi,-0.021836727376935372,0.6952265795445194
"A(1,3)",Subj_sub_14,-0.292646382111754,0.155462026902215,,V1_L,vOTC,1,3,V1_L→vOTC,between_roi,-0.5973519548400954,0.012059190616587445
"A(2,3)",Subj_sub_14,-0.305010847053874,0.153023136738143,,V1_L,lOTC,2,3,V1_L→lOTC,between_roi,-0.6049361950606342,-0.005085499047113751
"A(3,3)",Subj_sub_14,0.250447963435196,0.162407596487325,,V1_L,V1_L,3,3,V1_L→V1_L,self,-0.067870925679961,0.568766852550353
"A(4,3)",Subj_sub_14,-0.37150820899056,0.137027629044148,,V1_L,IFG_L,4,3,V1_L→IFG_L,between_roi,-0.6400823619170901,-0.10293405606402989
"A(1,4)",Subj_sub_14,-0.038595603202863,0.19068540003594,,IFG_L,vOTC,1,4,IFG_L→vOTC,between_roi,-0.41233898727330537,0.3351477808675794
"A(2,4)",Subj_sub_14,-0.0295959512596874,0.185247335050556,,IFG_L,lOTC,2,4,IFG_L→lOTC,between_roi,-0.3926807279587771,0.33348882543940234
"A(3,4)",Subj_sub_14,-0.0271573804291139,0.182530638864911,,IFG_L,V1_L,3,4,IFG_L→V1_L,between_roi,-0.38491743260433947,0.33060267174611163
"A(4,4)",Subj_sub_14,0.0156475462366876,0.208785203517873,,IFG_L,IFG_L,4,4,IFG_L→IFG_L,self,-0.3935714526583435,0.4248665451317186
"A(1,1)",Subj_sub_15,-0.0313864051964373,0.205296616732655,,vOTC,vOTC,1,1,vOTC→vOTC,self,-0.4337677739924411,0.37099496359956646
"A(2,1)",Subj_sub_15,0.23883798528506,0.16444956730446,,vOTC,lOTC,2,1,vOTC→lOTC,between_roi,-0.0834831666316816,0.5611591372018017
"A(3,1)",Subj_sub_15,0.18981948252746,0.173941305984745,,vOTC,V1_L,3,1,vOTC→V1_L,between_roi,-0.15110547720264017,0.5307444422575602
"A(4,1)",Subj_sub_15,0.145686388322626,0.175367784648592,,vOTC,IFG_L,4,1,vOTC→IFG_L,between_roi,-0.19803446958861434,0.48940724623386633
"A(1,2)",Subj_sub_15,0.36156001808641,0.174196846441279,,lOTC,vOTC,1,2,lOTC→vOTC,between_roi,0.020134199061503155,0.7029858371113168
"A(2,2)",Subj_sub_15,-0.154700478544796,0.20225779744741,,lOTC,lOTC,2,2,lOTC→lOTC,self,-0.5511257615417195,0.2417248044521276
"A(3,2)",Subj_sub_15,0.367370162769647,0.17186667343622,,lOTC,V1_L,3,2,lOTC→V1_L,between_roi,0.030511482834655823,0.7042288427046381
"A(4,2)",Subj_sub_15,0.400167708606131,0.17332760412507,,lOTC,IFG_L,4,2,lOTC→IFG_L,between_roi,0.06044560452099379,0.7398898126912682
"A(1,3)",Subj_sub_15,0.153929932098428,0.181191156037487,,V1_L,vOTC,1,3,V1_L→vOTC,between_roi,-0.20120473373504652,0.5090645979319025
"A(2,3)",Subj_sub_15,0.16135516226143,0.181098913084321,,V1_L,lOTC,2,3,V1_L→lOTC,between_roi,-0.19359870738383914,0.5163090319066992
"A(3,3)",Subj_sub_15,-0.0410851296772459,0.199626582991678,,V1_L,V1_L,3,3,V1_L→V1_L,self,-0.43235323234093476,0.3501829729864429
"A(4,3)",Subj_sub_15,-0.0815480537613164,0.167960401322648,,V1_L,IFG_L,4,3,V1_L→IFG_L,between_roi,-0.4107504403537065,0.2476543328310737
"A(1,4)",Subj_sub_15,-0.72490812671288,0.15747563185282,,IFG_L,vOTC,1,4,IFG_L→vOTC,between_roi,-1.0335603651444072,-0.41625588828135274
"A(2,4)",Subj_sub_15,-0.708351008032872,0.155578462387127,,IFG_L,lOTC,2,4,IFG_L→lOTC,between_roi,-1.013284794311641,-0.40341722175410305
"A(3,4)",Subj_sub_15,-0.597395253274935,0.151304426277501,,IFG_L,V1_L,3,4,IFG_L→V1_L,between_roi,-0.8939519287788369,-0.3008385777710331
"A(4,4)",Subj_sub_15,0.745275317587363,0.181711773150547,,IFG_L,IFG_L,4,4,IFG_L→IFG_L,self,0.38912024221229086,1.1014303929624352
"A(1,1)",Subj_sub_16,0.0545800230558351,0.167515957743611,,vOTC,vOTC,1,1,vOTC→vOTC,self,-0.2737512541216425,0.38291130023331266
"A(2,1)",Subj_sub_16,-0.241131533048155,0.110833465172535,,vOTC,lOTC,2,1,vOTC→lOTC,between_roi,-0.45836512478632363,-0.023897941309986376
"A(3,1)",Subj_sub_16,0.164227567855042,0.119607909883921,,vOTC,V1_L,3,1,vOTC→V1_L,between_roi,-0.07020393551744317,0.3986590712275272
"A(4,1)",Subj_sub_16,-0.380082840459726,0.112644049306391,,vOTC,IFG_L,4,1,vOTC→IFG_L,between_roi,-0.6008651771002524,-0.15930050381919963
"A(1,2)",Subj_sub_16,0.335125318377931,0.135552030395398,,lOTC,vOTC,1,2,lOTC→vOTC,between_roi,0.06944333880295095,0.6008072979529111
"A(2,2)",Subj_sub_16,-0.156027632584199,0.166283234998443,,lOTC,lOTC,2,2,lOTC→lOTC,self,-0.48194277318114725,0.16988750801274927
"A(3,2)",Subj_sub_16,0.105985566777482,0.12566483924458,,lOTC,V1_L,3,2,lOTC→V1_L,between_roi,-0.14031751814189478,0.35228865169685875
"A(4,2)",Subj_sub_16,0.444538245198242,0.128569871293086,,lOTC,IFG_L,4,2,lOTC→IFG_L,between_roi,0.1925412974637934,0.6965351929326906
"A(1,3)",Subj_sub_16,-0.358500086340601,0.118210628121226,,V1_L,vOTC,1,3,V1_L→vOTC,between_roi,-0.5901929174582039,-0.12680725522299804
"A(2,3)",Subj_sub_16,-0.253831813182203,0.117492185130656,,V1_L,lOTC,2,3,V1_L→lOTC,between_roi,-0.48411649603828877,-0.023547130326117244
"A(3,3)",Subj_sub_16,0.227986529523488,0.108330717952449,,V1_L,V1_L,3,3,V1_L→V1_L,self,0.015658322336687958,0.44031473671028803
"A(4,3)",Subj_sub_16,-0.207193952404448,0.0970015967864366,,V1_L,IFG_L,4,3,V1_L→IFG_L,between_roi,-0.3973170821058637,-0.017070822703032257
"A(1,4)",Subj_sub_16,-0.0683722608262008,0.0989520338458236,,IFG_L,vOTC,1,4,IFG_L→vOTC,between_roi,-0.2623182471640151,0.12557372551161344
"A(2,4)",Subj_sub_16,0.101931845106205,0.100357026363903,,IFG_L,lOTC,2,4,IFG_L→lOTC,between_roi,-0.0947679265670449,0.2986316167794549
"A(3,4)",Subj_sub_16,-0.242080743980185,0.0954224135059607,,IFG_L,V1_L,3,4,IFG_L→V1_L,between_roi,-0.42910867445186796,-0.055052813508502024
"A(4,4)",Subj_sub_16,-0.216460359103176,0.133110642748772,,IFG_L,IFG_L,4,4,IFG_L→IFG_L,self,-0.4773572188907691,0.044436500684417096
"A(1,1)",Subj_sub_17,-0.141064977202302,0.201397710313257,,vOTC,vOTC,1,1,vOTC→vOTC,self,-0.5358044894162857,0.25367453501168175
"A(2,1)",Subj_sub_17,0.279507809525611,0.158704669144824,,vOTC,lOTC,2,1,vOTC→lOTC,between_roi,-0.031553341998244055,0.590568961049466
"A(3,1)",Subj_sub_17,0.231891705656526,0.16349587647443,,vOTC,V1_L,3,1,vOTC→V1_L,between_roi,-0.0885602122333568,0.5523436235464088
"A(4,1)",Subj_sub_17,0.413065748341004,0.162900786566269,,vOTC,IFG_L,4,1,vOTC→IFG_L,between_roi,0.0937802066711168,0.7323512900108913
"A(1,2)",Subj_sub_17,-0.0018489987978463,0.174156594721695,,lOTC,vOTC,1,2,lOTC→vOTC,between_roi,-0.34319592445236846,0.3394979268566759
"A(2,2)",Subj_sub_17,0.0322683208705413,0.201722676754708,,lOTC,lOTC,2,2,lOTC→lOTC,self,-0.3631081255686864,0.427644767309769
"A(3,2)",Subj_sub_17,0.0723814516498538,0.171840916324574,,lOTC,V1_L,3,2,lOTC→V1_L,between_roi,-0.2644267443463112,0.40918964764601884
"A(4,2)",Subj_sub_17,-0.245057881899352,0.163199956520063,,lOTC,IFG_L,4,2,lOTC→IFG_L,between_roi,-0.5649297966786755,0.07481403287997149
"A(1,3)",Subj_sub_17,0.468989305490936,0.169319177704988,,V1_L,vOTC,1,3,V1_L→vOTC,between_roi,0.1371237171891595,0.8008548937927125
"A(2,3)",Subj_sub_17,0.398911903946304,0.167349453519424,,V1_L,lOTC,2,3,V1_L→lOTC,between_roi,0.07090697504823296,0.726916832844375
"A(3,3)",Subj_sub_17,-0.260176400653891,0.18648376915159,,V1_L,V1_L,3,3,V1_L→V1_L,self,-0.6256845881910074,0.10533178688322536
"A(4,3)",Subj_sub_17,0.462348403947146,0.157555305928697,,V1_L,IFG_L,4,3,V1_L→IFG_L,between_roi,0.1535400043268999,0.7711568035673921
"A(1,4)",Subj_sub_17,-0.639073830904667,0.160835301206856,,IFG_L,vOTC,1,4,IFG_L→vOTC,between_roi,-0.9543110212701047,-0.3238366405392292
"A(2,4)",Subj_sub_17,-0.577878656323417,0.15423224440491,,IFG_L,lOTC,2,4,IFG_L→lOTC,between_roi,-0.8801738553570406,-0.27558345728979333
"A(3,4)",Subj_sub_17,-0.543735201729286,0.158110789327571,,IFG_L,V1_L,3,4,IFG_L→V1_L,between_roi,-0.8536323488113251,-0.23383805464724688
"A(4,4)",Subj_sub_17,0.605438476487176,0.192263244720103,,IFG_L,IFG_L,4,4,IFG_L→IFG_L,self,0.2286025168357741,0.9822744361385778
"A(1,1)",Subj_sub_19,-0.0732892461746149,0.205352179061736,,vOTC,vOTC,1,1,vOTC→vOTC,self,-0.47577951713561745,0.32920102478638763
"A(2,1)",Subj_sub_19,0.272759810991194,0.165570134235102,,vOTC,lOTC,2,1,vOTC→lOTC,between_roi,-0.05175765210960592,0.5972772740919939
"A(3,1)",Subj_sub_19,0.219704843913733,0.175610921926832,,vOTC,V1_L,3,1,vOTC→V1_L,between_roi,-0.12449256306285775,0.5639022508903238
"A(4,1)",Subj_sub_19,0.231207763932384,0.176305167287828,,vOTC,IFG_L,4,1,vOTC→IFG_L,between_roi,-0.11435036395175888,0.5767658918165268
"A(1,2)",Subj_sub_19,0.291984820758574,0.175001076503322,,lOTC,vOTC,1,2,lOTC→vOTC,between_roi,-0.051017289187937076,0.634986930705085
"A(2,2)",Subj_sub_19,-0.11732883475699,0.20277953117639,,lOTC,lOTC,2,2,lOTC→lOTC,self,-0.5147767158627143,0.28011904634873436
"A(3,2)",Subj_sub_19,0.304074181143459,0.173837683243249,,lOTC,V1_L,3,2,lOTC→V1_L,between_roi,-0.03664767801330898,0.6447960403002271
"A(4,2)",Subj_sub_19,0.21545939214155,0.176813293483396,,lOTC,IFG_L,4,2,lOTC→IFG_L,between_roi,-0.13109466308590614,0.5620134473690062
"A(1,3)",Subj_sub_19,0.0888398978968952,0.185249976876161,,V1_L,vOTC,1,3,V1_L→vOTC,between_roi,-0.2742500567803803,0.45192985257417073
"A(2,3)",Subj_sub_19,0.108160782407059,0.184262439636903,,V1_L,lOTC,2,3,V1_L→lOTC,between_roi,-0.25299359928127085,0.46931516409538887
"A(3,3)",Subj_sub_19,0.0304548581361903,0.200474436231273,,V1_L,V1_L,3,3,V1_L→V1_L,self,-0.36247503687710475,0.42338475314948537
"A(4,3)",Subj_sub_19,-0.0572219069613658,0.172620842399749,,V1_L,IFG_L,4,3,V1_L→IFG_L,between_roi,-0.39555875806487384,0.2811149441421422
"A(1,4)",Subj_sub_19,-0.660014814785155,0.159936409814017,,IFG_L,vOTC,1,4,IFG_L→vOTC,between_roi,-0.9734901780206283,-0.3465394515496817
"A(2,4)",Subj_sub_19,-0.590129471610652,0.15848938340336,,IFG_L,lOTC,2,4,IFG_L→lOTC,between_roi,-0.9007686630812376,-0.2794902801400664
"A(3,4)",Subj_sub_19,-0.577747558379653,0.155209850799065,,IFG_L,V1_L,3,4,IFG_L→V1_L,between_roi,-0.8819588659458204,-0.2735362508134856
"A(4,4)",Subj_sub_19,0.634160530325511,0.1918908434238,,IFG_L,IFG_L,4,4,IFG_L→IFG_L,self,0.258054477214863,1.010266583436159
"A(1,1)",Subj_sub_20,0.188212639941357,0.196619749007257,,vOTC,vOTC,1,1,vOTC→vOTC,self,-0.19716206811286674,0.5735873479955808
"A(2,1)",Subj_sub_20,-0.252203170146345,0.151982553265861,,vOTC,lOTC,2,1,vOTC→lOTC,between_roi,-0.5500889745474326,0.045682634254742505
"A(3,1)",Subj_sub_20,-0.0756897460772082,0.147475015891338,,vOTC,V1_L,3,1,vOTC→V1_L,between_roi,-0.36474077722423065,0.21336128506981428
"A(4,1)",Subj_sub_20,-0.521282326751713,0.131035883305923,,vOTC,IFG_L,4,1,vOTC→IFG_L,between_roi,-0.7781126580313221,-0.26445199547210396
"A(1,2)",Subj_sub_20,0.0534192751140279,0.178920943605442,,lOTC,vOTC,1,2,lOTC→vOTC,between_roi,-0.29726577435263846,0.40410432458069423
"A(2,2)",Subj_sub_20,-0.15171434756846,0.200628512738999,,lOTC,lOTC,2,2,lOTC→lOTC,self,-0.544946232536898,0.24151753739997803
"A(3,2)",Subj_sub_20,0.520281327646421,0.15385252304913,,lOTC,V1_L,3,2,lOTC→V1_L,between_roi,0.21873038247012622,0.8218322728227158
"A(4,2)",Subj_sub_20,0.373922760003971,0.168821055814973,,lOTC,IFG_L,4,2,lOTC→IFG_L,between_roi,0.043033490606623925,0.704812029401318
"A(1,3)",Subj_sub_20,0.322792196905036,0.174837332551973,,V1_L,vOTC,1,3,V1_L→vOTC,between_roi,-0.019888974896831058,0.6654733687069031
"A(2,3)",Subj_sub_20,0.705154032632034,0.164378252022616,,V1_L,lOTC,2,3,V1_L→lOTC,between_roi,0.3829726586677067,1.0273354065963614
"A(3,3)",Subj_sub_20,-0.312125240141233,0.196241140064903,,V1_L,V1_L,3,3,V1_L→V1_L,self,-0.6967578746684429,0.07250739438597692
"A(4,3)",Subj_sub_20,0.423059039591418,0.161747332663301,,V1_L,IFG_L,4,3,V1_L→IFG_L,between_roi,0.10603426757134804,0.740083811611488
"A(1,4)",Subj_sub_20,-0.378026503594748,0.156134448039546,,IFG_L,vOTC,1,4,IFG_L→vOTC,between_roi,-0.684050021752258,-0.07200298543723788
"A(2,4)",Subj_sub_20,-0.582560832842264,0.170592161192213,,IFG_L,lOTC,2,4,IFG_L→lOTC,between_roi,-0.9169214687790015,-0.24820019690552658
"A(3,4)",Subj_sub_20,-0.672422853674908,0.170920191748236,,IFG_L,V1_L,3,4,IFG_L→V1_L,between_roi,-1.0074264295014506,-0.3374192778483654
"A(4,4)",Subj_sub_20,0.124852010557008,0.20291373677164,,IFG_L,IFG_L,4,4,IFG_L→IFG_L,self,-0.2728589135154064,0.5225629346294224
"A(1,1)",Subj_sub_21,0.216162174705428,0.190871528259161,,vOTC,vOTC,1,1,vOTC→vOTC,self,-0.15794602068252758,0.5902703700933836
"A(2,1)",Subj_sub_21,-0.346234121371764,0.14610620143003,,vOTC,lOTC,2,1,vOTC→lOTC,between_roi,-0.6326022761746228,-0.05986596656890519
"A(3,1)",Subj_sub_21,-0.298662368477186,0.146989406956039,,vOTC,V1_L,3,1,vOTC→V1_L,between_roi,-0.5867616061110225,-0.010563130843349589
"A(4,1)",Subj_sub_21,-0.433198073270871,0.124911308867586,,vOTC,IFG_L,4,1,vOTC→IFG_L,between_roi,-0.6780242386513395,-0.18837190789040245
"A(1,2)",Subj_sub_21,0.283612667191002,0.17968515700671,,lOTC,vOTC,1,2,lOTC→vOTC,between_roi,-0.06857024054214961,0.6357955749241535
"A(2,2)",Subj_sub_21,-0.246360463254353,0.203835566346643,,lOTC,lOTC,2,2,lOTC→lOTC,self,-0.6458781732937733,0.15315724678506726
"A(3,2)",Subj_sub_21,0.796078426390712,0.152294757645177,,lOTC,V1_L,3,2,lOTC→V1_L,between_roi,0.4975807014061651,1.094576151375259
"A(4,2)",Subj_sub_21,0.453090994012764,0.1733698686226,,lOTC,IFG_L,4,2,lOTC→IFG_L,between_roi,0.11328605151246796,0.79289593651306
"A(1,3)",Subj_sub_21,0.449683325936067,0.17524433556633,,V1_L,vOTC,1,3,V1_L→vOTC,between_roi,0.10620442822606019,0.7931622236460738
"A(2,3)",Subj_sub_21,0.826257974423496,0.160904150858161,,V1_L,lOTC,2,3,V1_L→lOTC,between_roi,0.5108858387415005,1.1416301101054915
"A(3,3)",Subj_sub_21,-0.300986550241315,0.198473455323766,,V1_L,V1_L,3,3,V1_L→V1_L,self,-0.6899945226758963,0.08802142219326636
"A(4,3)",Subj_sub_21,0.533495836724872,0.160855684891536,,V1_L,IFG_L,4,3,V1_L→IFG_L,between_roi,0.21821869433746144,0.8487729791122826
"A(1,4)",Subj_sub_21,-0.635786152381356,0.136857869634905,,IFG_L,vOTC,1,4,IFG_L→vOTC,between_roi,-0.9040275768657698,-0.36754472789694226
"A(2,4)",Subj_sub_21,-0.569494867637166,0.148858945818176,,IFG_L,lOTC,2,4,IFG_L→lOTC,between_roi,-0.8612584014407909,-0.277731333833541
"A(3,4)",Subj_sub_21,-0.612147562819015,0.140330305601409,,IFG_L,V1_L,3,4,IFG_L→V1_L,between_roi,-0.8871949617977766,-0.3371001638402533
"A(4,4)",Subj_sub_21,0.540997370645573,0.177475826314887,,IFG_L,IFG_L,4,4,IFG_L→IFG_L,self,0.1931447510683944,0.8888499902227516
"A(1,1)",Subj_sub_22,0.138998445898236,0.204731507617263,,vOTC,vOTC,1,1,vOTC→vOTC,self,-0.26227530903159946,0.5402722008280715
"A(2,1)",Subj_sub_22,-0.167009454047802,0.17113838975362,,vOTC,lOTC,2,1,vOTC→lOTC,between_roi,-0.5024406979648972,0.16842178986929324
"A(3,1)",Subj_sub_22,-0.0352134678490865,0.172707383451707,,vOTC,V1_L,3,1,vOTC→V1_L,between_roi,-0.3737199394144322,0.30329300371625917
"A(4,1)",Subj_sub_22,-0.315714260296515,0.159744073926846,,vOTC,IFG_L,4,1,vOTC→IFG_L,between_roi,-0.6288126451931332,-0.0026158753998968276
"A(1,2)",Subj_sub_22,0.0975841788799117,0.191158661631265,,lOTC,vOTC,1,2,lOTC→vOTC,between_roi,-0.2770867979173677,0.4722551556771911
"A(2,2)",Subj_sub_22,-0.0706717538703177,0.206226421590364,,lOTC,lOTC,2,2,lOTC→lOTC,self,-0.47487554018743117,0.33353203244679575
"A(3,2)",Subj_sub_22,0.391670561093111,0.175686580198031,,lOTC,V1_L,3,2,lOTC→V1_L,between_roi,0.04732486390497026,0.7360162582812517
"A(4,2)",Subj_sub_22,0.223571473080832,0.186662302896384,,lOTC,IFG_L,4,2,lOTC→IFG_L,between_roi,-0.14228664059608062,0.5894295867577446
"A(1,3)",Subj_sub_22,0.312156835734098,0.188867112189167,,V1_L,vOTC,1,3,V1_L→vOTC,between_roi,-0.05802270415666927,0.6823363756248653
"A(2,3)",Subj_sub_22,0.421902630710872,0.180501808254578,,V1_L,lOTC,2,3,V1_L→lOTC,between_roi,0.06811908653189908,0.7756861748898449
"A(3,3)",Subj_sub_22,-0.174266199420692,0.200981310898349,,V1_L,V1_L,3,3,V1_L→V1_L,self,-0.568189568781456,0.21965716994007206
"A(4,3)",Subj_sub_22,0.358048950574773,0.172928388241352,,V1_L,IFG_L,4,3,V1_L→IFG_L,between_roi,0.019109309621723025,0.6969885915278229
"A(1,4)",Subj_sub_22,-0.558945267787166,0.16985141219192,,IFG_L,vOTC,1,4,IFG_L→vOTC,between_roi,-0.8918540356833292,-0.22603649989100283
"A(2,4)",Subj_sub_22,-0.533984647477999,0.174180064343233,,IFG_L,lOTC,2,4,IFG_L→lOTC,between_roi,-0.8753775735907356,-0.19259172136526237
"A(3,4)",Subj_sub_22,-0.563994227661304,0.169845035467872,,IFG_L,V1_L,3,4,IFG_L→V1_L,between_roi,-0.8968904971783331,-0.23109795814427492
"A(4,4)",Subj_sub_22,0.358839897016794,0.198848175213782,,IFG_L,IFG_L,4,4,IFG_L→IFG_L,self,-0.030902526402218744,0.7485823204358066
"A(1,1)",Subj_sub_23,-0.159936995989486,0.182682651596952,,vOTC,vOTC,1,1,vOTC→vOTC,self,-0.5179949931195119,0.1981210011405399
"A(2,1)",Subj_sub_23,0.200449170244275,0.116414932502924,,vOTC,lOTC,2,1,vOTC→lOTC,between_roi,-0.027724097461456043,0.42862243795000604
"A(3,1)",Subj_sub_23,0.0752808744290324,0.129295283915459,,vOTC,V1_L,3,1,vOTC→V1_L,between_roi,-0.1781378820452672,0.32869963090333204
"A(4,1)",Subj_sub_23,0.131307735050786,0.1332085967959,,vOTC,IFG_L,4,1,vOTC→IFG_L,between_roi,-0.129781114669178,0.39239658477075
"A(1,2)",Subj_sub_23,0.219206680626321,0.13586300099232,,lOTC,vOTC,1,2,lOTC→vOTC,between_roi,-0.04708480131862616,0.4854981625712682
"A(2,2)",Subj_sub_23,0.0661710972546309,0.174600909555326,,lOTC,lOTC,2,2,lOTC→lOTC,self,-0.27604668547380806,0.40838887998306983
"A(3,2)",Subj_sub_23,0.078634309644103,0.13153166836968,,lOTC,V1_L,3,2,lOTC→V1_L,between_roi,-0.17916776036046977,0.3364363796486758
"A(4,2)",Subj_sub_23,0.298631172351188,0.137760150324254,,lOTC,IFG_L,4,2,lOTC→IFG_L,between_roi,0.02862127771565015,0.5686410669867259
"A(1,3)",Subj_sub_23,-0.188283421402592,0.128355804464406,,V1_L,vOTC,1,3,V1_L→vOTC,between_roi,-0.43986079815282775,0.06329395534764379
"A(2,3)",Subj_sub_23,-0.230041308364066,0.126986199250159,,V1_L,lOTC,2,3,V1_L→lOTC,between_roi,-0.47893425889437763,0.01885164216624563
"A(3,3)",Subj_sub_23,-0.248437382732593,0.135044635631459,,V1_L,V1_L,3,3,V1_L→V1_L,self,-0.5131248685702526,0.01625010310506661
"A(4,3)",Subj_sub_23,-0.498433641863398,0.105373228965515,,V1_L,IFG_L,4,3,V1_L→IFG_L,between_roi,-0.7049651706358074,-0.29190211309098857
"A(1,4)",Subj_sub_23,-0.422393071726983,0.105412654289558,,IFG_L,vOTC,1,4,IFG_L→vOTC,between_roi,-0.6290018741345167,-0.2157842693194493
"A(2,4)",Subj_sub_23,-0.339225748145695,0.105678574144665,,IFG_L,lOTC,2,4,IFG_L→lOTC,between_roi,-0.5463557534692384,-0.1320957428221516
"A(3,4)",Subj_sub_23,-0.388288573781432,0.0854097680534726,,IFG_L,V1_L,3,4,IFG_L→V1_L,between_roi,-0.5556917191662383,-0.2208854283966257
"A(4,4)",Subj_sub_23,-0.419032601532745,0.141228792346946,,IFG_L,IFG_L,4,4,IFG_L→IFG_L,self,-0.6958410345327591,-0.1422241685327309
"A(1,1)",Subj_sub_24,0.111766064458086,0.174900174531762,,vOTC,vOTC,1,1,vOTC→vOTC,self,-0.23103827762416745,0.4545704065403395
"A(2,1)",Subj_sub_24,-0.221248585792318,0.111785515163273,,vOTC,lOTC,2,1,vOTC→lOTC,between_roi,-0.44034819551233306,-0.0021489760723029105
"A(3,1)",Subj_sub_24,-0.151249814667392,0.122854634896091,,vOTC,V1_L,3,1,vOTC→V1_L,between_roi,-0.39204489906373036,0.08954526972894633
"A(4,1)",Subj_sub_24,-0.165485493816422,0.124432319220306,,vOTC,IFG_L,4,1,vOTC→IFG_L,between_roi,-0.4093728394882218,0.07840185185537776
"A(1,2)",Subj_sub_24,-0.151934590491829,0.136796955788271,,lOTC,vOTC,1,2,lOTC→vOTC,between_roi,-0.42005662383684017,0.11618744285318217
"A(2,2)",Subj_sub_24,-0.0032917663285781,0.164585755454654,,lOTC,lOTC,2,2,lOTC→lOTC,self,-0.3258798470196999,0.31929631436254374
"A(3,2)",Subj_sub_24,0.0882945818262928,0.124649345087482,,lOTC,V1_L,3,2,lOTC→V1_L,between_roi,-0.15601813454517194,0.33260729819775753
"A(4,2)",Subj_sub_24,-0.0167282186335686,0.134156024769587,,lOTC,IFG_L,4,2,lOTC→IFG_L,between_roi,-0.2796740271819591,0.2462175899148219
"A(1,3)",Subj_sub_24,-0.0040523913634801,0.132621623150611,,V1_L,vOTC,1,3,V1_L→vOTC,between_roi,-0.26399077273867766,0.2558859900117174
"A(2,3)",Subj_sub_24,-0.0038277067612976,0.127045489096915,,V1_L,lOTC,2,3,V1_L→lOTC,between_roi,-0.252836865391251,0.24518145186865578
"A(3,3)",Subj_sub_24,0.115038366962065,0.11753083484047,,V1_L,V1_L,3,3,V1_L→V1_L,self,-0.1153220693252562,0.3453988032493862
"A(4,3)",Subj_sub_24,0.0042073096469332,0.110275986421958,,V1_L,IFG_L,4,3,V1_L→IFG_L,between_roi,-0.2119336237401045,0.22034824303397088
"A(1,4)",Subj_sub_24,-0.0661382440073676,0.0976586689190427,,IFG_L,vOTC,1,4,IFG_L→vOTC,between_roi,-0.25754923508869126,0.12527274707395608
"A(2,4)",Subj_sub_24,-0.100442112641657,0.0992703409058845,,IFG_L,lOTC,2,4,IFG_L→lOTC,between_roi,-0.2950119808171906,0.09412775553387662
"A(3,4)",Subj_sub_24,-0.131081455094725,0.0925475768393354,,IFG_L,V1_L,3,4,IFG_L→V1_L,between_roi,-0.3124747056998224,0.050311795510372376
"A(4,4)",Subj_sub_24,-0.0682844285090437,0.128353187888176,,IFG_L,IFG_L,4,4,IFG_L→IFG_L,self,-0.3198566767698687,0.18328781975178127
"A(1,1)",Subj_sub_25,0.0956522586098409,0.177249300630211,,vOTC,vOTC,1,1,vOTC→vOTC,self,-0.25175637062537265,0.44306088784505443
"A(2,1)",Subj_sub_25,-0.267779332545794,0.116426880831827,,vOTC,lOTC,2,1,vOTC→lOTC,between_roi,-0.49597601897617494,-0.03958264611541307
"A(3,1)",Subj_sub_25,0.01381738154682,0.125498252721957,,vOTC,V1_L,3,1,vOTC→V1_L,between_roi,-0.23215919378821573,0.25979395688185575
"A(4,1)",Subj_sub_25,-0.399416573895388,0.124659567827003,,vOTC,IFG_L,4,1,vOTC→IFG_L,between_roi,-0.6437493268363139,-0.1550838209544621
"A(1,2)",Subj_sub_25,0.151793679596267,0.134666003012489,,lOTC,vOTC,1,2,lOTC→vOTC,between_roi,-0.11215168630821143,0.4157390455007454
"A(2,2)",Subj_sub_25,-0.301814888923664,0.160158519709261,,lOTC,lOTC,2,2,lOTC→lOTC,self,-0.6157255875538156,0.012095809706487604
"A(3,2)",Subj_sub_25,0.229096331671379,0.122297187531791,,lOTC,V1_L,3,2,lOTC→V1_L,between_roi,-0.010606155890931362,0.4687988192336894
"A(4,2)",Subj_sub_25,0.216408948759389,0.125914283677677,,lOTC,IFG_L,4,2,lOTC→IFG_L,between_roi,-0.03038304724885793,0.46320094476763596
"A(1,3)",Subj_sub_25,-0.0769404588285593,0.127711325576675,,V1_L,vOTC,1,3,V1_L→vOTC,between_roi,-0.32725465695884226,0.1733737393017237
"A(2,3)",Subj_sub_25,0.0632609512386597,0.122313077474137,,V1_L,lOTC,2,3,V1_L→lOTC,between_roi,-0.1764726806106488,0.30299458308796823
"A(3,3)",Subj_sub_25,0.146068858167597,0.127536860060354,,V1_L,V1_L,3,3,V1_L→V1_L,self,-0.10390338755069686,0.39604110388589087
"A(4,3)",Subj_sub_25,-0.0896138038247064,0.108495018583564,,V1_L,IFG_L,4,3,V1_L→IFG_L,between_roi,-0.30226404024849185,0.12303643259907904
"A(1,4)",Subj_sub_25,-0.0777108114883237,0.0984209161165354,,IFG_L,vOTC,1,4,IFG_L→vOTC,between_roi,-0.2706158070767331,0.1151941841000857
"A(2,4)",Subj_sub_25,-0.0793846300345564,0.0987045294942686,,IFG_L,lOTC,2,4,IFG_L→lOTC,between_roi,-0.27284550784332284,0.11407624777421005
"A(3,4)",Subj_sub_25,-0.199489502497409,0.0950831773026363,,IFG_L,V1_L,3,4,IFG_L→V1_L,between_roi,-0.3858525300105761,-0.013126474984241854
"A(4,4)",Subj_sub_25,-0.415637325064803,0.130537139078329,,IFG_L,IFG_L,4,4,IFG_L→IFG_L,self,-0.6714901176583279,-0.15978453247127816
"A(1,1)",Subj_sub_26,-0.0954254720461595,0.169824061872984,,vOTC,vOTC,1,1,vOTC→vOTC,self,-0.4282806333172081,0.23742968922488913
"A(2,1)",Subj_sub_26,-0.168146075271112,0.106547414604305,,vOTC,lOTC,2,1,vOTC→lOTC,between_roi,-0.37697900789554983,0.040686857353325806
"A(3,1)",Subj_sub_26,-0.0915136050134338,0.120988284090781,,vOTC,V1_L,3,1,vOTC→V1_L,between_roi,-0.32865064183136455,0.14562343180449694
"A(4,1)",Subj_sub_26,-0.0636048286668853,0.120499079366827,,vOTC,IFG_L,4,1,vOTC→IFG_L,between_roi,-0.2997830242258662,0.1725733668920956
"A(1,2)",Subj_sub_26,-0.227131980816095,0.130136980570459,,lOTC,vOTC,1,2,lOTC→vOTC,between_roi,-0.4822004627341946,0.0279365011020046
"A(2,2)",Subj_sub_26,-0.0677172681436359,0.165084689378145,,lOTC,lOTC,2,2,lOTC→lOTC,self,-0.3912832593248001,0.25584872303752826
"A(3,2)",Subj_sub_26,-0.0903585131502564,0.121614706607693,,lOTC,V1_L,3,2,lOTC→V1_L,between_roi,-0.3287233381013347,0.14800631180082185
"A(4,2)",Subj_sub_26,-0.0128422370534537,0.12937141443043,,lOTC,IFG_L,4,2,lOTC→IFG_L,between_roi,-0.26641020933709647,0.24072573523018906
"A(1,3)",Subj_sub_26,0.206166790732094,0.124014455575597,,V1_L,vOTC,1,3,V1_L→vOTC,between_roi,-0.03690154219607611,0.44923512366026414
"A(2,3)",Subj_sub_26,0.200888397892902,0.123008766596364,,V1_L,lOTC,2,3,V1_L→lOTC,between_roi,-0.04020878463597144,0.44198558042177544
"A(3,3)",Subj_sub_26,-0.0759830387097368,0.107661241068185,,V1_L,V1_L,3,3,V1_L→V1_L,self,-0.2869990712033794,0.1350329937839058
"A(4,3)",Subj_sub_26,0.0701033591098268,0.102229122400244,,V1_L,IFG_L,4,3,V1_L→IFG_L,between_roi,-0.13026572079465143,0.270472439014305
"A(1,4)",Subj_sub_26,-0.0990511285775517,0.0967566024334301,,IFG_L,vOTC,1,4,IFG_L→vOTC,between_roi,-0.2886940693470747,0.09059181219197128
"A(2,4)",Subj_sub_26,-0.119835313797408,0.0974452028603821,,IFG_L,lOTC,2,4,IFG_L→lOTC,between_roi,-0.3108279114037569,0.0711572838089409
"A(3,4)",Subj_sub_26,-0.16168225283165,0.0907678665619391,,IFG_L,V1_L,3,4,IFG_L→V1_L,between_roi,-0.3395872712930506,0.016222765629750613
"A(4,4)",Subj_sub_26,-0.125912946184389,0.126570623250781,,IFG_L,IFG_L,4,4,IFG_L→IFG_L,self,-0.3739913677559198,0.12216547538714176
"A(1,1)",Subj_sub_27,-0.114171751340688,0.169898936583096,,vOTC,vOTC,1,1,vOTC→vOTC,self,-0.4471736670435561,0.21883016436218014
"A(2,1)",Subj_sub_27,-0.0974340017684926,0.108656277735028,,vOTC,lOTC,2,1,vOTC→lOTC,between_roi,-0.3104003061291475,0.1155323025921623
"A(3,1)",Subj_sub_27,0.238512725029623,0.114974796481721,,vOTC,V1_L,3,1,vOTC→V1_L,between_roi,0.013162123925449853,0.46386332613379616
"A(4,1)",Subj_sub_27,0.142521001170968,0.116582324783753,,vOTC,IFG_L,4,1,vOTC→IFG_L,between_roi,-0.08598035540518786,0.3710223577471239
"A(1,2)",Subj_sub_27,-0.29570836396464,0.129153800013893,,lOTC,vOTC,1,2,lOTC→vOTC,between_roi,-0.5488498119918703,-0.04256691593740969
"A(2,2)",Subj_sub_27,0.161257561596626,0.157011621596594,,lOTC,lOTC,2,2,lOTC→lOTC,self,-0.14648521673269824,0.46900033992595025
"A(3,2)",Subj_sub_27,-0.218114537401879,0.111923073420078,,lOTC,V1_L,3,2,lOTC→V1_L,between_roi,-0.43748376130523187,0.0012546865014738673
"A(4,2)",Subj_sub_27,-0.222661416799313,0.11988816236329,,lOTC,IFG_L,4,2,lOTC→IFG_L,between_roi,-0.4576422150313614,0.012319381432735393
"A(1,3)",Subj_sub_27,0.407752362418061,0.128167115854725,,V1_L,vOTC,1,3,V1_L→vOTC,between_roi,0.15654481534280001,0.6589599094933221
"A(2,3)",Subj_sub_27,0.189000343993859,0.12840015296458,,V1_L,lOTC,2,3,V1_L→lOTC,between_roi,-0.06266395581671774,0.44066464380443576
"A(3,3)",Subj_sub_27,-0.000868663452287,0.110694616049813,,V1_L,V1_L,3,3,V1_L→V1_L,self,-0.21783011090992047,0.21609278400534646
"A(4,3)",Subj_sub_27,0.177307210912752,0.105917930569721,,V1_L,IFG_L,4,3,V1_L→IFG_L,between_roi,-0.03029193300390115,0.38490635482940516
"A(1,4)",Subj_sub_27,-0.188665743385052,0.100617304594354,,IFG_L,vOTC,1,4,IFG_L→vOTC,between_roi,-0.38587566038998583,0.008544173619881856
"A(2,4)",Subj_sub_27,-0.10552953094483,0.0996535040774631,,IFG_L,lOTC,2,4,IFG_L→lOTC,between_roi,-0.30085039893665766,0.08979133704699765
"A(3,4)",Subj_sub_27,-0.327235485118957,0.0962500561096391,,IFG_L,V1_L,3,4,IFG_L→V1_L,between_roi,-0.5158855950938497,-0.13858537514406435
"A(4,4)",Subj_sub_27,0.0226653540808874,0.136078274722045,,IFG_L,IFG_L,4,4,IFG_L→IFG_L,self,-0.24404806437432078,0.28937877253609556
"A(1,1)",Subj_sub_28,-0.177217667763314,0.179690543645693,,vOTC,vOTC,1,1,vOTC→vOTC,self,-0.5294111333088722,0.1749757977822443
"A(2,1)",Subj_sub_28,-0.0529720222170183,0.112571508339816,,vOTC,lOTC,2,1,vOTC→lOTC,between_roi,-0.27361217856305764,0.16766813412902104
"A(3,1)",Subj_sub_28,-0.0177969211234849,0.131802919125497,,vOTC,V1_L,3,1,vOTC→V1_L,between_roi,-0.276130642609459,0.2405368003624892
"A(4,1)",Subj_sub_28,0.0066267367513518,0.130450474794399,,vOTC,IFG_L,4,1,vOTC→IFG_L,between_roi,-0.2490561938456702,0.2623096673483738
"A(1,2)",Subj_sub_28,-0.0042280006871916,0.134466668540674,,lOTC,vOTC,1,2,lOTC→vOTC,between_roi,-0.2677826710269126,0.25932666965252943
"A(2,2)",Subj_sub_28,-0.0660662041706172,0.171479773227654,,lOTC,lOTC,2,2,lOTC→lOTC,self,-0.4021665596968191,0.2700341513555847
"A(3,2)",Subj_sub_28,0.0618974755932545,0.128771909912781,,lOTC,V1_L,3,2,lOTC→V1_L,between_roi,-0.19049546783579627,0.31429041902230526
"A(4,2)",Subj_sub_28,0.0720259135841558,0.137402308512792,,lOTC,IFG_L,4,2,lOTC→IFG_L,between_roi,-0.19728261110091652,0.34133443826922816
"A(1,3)",Subj_sub_28,-0.175640155818681,0.132685134103582,,V1_L,vOTC,1,3,V1_L→vOTC,between_roi,-0.4357030186617017,0.08442270702433971
"A(2,3)",Subj_sub_28,-0.102357078097335,0.127959009362556,,V1_L,lOTC,2,3,V1_L→lOTC,between_roi,-0.35315673644794476,0.14844258025327473
"A(3,3)",Subj_sub_28,0.178833263653145,0.113920761126771,,V1_L,V1_L,3,3,V1_L→V1_L,self,-0.044451428155326156,0.40211795546161616
"A(4,3)",Subj_sub_28,-0.0642750942909286,0.109095564112911,,V1_L,IFG_L,4,3,V1_L→IFG_L,between_roi,-0.2781023999522342,0.14955221137037694
"A(1,4)",Subj_sub_28,-0.203861148301249,0.0996798644571179,,IFG_L,vOTC,1,4,IFG_L→vOTC,between_roi,-0.39923368263720005,-0.008488613965297903
"A(2,4)",Subj_sub_28,-0.221144326634858,0.101648850770441,,IFG_L,lOTC,2,4,IFG_L→lOTC,between_roi,-0.4203760741449224,-0.021912579124793635
"A(3,4)",Subj_sub_28,-0.188303377794842,0.0956233201470243,,IFG_L,V1_L,3,4,IFG_L→V1_L,between_roi,-0.37572508528300963,-0.0008816703066743814
"A(4,4)",Subj_sub_28,0.0013296697291675,0.13591744872269,,IFG_L,IFG_L,4,4,IFG_L→IFG_L,self,-0.2650685297673049,0.26772786922563985
"A(1,1)",Subj_sub_29,0.538833104098246,0.171568080861195,,vOTC,vOTC,1,1,vOTC→vOTC,self,0.20255966561030386,0.8751065425861881
"A(2,1)",Subj_sub_29,-0.550202510212567,0.132988376730417,,vOTC,lOTC,2,1,vOTC→lOTC,between_roi,-0.8108597286041843,-0.28954529182094974
"A(3,1)",Subj_sub_29,-0.358425323830907,0.134232241925402,,vOTC,V1_L,3,1,vOTC→V1_L,between_roi,-0.621520518004695,-0.09533012965711912
"A(4,1)",Subj_sub_29,-0.486673434786239,0.128439753991986,,vOTC,IFG_L,4,1,vOTC→IFG_L,between_roi,-0.7384153526105315,-0.23493151696194642
"A(1,2)",Subj_sub_29,0.157087920483415,0.183707972269197,,lOTC,vOTC,1,2,lOTC→vOTC,between_roi,-0.20297970516421113,0.5171555461310411
"A(2,2)",Subj_sub_29,-0.138053840616052,0.204836078156086,,lOTC,lOTC,2,2,lOTC→lOTC,self,-0.5395325538019806,0.26342487256987657
"A(3,2)",Subj_sub_29,0.493331245476912,0.169232928349212,,lOTC,V1_L,3,2,lOTC→V1_L,between_roi,0.1616347059124565,0.8250277850413674
"A(4,2)",Subj_sub_29,0.297969850036551,0.178593783847588,,lOTC,IFG_L,4,2,lOTC→IFG_L,between_roi,-0.05207396630472144,0.6480136663778235
"A(1,3)",Subj_sub_29,0.328787693071917,0.184620094021798,,V1_L,vOTC,1,3,V1_L→vOTC,between_roi,-0.03306769121080705,0.690643077354641
"A(2,3)",Subj_sub_29,0.487778910873487,0.175359920076333,,V1_L,lOTC,2,3,V1_L→lOTC,between_roi,0.14407346752387434,0.8314843542230996
"A(3,3)",Subj_sub_29,-0.176772248291869,0.200300643638581,,V1_L,V1_L,3,3,V1_L→V1_L,self,-0.5693615098234877,0.21581701323974972
"A(4,3)",Subj_sub_29,0.349885195100844,0.173499483420082,,V1_L,IFG_L,4,3,V1_L→IFG_L,between_roi,0.00982620759748326,0.6899441826042048
"A(1,4)",Subj_sub_29,-0.308663502056519,0.152301261247456,,IFG_L,vOTC,1,4,IFG_L→vOTC,between_roi,-0.6071739741015327,-0.010153030011505249
"A(2,4)",Subj_sub_29,-0.162040620357489,0.148077253343452,,IFG_L,lOTC,2,4,IFG_L→lOTC,between_roi,-0.45227203691065493,0.12819079619567691
"A(3,4)",Subj_sub_29,-0.261227300250428,0.141301749839936,,IFG_L,V1_L,3,4,IFG_L→V1_L,between_roi,-0.5381787299367025,0.0157241294358465
"A(4,4)",Subj_sub_29,0.136310513301214,0.183544491414469,,IFG_L,IFG_L,4,4,IFG_L→IFG_L,self,-0.2234366898711452,0.4960577164735732
"A(1,1)",Subj_sub_30,-0.546012435225013,0.200562748199426,,vOTC,vOTC,1,1,vOTC→vOTC,self,-0.9391154216958879,-0.15290944875413803
"A(2,1)",Subj_sub_30,0.677894493343997,0.156693587472438,,vOTC,lOTC,2,1,vOTC→lOTC,between_roi,0.3707750618980185,0.9850139247899754
"A(3,1)",Subj_sub_30,0.0853380251685115,0.168326137509802,,vOTC,V1_L,3,1,vOTC→V1_L,between_roi,-0.24458120435070038,0.41525725468772334
"A(4,1)",Subj_sub_30,0.403716587068348,0.167177990116069,,vOTC,IFG_L,4,1,vOTC→IFG_L,between_roi,0.07604772644085278,0.7313854476958432
"A(1,2)",Subj_sub_30,0.647427085386228,0.1718281989452,,lOTC,vOTC,1,2,lOTC→vOTC,between_roi,0.31064381545363595,0.98421035531882
"A(2,2)",Subj_sub_30,-0.493980412010873,0.200870193567889,,lOTC,lOTC,2,2,lOTC→lOTC,self,-0.8876859914039354,-0.10027483261781062
"A(3,2)",Subj_sub_30,0.168678874483272,0.174773529237684,,lOTC,V1_L,3,2,lOTC→V1_L,between_roi,-0.1738772428225886,0.5112349917891326
"A(4,2)",Subj_sub_30,0.396948638337966,0.176059634508196,,lOTC,IFG_L,4,2,lOTC→IFG_L,between_roi,0.05187175470190186,0.7420255219740302
"A(1,3)",Subj_sub_30,-0.332095075578562,0.147723901882194,,V1_L,vOTC,1,3,V1_L→vOTC,between_roi,-0.6216339232676622,-0.04255622788946173
"A(2,3)",Subj_sub_30,-0.336545405703735,0.148896937782346,,V1_L,lOTC,2,3,V1_L→lOTC,between_roi,-0.6283834037571332,-0.04470740765033682
"A(3,3)",Subj_sub_30,-0.0518125289225874,0.146980018994365,,V1_L,V1_L,3,3,V1_L→V1_L,self,-0.3398933661515428,0.236268308306368
"A(4,3)",Subj_sub_30,-0.536359059396804,0.131426043709749,,V1_L,IFG_L,4,3,V1_L→IFG_L,between_roi,-0.793954105067912,-0.2787640137256959
"A(1,4)",Subj_sub_30,-0.62034850071101,0.15265773236652,,IFG_L,vOTC,1,4,IFG_L→vOTC,between_roi,-0.9195576561493892,-0.3211393452726308
"A(2,4)",Subj_sub_30,-0.64390495556986,0.1526940321187,,IFG_L,lOTC,2,4,IFG_L→lOTC,between_roi,-0.943185258522512,-0.34462465261720804
"A(3,4)",Subj_sub_30,-0.243545833910868,0.137055615097628,,IFG_L,V1_L,3,4,IFG_L→V1_L,between_roi,-0.5121748395022189,0.02508317168048288
"A(4,4)",Subj_sub_30,0.21656668000617,0.196174127357294,,IFG_L,IFG_L,4,4,IFG_L→IFG_L,self,-0.16793460961412623,0.6010679696264662
"A(1,1)",Subj_sub_31,0.0217649928920747,0.205777723510276,,vOTC,vOTC,1,1,vOTC→vOTC,self,-0.3815593451880663,0.42508933097221563
"A(2,1)",Subj_sub_31,-0.0186553726623735,0.172853982916591,,vOTC,lOTC,2,1,vOTC→lOTC,between_roi,-0.3574491791788918,0.3201384338541448
"A(3,1)",Subj_sub_31,0.110498364877892,0.175467115309576,,vOTC,V1_L,3,1,vOTC→V1_L,between_roi,-0.233417181128877,0.454413910884661
"A(4,1)",Subj_sub_31,0.0355471073537629,0.160519176558941,,vOTC,IFG_L,4,1,vOTC→IFG_L,between_roi,-0.2790704787017614,0.35016469340928724
"A(1,2)",Subj_sub_31,-0.137734310104031,0.170320422569141,,lOTC,vOTC,1,2,lOTC→vOTC,between_roi,-0.4715623383395474,0.19609371813148538
"A(2,2)",Subj_sub_31,-0.0381674223731777,0.197869743033171,,lOTC,lOTC,2,2,lOTC→lOTC,self,-0.42599211871819287,0.34965727397183743
"A(3,2)",Subj_sub_31,0.141393639565628,0.14680331640021,,lOTC,V1_L,3,2,lOTC→V1_L,between_roi,-0.1463408605787836,0.4291281397100396
"A(4,2)",Subj_sub_31,-0.194449298643563,0.163114723905327,,lOTC,IFG_L,4,2,lOTC→IFG_L,between_roi,-0.5141541574980039,0.1252555602108779
"A(1,3)",Subj_sub_31,0.331895290955381,0.183008995054464,,V1_L,vOTC,1,3,V1_L→vOTC,between_roi,-0.026802339351368443,0.6905929212621305
"A(2,3)",Subj_sub_31,0.377280963507687,0.170695902732663,,V1_L,lOTC,2,3,V1_L→lOTC,between_roi,0.04271699415166752,0.7118449328637064
"A(3,3)",Subj_sub_31,-0.121387006549291,0.199772342832788,,V1_L,V1_L,3,3,V1_L→V1_L,self,-0.5129407985015555,0.27016678540297345
"A(4,3)",Subj_sub_31,0.370119019570484,0.17281978088557,,V1_L,IFG_L,4,3,V1_L→IFG_L,between_roi,0.031392249034766784,0.7088457901062012
"A(1,4)",Subj_sub_31,-0.323143423790838,0.145071446683856,,IFG_L,vOTC,1,4,IFG_L→vOTC,between_roi,-0.6074834592911957,-0.038803388290480245
"A(2,4)",Subj_sub_31,-0.560321528487226,0.150850030225238,,IFG_L,lOTC,2,4,IFG_L→lOTC,between_roi,-0.8559875877286924,-0.2646554692457596
"A(3,4)",Subj_sub_31,-0.443176051219667,0.146748792386328,,IFG_L,V1_L,3,4,IFG_L→V1_L,between_roi,-0.7308036842968699,-0.15554841814246417
"A(4,4)",Subj_sub_31,0.270883137048938,0.176853364561575,,IFG_L,IFG_L,4,4,IFG_L→IFG_L,self,-0.07574945749174894,0.6175157315896249
"A(1,1)",Subj_sub_32,0.0911316910808633,0.205987884089748,,vOTC,vOTC,1,1,vOTC→vOTC,self,-0.3126045617350428,0.49486794389676936
"A(2,1)",Subj_sub_32,-0.0985840608446893,0.172083603697777,,vOTC,lOTC,2,1,vOTC→lOTC,between_roi,-0.4358679240923322,0.23869980240295363
"A(3,1)",Subj_sub_32,0.0948283589094138,0.171968399371119,,vOTC,V1_L,3,1,vOTC→V1_L,between_roi,-0.2422297038579794,0.431886421676807
"A(4,1)",Subj_sub_32,-0.123588210393202,0.172736763157551,,vOTC,IFG_L,4,1,vOTC→IFG_L,between_roi,-0.46215226618200195,0.21497584539559794
"A(1,2)",Subj_sub_32,-0.0128776526128885,0.184434901734491,,lOTC,vOTC,1,2,lOTC→vOTC,between_roi,-0.37437006001249085,0.3486147547867139
"A(2,2)",Subj_sub_32,-0.0034268251030567,0.205058248174692,,lOTC,lOTC,2,2,lOTC→lOTC,self,-0.40534099152545305,0.39848734131933966
"A(3,2)",Subj_sub_32,0.282550957239441,0.176123257389661,,lOTC,V1_L,3,2,lOTC→V1_L,between_roi,-0.06265062724429454,0.6277525417231766
"A(4,2)",Subj_sub_32,0.0410629138888191,0.178967538026277,,lOTC,IFG_L,4,2,lOTC→IFG_L,between_roi,-0.3097134606426838,0.391839288420322
"A(1,3)",Subj_sub_32,0.570993426160236,0.167213136133779,,V1_L,vOTC,1,3,V1_L→vOTC,between_roi,0.2432556793380291,0.8987311729824428
"A(2,3)",Subj_sub_32,0.506412162984356,0.164214843106112,,V1_L,lOTC,2,3,V1_L→lOTC,between_roi,0.18455107049637648,0.8282732554723355
"A(3,3)",Subj_sub_32,-0.294105184764414,0.189019675251969,,V1_L,V1_L,3,3,V1_L→V1_L,self,-0.6645837482582733,0.07637337872944522
"A(4,3)",Subj_sub_32,0.480326676167749,0.144107848785865,,V1_L,IFG_L,4,3,V1_L→IFG_L,between_roi,0.19787529254745362,0.7627780597880444
"A(1,4)",Subj_sub_32,-0.611825094102413,0.157231287370336,,IFG_L,vOTC,1,4,IFG_L→vOTC,between_roi,-0.9199984173482716,-0.3036517708565545
"A(2,4)",Subj_sub_32,-0.523953892320923,0.15511870849115,,IFG_L,lOTC,2,4,IFG_L→lOTC,between_roi,-0.827986560963577,-0.21992122367826905
"A(3,4)",Subj_sub_32,-0.611872752368486,0.143146407838538,,IFG_L,V1_L,3,4,IFG_L→V1_L,between_roi,-0.8924397117320205,-0.33130579300495155
"A(4,4)",Subj_sub_32,0.528247612557921,0.184107131550276,,IFG_L,IFG_L,4,4,IFG_L→IFG_L,self,0.16739763471938002,0.889097590396462
"A(1,1)",Subj_sub_33,-0.122165234962007,0.201789604103146,,vOTC,vOTC,1,1,vOTC→vOTC,self,-0.5176728590041731,0.2733423890801592
"A(2,1)",Subj_sub_33,0.458078336064731,0.139757017057498,,vOTC,lOTC,2,1,vOTC→lOTC,between_roi,0.18415458263203494,0.7320020894974271
"A(3,1)",Subj_sub_33,0.206228033040054,0.15689600844384,,vOTC,V1_L,3,1,vOTC→V1_L,between_roi,-0.10128814350987242,0.5137442095899805
"A(4,1)",Subj_sub_33,-0.0700310966418533,0.149946239585125,,vOTC,IFG_L,4,1,vOTC→IFG_L,between_roi,-0.36392572622869834,0.22386353294499173
"A(1,2)",Subj_sub_33,0.829475175492757,0.160354747728361,,lOTC,vOTC,1,2,lOTC→vOTC,between_roi,0.5151798699451694,1.1437704810403444
"A(2,2)",Subj_sub_33,-0.384220391990418,0.201796689654365,,lOTC,lOTC,2,2,lOTC→lOTC,self,-0.7797419037129734,0.011301119732137377
"A(3,2)",Subj_sub_33,0.607153463441233,0.159878540904998,,lOTC,V1_L,3,2,lOTC→V1_L,between_roi,0.2937915232674369,0.9205154036150291
"A(4,2)",Subj_sub_33,0.484453167122694,0.1656403622848,,lOTC,IFG_L,4,2,lOTC→IFG_L,between_roi,0.15979805704448596,0.809108277200902
"A(1,3)",Subj_sub_33,-0.217211929356276,0.152874929382597,,V1_L,vOTC,1,3,V1_L→vOTC,between_roi,-0.5168467909461661,0.0824229322336141
"A(2,3)",Subj_sub_33,-0.0240809120392927,0.145583361349659,,V1_L,lOTC,2,3,V1_L→lOTC,between_roi,-0.3094243002846243,0.26126247620603893
"A(3,3)",Subj_sub_33,0.0724869212901821,0.150769139117213,,V1_L,V1_L,3,3,V1_L→V1_L,self,-0.22302059137955543,0.3679944339599196
"A(4,3)",Subj_sub_33,-0.0399265179808689,0.121117248395232,,V1_L,IFG_L,4,3,V1_L→IFG_L,between_roi,-0.2773163248355236,0.1974632888737858
"A(1,4)",Subj_sub_33,-0.953063373759599,0.15308714995201,,IFG_L,vOTC,1,4,IFG_L→vOTC,between_roi,-1.2531141876655387,-0.6530125598536594
"A(2,4)",Subj_sub_33,-0.918938179754087,0.154994096822792,,IFG_L,lOTC,2,4,IFG_L→lOTC,between_roi,-1.2227266095267593,-0.6151497499814147
"A(3,4)",Subj_sub_33,-0.86137740527933,0.140345176645595,,IFG_L,V1_L,3,4,IFG_L→V1_L,between_roi,-1.1364539515046963,-0.5863008590539638
"A(4,4)",Subj_sub_33,0.674880694418774,0.175834034708257,,IFG_L,IFG_L,4,4,IFG_L→IFG_L,self,0.3302459863905902,1.0195154024469577
"A(1,1)",Subj_sub_34,-0.1209449446571,0.2023529996062,,vOTC,vOTC,1,1,vOTC→vOTC,self,-0.517556823885252,0.275666934571052
"A(2,1)",Subj_sub_34,-0.267030508597675,0.159942202692485,,vOTC,lOTC,2,1,vOTC→lOTC,between_roi,-0.5805172258749456,0.046456208679595545
"A(3,1)",Subj_sub_34,-0.149296815317868,0.164772112577148,,vOTC,V1_L,3,1,vOTC→V1_L,between_roi,-0.47225015596907804,0.17365652533334205
"A(4,1)",Subj_sub_34,-0.179446361206115,0.163972914411475,,vOTC,IFG_L,4,1,vOTC→IFG_L,between_roi,-0.500833273452606,0.14194055104037595
"A(1,2)",Subj_sub_34,-0.0259877071276136,0.181786419608524,,lOTC,vOTC,1,2,lOTC→vOTC,between_roi,-0.38228908956032065,0.3303136753050934
"A(2,2)",Subj_sub_34,-0.19677496059073,0.203369072289663,,lOTC,lOTC,2,2,lOTC→lOTC,self,-0.5953783422784694,0.20182842109700946
"A(3,2)",Subj_sub_34,0.185080911781856,0.174011550437078,,lOTC,V1_L,3,2,lOTC→V1_L,between_roi,-0.15598172707481686,0.5261435506385289
"A(4,2)",Subj_sub_34,0.216829481260428,0.176689511043734,,lOTC,IFG_L,4,2,lOTC→IFG_L,between_roi,-0.12948196038529064,0.5631409229061466
"A(1,3)",Subj_sub_34,-0.134758793302049,0.185757376412128,,V1_L,vOTC,1,3,V1_L→vOTC,between_roi,-0.49884325106981986,0.22932566446572186
"A(2,3)",Subj_sub_34,-0.100735042417999,0.185769973993982,,V1_L,lOTC,2,3,V1_L→lOTC,between_roi,-0.4648441914462037,0.26337410661020577
"A(3,3)",Subj_sub_34,0.0670624454988014,0.202200026732818,,V1_L,V1_L,3,3,V1_L→V1_L,self,-0.32924960689752186,0.4633744978951247
"A(4,3)",Subj_sub_34,-0.193278558199858,0.182475727507304,,V1_L,IFG_L,4,3,V1_L→IFG_L,between_roi,-0.5509309841141738,0.16437386771445783
"A(1,4)",Subj_sub_34,0.0511712688562387,0.187873202663313,,IFG_L,vOTC,1,4,IFG_L→vOTC,between_roi,-0.3170602083638548,0.41940274607633216
"A(2,4)",Subj_sub_34,0.187856006457227,0.182818791646442,,IFG_L,lOTC,2,4,IFG_L→lOTC,between_roi,-0.17046882516979928,0.5461808380842532
"A(3,4)",Subj_sub_34,-0.0261850662906929,0.184684303102957,,IFG_L,V1_L,3,4,IFG_L→V1_L,between_roi,-0.3881663003724886,0.33579616779110283
"A(4,4)",Subj_sub_34,-0.20853489996732,0.207223087626953,,IFG_L,IFG_L,4,4,IFG_L→IFG_L,self,-0.6146921517161479,0.19762235178150783
"A(1,1)",Subj_sub_35,0.0071063236773133,0.173187647259861,,vOTC,vOTC,1,1,vOTC→vOTC,self,-0.3323414649520143,0.34655411230664085
"A(2,1)",Subj_sub_35,-0.10574270678952,0.109812728776862,,vOTC,lOTC,2,1,vOTC→lOTC,between_roi,-0.32097565519216953,0.10949024161312954
"A(3,1)",Subj_sub_35,-0.0079918275715536,0.124701178230811,,vOTC,V1_L,3,1,vOTC→V1_L,between_roi,-0.25240613690394315,0.23642248176083597
"A(4,1)",Subj_sub_35,0.0074608323296641,0.123704780626228,,vOTC,IFG_L,4,1,vOTC→IFG_L,between_roi,-0.23500053769774276,0.24992220235707097
"A(1,2)",Subj_sub_35,-0.257616886150297,0.132279423353637,,lOTC,vOTC,1,2,lOTC→vOTC,between_roi,-0.5168845559234254,0.0016507836228314976
"A(2,2)",Subj_sub_35,0.106293407850516,0.166670656804866,,lOTC,lOTC,2,2,lOTC→lOTC,self,-0.22038107948702135,0.43296789518805334
"A(3,2)",Subj_sub_35,-0.157643389380949,0.121116120495959,,lOTC,V1_L,3,2,lOTC→V1_L,between_roi,-0.3950309855530286,0.07974420679113065
"A(4,2)",Subj_sub_35,-0.138872354828918,0.131907083535337,,lOTC,IFG_L,4,2,lOTC→IFG_L,between_roi,-0.3974102385581785,0.11966552890034252
"A(1,3)",Subj_sub_35,0.17938418726254,0.131890758933104,,V1_L,vOTC,1,3,V1_L→vOTC,between_roi,-0.07912170024634388,0.43789007477142383
"A(2,3)",Subj_sub_35,0.148310809267728,0.12753350788311,,V1_L,lOTC,2,3,V1_L→lOTC,between_roi,-0.10165486618316757,0.39827648471862354
"A(3,3)",Subj_sub_35,0.1150308365238,0.0917013772852115,,V1_L,V1_L,3,3,V1_L→V1_L,self,-0.06470386295521452,0.2947655360028145
"A(4,3)",Subj_sub_35,0.0939437712656209,0.10635886658388,,V1_L,IFG_L,4,3,V1_L→IFG_L,between_roi,-0.1145196072387839,0.3024071497700257
"A(1,4)",Subj_sub_35,-0.0537208506931466,0.102156176825039,,IFG_L,vOTC,1,4,IFG_L→vOTC,between_roi,-0.25394695727022304,0.14650525588392982
"A(2,4)",Subj_sub_35,-0.0947722186054455,0.103779685190603,,IFG_L,lOTC,2,4,IFG_L→lOTC,between_roi,-0.29818040157902737,0.10863596436813637
"A(3,4)",Subj_sub_35,-0.147132864310314,0.0983934101993352,,IFG_L,V1_L,3,4,IFG_L→V1_L,between_roi,-0.339983948301011,0.045718219680383004
"A(4,4)",Subj_sub_35,-0.0606259924365719,0.139465898680123,,IFG_L,IFG_L,4,4,IFG_L→IFG_L,self,-0.33397915384961296,0.21272716897646915
"A(1,1)",Subj_sub_36,-0.31307952628217,0.199576145087114,,vOTC,vOTC,1,1,vOTC→vOTC,self,-0.7042487706529135,0.0780897180885734
"A(2,1)",Subj_sub_36,0.260260591847964,0.144148150251406,,vOTC,lOTC,2,1,vOTC→lOTC,between_roi,-0.022269782644791736,0.5427909663407198
"A(3,1)",Subj_sub_36,0.210382456319037,0.1637331593058,,vOTC,V1_L,3,1,vOTC→V1_L,between_roi,-0.11053453592033105,0.531299448558405
"A(4,1)",Subj_sub_36,0.262006977643025,0.163517763970815,,vOTC,IFG_L,4,1,vOTC→IFG_L,between_roi,-0.058487839739772396,0.5825017950258224
"A(1,2)",Subj_sub_36,7.04392764642079e-06,0.162248938057963,,lOTC,vOTC,1,2,lOTC→vOTC,between_roi,-0.31800087466596105,0.31801496252125394
"A(2,2)",Subj_sub_36,-0.112285314392054,0.199159759836529,,lOTC,lOTC,2,2,lOTC→lOTC,self,-0.5026384436716509,0.27806781488754284
"A(3,2)",Subj_sub_36,-0.146447624491462,0.168197081484594,,lOTC,V1_L,3,2,lOTC→V1_L,between_roi,-0.4761139042012662,0.1832186552183422
"A(4,2)",Subj_sub_36,-0.152173957404353,0.172138138591778,,lOTC,IFG_L,4,2,lOTC→IFG_L,between_roi,-0.4895647090442379,0.18521679423553192
"A(1,3)",Subj_sub_36,0.015938447654219,0.168396414953177,,V1_L,vOTC,1,3,V1_L→vOTC,between_roi,-0.31411852565400794,0.3459954209624459
"A(2,3)",Subj_sub_36,-0.0544124440451634,0.170039906536165,,V1_L,lOTC,2,3,V1_L→lOTC,between_roi,-0.38769066085604675,0.27886577276572
"A(3,3)",Subj_sub_36,-0.135716277430931,0.188624549589238,,V1_L,V1_L,3,3,V1_L→V1_L,self,-0.5054203946258375,0.23398783976397547
"A(4,3)",Subj_sub_36,0.0129848715489978,0.149297461096802,,V1_L,IFG_L,4,3,V1_L→IFG_L,between_roi,-0.2796381522007341,0.3056078952987297
"A(1,4)",Subj_sub_36,-0.333176879521974,0.182386421437,,IFG_L,vOTC,1,4,IFG_L→vOTC,between_roi,-0.690654265538494,0.024300506494546015
"A(2,4)",Subj_sub_36,-0.393077045507166,0.180518900228295,,IFG_L,lOTC,2,4,IFG_L→lOTC,between_roi,-0.7468940899546241,-0.03926000105970778
"A(3,4)",Subj_sub_36,-0.190569307550083,0.161556707743612,,IFG_L,V1_L,3,4,IFG_L→V1_L,between_roi,-0.5072204547275625,0.1260818396273965
"A(4,4)",Subj_sub_36,0.154771547916085,0.205016182198595,,IFG_L,IFG_L,4,4,IFG_L→IFG_L,self,-0.2470601691931612,0.5566032650253312
"A(1,1)",Subj_sub_37,-0.044388093611131,0.20624831242354,,vOTC,vOTC,1,1,vOTC→vOTC,self,-0.4486347859612694,0.3598585987390074
"A(2,1)",Subj_sub_37,0.184536528681434,0.175552425980072,,vOTC,lOTC,2,1,vOTC→lOTC,between_roi,-0.15954622623950715,0.5286192836023751
"A(3,1)",Subj_sub_37,0.119350394981782,0.179420143652271,,vOTC,V1_L,3,1,vOTC→V1_L,between_roi,-0.2323130865766691,0.47101387654023313
"A(4,1)",Subj_sub_37,0.0575831509562886,0.17400253176591,,vOTC,IFG_L,4,1,vOTC→IFG_L,between_roi,-0.283461811304895,0.39862811321747216
"A(1,2)",Subj_sub_37,0.374684947204005,0.182597083513353,,lOTC,vOTC,1,2,lOTC→vOTC,between_roi,0.016794663517833153,0.732575230890177
"A(2,2)",Subj_sub_37,-0.177732035091086,0.204125074305455,,lOTC,lOTC,2,2,lOTC→lOTC,self,-0.5778171807297778,0.2223531105476058
"A(3,2)",Subj_sub_37,0.403880649436805,0.171244955191352,,lOTC,V1_L,3,2,lOTC→V1_L,between_roi,0.06824053726175511,0.7395207616118549
"A(4,2)",Subj_sub_37,0.444116900839774,0.181939455186056,,lOTC,IFG_L,4,2,lOTC→IFG_L,between_roi,0.08751556867510424,0.8007182330044438
"A(1,3)",Subj_sub_37,-0.182624755497414,0.163573059625376,,V1_L,vOTC,1,3,V1_L→vOTC,between_roi,-0.503227952363151,0.13797844136832296
"A(2,3)",Subj_sub_37,-0.0990299157381103,0.158423326701602,,V1_L,lOTC,2,3,V1_L→lOTC,between_roi,-0.4095396360732502,0.21147980459702959
"A(3,3)",Subj_sub_37,0.0608914220239437,0.188075162149662,,V1_L,V1_L,3,3,V1_L→V1_L,self,-0.3077358957893938,0.4295187398372812
"A(4,3)",Subj_sub_37,-0.227634640689322,0.152151118304048,,V1_L,IFG_L,4,3,V1_L→IFG_L,between_roi,-0.5258508325652561,0.07058155118661213
"A(1,4)",Subj_sub_37,-0.414088498700476,0.167385321519658,,IFG_L,vOTC,1,4,IFG_L→vOTC,between_roi,-0.7421637288790056,-0.08601326852194635
"A(2,4)",Subj_sub_37,-0.417219231736083,0.165979013826811,,IFG_L,lOTC,2,4,IFG_L→lOTC,between_roi,-0.7425380988366326,-0.09190036463553347
"A(3,4)",Subj_sub_37,-0.452443348290021,0.160914547570783,,IFG_L,V1_L,3,4,IFG_L→V1_L,between_roi,-0.7678358615287557,-0.1370508350512863
"A(4,4)",Subj_sub_37,0.419658539184933,0.196160929782667,,IFG_L,IFG_L,4,4,IFG_L→IFG_L,self,0.03518311681090569,0.8041339615589603
"A(1,1)",Subj_sub_38,-0.115313312799651,0.206232723831664,,vOTC,vOTC,1,1,vOTC→vOTC,self,-0.5195294515097124,0.2889028259104104
"A(2,1)",Subj_sub_38,0.200509775504119,0.17323503749018,,vOTC,lOTC,2,1,vOTC→lOTC,between_roi,-0.1390308979766338,0.5400504489848718
"A(3,1)",Subj_sub_38,0.123400843057348,0.176348495121809,,vOTC,V1_L,3,1,vOTC→V1_L,between_roi,-0.22224220738139766,0.46904389349609366
"A(4,1)",Subj_sub_38,0.136880840153407,0.178108177541578,,vOTC,IFG_L,4,1,vOTC→IFG_L,between_roi,-0.2122111878280859,0.4859728681348999
"A(1,2)",Subj_sub_38,0.289792603044012,0.178585880272484,,lOTC,vOTC,1,2,lOTC→vOTC,between_roi,-0.06023572229005664,0.6398209283780807
"A(2,2)",Subj_sub_38,-0.103495130286737,0.203461991624633,,lOTC,lOTC,2,2,lOTC→lOTC,self,-0.5022806338710176,0.29529037329754365
"A(3,2)",Subj_sub_38,0.17495525199597,0.174435317891222,,lOTC,V1_L,3,2,lOTC→V1_L,between_roi,-0.1669379710708251,0.5168484750627651
"A(4,2)",Subj_sub_38,0.146146196781008,0.178759936064625,,lOTC,IFG_L,4,2,lOTC→IFG_L,between_roi,-0.20422327790565703,0.496515671467673
"A(1,3)",Subj_sub_38,-0.477544122816942,0.151214355334345,,V1_L,vOTC,1,3,V1_L→vOTC,between_roi,-0.7739242592722582,-0.18116398636162578
"A(2,3)",Subj_sub_38,-0.380820828141673,0.149538506786554,,V1_L,lOTC,2,3,V1_L→lOTC,between_roi,-0.6739163014433189,-0.08772535484002714
"A(3,3)",Subj_sub_38,0.118142326330454,0.178411445905988,,V1_L,V1_L,3,3,V1_L→V1_L,self,-0.2315441076452825,0.4678287603061905
"A(4,3)",Subj_sub_38,-0.264182792322315,0.133772363218363,,V1_L,IFG_L,4,3,V1_L→IFG_L,between_roi,-0.5263766242303065,-0.0019889604143235595
"A(1,4)",Subj_sub_38,-0.0009929505573893,0.172206564409816,,IFG_L,vOTC,1,4,IFG_L→vOTC,between_roi,-0.33851781680062865,0.33653191568585006
"A(2,4)",Subj_sub_38,-0.0083883887393795,0.172502052437505,,IFG_L,lOTC,2,4,IFG_L→lOTC,between_roi,-0.3464924115168893,0.32971563403813026
"A(3,4)",Subj_sub_38,0.0193550125602869,0.169330116301095,,IFG_L,V1_L,3,4,IFG_L→V1_L,between_roi,-0.31253201538985936,0.3512420405104331
"A(4,4)",Subj_sub_38,-0.0737749794282956,0.201687349663405,,IFG_L,IFG_L,4,4,IFG_L→IFG_L,self,-0.4690821847685694,0.3215322259119782
"A(1,1)",Subj_sub_39,-0.0125206007377464,0.206645497198555,,vOTC,vOTC,1,1,vOTC→vOTC,self,-0.41754577524691416,0.39250457377142134
"A(2,1)",Subj_sub_39,0.113180128301891,0.176243213634378,,vOTC,lOTC,2,1,vOTC→lOTC,between_roi,-0.2322565704214899,0.4586168270252719
"A(3,1)",Subj_sub_39,0.0786803153756149,0.17587087061578,,vOTC,V1_L,3,1,vOTC→V1_L,between_roi,-0.2660265910313139,0.42338722178254373
"A(4,1)",Subj_sub_39,0.0978246148816193,0.173271310045332,,vOTC,IFG_L,4,1,vOTC→IFG_L,between_roi,-0.2417871528072314,0.43743638257047
"A(1,2)",Subj_sub_39,0.384264739586592,0.183087322202951,,lOTC,vOTC,1,2,lOTC→vOTC,between_roi,0.025413588068808113,0.7431158911043759
"A(2,2)",Subj_sub_39,-0.214507273878472,0.203106603171048,,lOTC,lOTC,2,2,lOTC→lOTC,self,-0.612596216093726,0.1835816683367821
"A(3,2)",Subj_sub_39,0.411972142260125,0.166576248771306,,lOTC,V1_L,3,2,lOTC→V1_L,between_roi,0.08548269466836528,0.7384615898518847
"A(4,2)",Subj_sub_39,0.583775916842279,0.180222108696639,,lOTC,IFG_L,4,2,lOTC→IFG_L,between_roi,0.2305405837968666,0.9370112498876915
"A(1,3)",Subj_sub_39,-0.281413795153503,0.166055661790172,,V1_L,vOTC,1,3,V1_L→vOTC,between_roi,-0.6068828922622401,0.044055301955234105
"A(2,3)",Subj_sub_39,-0.179028118621769,0.162076867989852,,V1_L,lOTC,2,3,V1_L→lOTC,between_roi,-0.49669877988187894,0.1386425426383409
"A(3,3)",Subj_sub_39,0.114644043011478,0.192183997267144,,V1_L,V1_L,3,3,V1_L→V1_L,self,-0.2620365916321242,0.49132467765508026
"A(4,3)",Subj_sub_39,-0.405660834325327,0.155822265329108,,V1_L,IFG_L,4,3,V1_L→IFG_L,between_roi,-0.7110724743703787,-0.10024919428027534
"A(1,4)",Subj_sub_39,-0.256286298652509,0.154555809664135,,IFG_L,vOTC,1,4,IFG_L→vOTC,between_roi,-0.5592156855942136,0.04664308828919561
"A(2,4)",Subj_sub_39,-0.312875745204845,0.151796515313204,,IFG_L,lOTC,2,4,IFG_L→lOTC,between_roi,-0.6103969152187249,-0.01535457519096517
"A(3,4)",Subj_sub_39,-0.386408276744687,0.145674083186104,,IFG_L,V1_L,3,4,IFG_L→V1_L,between_roi,-0.6719294797894508,-0.10088707369992311
"A(4,4)",Subj_sub_39,0.251896794583508,0.187022668989856,,IFG_L,IFG_L,4,4,IFG_L→IFG_L,self,-0.11466763663660978,0.6184612258036257
"A(1,1)",Subj_sub_40,-0.0999176848650495,0.206669712399164,,vOTC,vOTC,1,1,vOTC→vOTC,self,-0.5049903211674109,0.30515495143731197
"A(2,1)",Subj_sub_40,0.328295665117347,0.172266701069345,,vOTC,lOTC,2,1,vOTC→lOTC,between_roi,-0.009347068978569184,0.6659383992132631
"A(3,1)",Subj_sub_40,0.264439703607606,0.182790192943558,,vOTC,V1_L,3,1,vOTC→V1_L,between_roi,-0.0938290745617677,0.6227084817769797
"A(4,1)",Subj_sub_40,0.285635369681119,0.182622990879653,,vOTC,IFG_L,4,1,vOTC→IFG_L,between_roi,-0.07230569244300084,0.6435764318052388
"A(1,2)",Subj_sub_40,0.262757356591067,0.181911290290644,,lOTC,vOTC,1,2,lOTC→vOTC,between_roi,-0.09378877237859523,0.6193034855607293
"A(2,2)",Subj_sub_40,-0.139617007663237,0.204874242283179,,lOTC,lOTC,2,2,lOTC→lOTC,self,-0.5411705225382678,0.26193650721179385
"A(3,2)",Subj_sub_40,0.300111349782935,0.178934060404326,,lOTC,V1_L,3,2,lOTC→V1_L,between_roi,-0.05059940860954393,0.650822108175414
"A(4,2)",Subj_sub_40,0.31029590820759,0.184138146712446,,lOTC,IFG_L,4,2,lOTC→IFG_L,between_roi,-0.05061485934880411,0.6712066757639841
"A(1,3)",Subj_sub_40,-0.309497122884374,0.158109623301366,,V1_L,vOTC,1,3,V1_L→vOTC,between_roi,-0.6193919845550513,0.0003977387863033366
"A(2,3)",Subj_sub_40,-0.299161833220727,0.156847680884029,,V1_L,lOTC,2,3,V1_L→lOTC,between_roi,-0.6065832877534238,0.00825962131196989
"A(3,3)",Subj_sub_40,0.339652486872285,0.183420143125422,,V1_L,V1_L,3,3,V1_L→V1_L,self,-0.01985099365354215,0.6991559673981121
"A(4,3)",Subj_sub_40,-0.383708029753793,0.144679779594887,,V1_L,IFG_L,4,3,V1_L→IFG_L,between_roi,-0.6672803977597714,-0.10013566174781446
"A(1,4)",Subj_sub_40,-0.170937363533153,0.192160654896089,,IFG_L,vOTC,1,4,IFG_L→vOTC,between_roi,-0.5475722471294874,0.2056975200631814
"A(2,4)",Subj_sub_40,-0.129458833429204,0.190547472968697,,IFG_L,lOTC,2,4,IFG_L→lOTC,between_roi,-0.5029318804478502,0.24401421358944214
"A(3,4)",Subj_sub_40,-0.167706185968379,0.182167230662435,,IFG_L,V1_L,3,4,IFG_L→V1_L,between_roi,-0.5247539580667516,0.18934158612999363
"A(4,4)",Subj_sub_40,0.0499849725730535,0.209026542086126,,IFG_L,IFG_L,4,4,IFG_L→IFG_L,self,-0.3597070499157535,0.4596769950618605
"A(1,1)",Subj_sub_42,0.0544494258235582,0.210541697317014,,vOTC,vOTC,1,1,vOTC→vOTC,self,-0.3582123009177892,0.46711115256490565
"A(2,1)",Subj_sub_42,-0.087362768952,0.197792344176287,,vOTC,lOTC,2,1,vOTC→lOTC,between_roi,-0.4750357635375225,0.3003102256335225
"A(3,1)",Subj_sub_42,0.0104535849530034,0.198756521399315,,vOTC,V1_L,3,1,vOTC→V1_L,between_roi,-0.37910919698965395,0.4000163668956608
"A(4,1)",Subj_sub_42,-0.0307833410499729,0.196674595388633,,vOTC,IFG_L,4,1,vOTC→IFG_L,between_roi,-0.4162655480116935,0.35469886591174776
"A(1,2)",Subj_sub_42,-0.0483390264119679,0.209303953162591,,lOTC,vOTC,1,2,lOTC→vOTC,between_roi,-0.4585747746106463,0.36189672178671045
"A(2,2)",Subj_sub_42,0.0176976217778487,0.20993512888178,,lOTC,lOTC,2,2,lOTC→lOTC,self,-0.3937752308304401,0.42917047438613753
"A(3,2)",Subj_sub_42,0.0985647148790288,0.203253340895575,,lOTC,V1_L,3,2,lOTC→V1_L,between_roi,-0.29981183327629823,0.4969412630343558
"A(4,2)",Subj_sub_42,0.0426369804273755,0.204485475225498,,lOTC,IFG_L,4,2,lOTC→IFG_L,between_roi,-0.3581545510146006,0.4434285118693516
"A(1,3)",Subj_sub_42,-0.0054766161810546,0.208214198751875,,V1_L,vOTC,1,3,V1_L→vOTC,between_roi,-0.41357644573472957,0.40262321337262036
"A(2,3)",Subj_sub_42,-0.0274790855167739,0.207099516514228,,V1_L,lOTC,2,3,V1_L→lOTC,between_roi,-0.4333941378846608,0.37843596685111297
"A(3,3)",Subj_sub_42,0.048397625533095,0.206856400107472,,V1_L,V1_L,3,3,V1_L→V1_L,self,-0.3570409186775501,0.45383616974374014
"A(4,3)",Subj_sub_42,-0.0108122077718941,0.199593832715955,,V1_L,IFG_L,4,3,V1_L→IFG_L,between_roi,-0.4020161198951659,0.38039170435137765
"A(1,4)",Subj_sub_42,-0.183018960163697,0.20400077513111,,IFG_L,vOTC,1,4,IFG_L→vOTC,between_roi,-0.5828604794206727,0.21682255909327858
"A(2,4)",Subj_sub_42,-0.189957916319778,0.203411977987205,,IFG_L,lOTC,2,4,IFG_L→lOTC,between_roi,-0.5886453931746998,0.2087295605351438
"A(3,4)",Subj_sub_42,-0.203424999341669,0.201719681941513,,IFG_L,V1_L,3,4,IFG_L→V1_L,between_roi,-0.5987955759470345,0.19194557726369646
"A(4,4)",Subj_sub_42,0.0731791300216248,0.210598212378075,,IFG_L,IFG_L,4,4,IFG_L→IFG_L,self,-0.3395933662394022,0.48595162628265176
"A(1,1)",Subj_sub_44,-0.170165837065065,0.204855872441777,,vOTC,vOTC,1,1,vOTC→vOTC,self,-0.5716833470509479,0.23135167292081793
"A(2,1)",Subj_sub_44,0.481216918710596,0.159883127076511,,vOTC,lOTC,2,1,vOTC→lOTC,between_roi,0.16784598964063446,0.7945878477805576
"A(3,1)",Subj_sub_44,0.114589191324119,0.172588717527177,,vOTC,V1_L,3,1,vOTC→V1_L,between_roi,-0.22368469502914795,0.45286307767738593
"A(4,1)",Subj_sub_44,0.306660366415063,0.169208370555767,,vOTC,IFG_L,4,1,vOTC→IFG_L,between_roi,-0.024988039874240364,0.6383087727043664
"A(1,2)",Subj_sub_44,0.339714828816377,0.171605164835547,,lOTC,vOTC,1,2,lOTC→vOTC,between_roi,0.0033687057387049024,0.676060951894049
"A(2,2)",Subj_sub_44,-0.118735255261906,0.202388305059364,,lOTC,lOTC,2,2,lOTC→lOTC,self,-0.5154163331782594,0.27794582265444745
"A(3,2)",Subj_sub_44,0.0046854290266935,0.172934361667526,,lOTC,V1_L,3,2,lOTC→V1_L,between_roi,-0.33426591984165743,0.34363677789504443
"A(4,2)",Subj_sub_44,0.17099323811522,0.171003340117573,,lOTC,IFG_L,4,2,lOTC→IFG_L,between_roi,-0.1641733085152231,0.5061597847456631
"A(1,3)",Subj_sub_44,-0.0186844180381639,0.161060353960409,,V1_L,vOTC,1,3,V1_L→vOTC,between_roi,-0.33436271180056554,0.29699387572423774
"A(2,3)",Subj_sub_44,-0.0768586524120258,0.160670024907577,,V1_L,lOTC,2,3,V1_L→lOTC,between_roi,-0.3917719012308767,0.2380545964068251
"A(3,3)",Subj_sub_44,-0.117444862357523,0.164246219945025,,V1_L,V1_L,3,3,V1_L→V1_L,self,-0.439367453449772,0.20447772873472603
"A(4,3)",Subj_sub_44,-0.306785406024317,0.145823385482684,,V1_L,IFG_L,4,3,V1_L→IFG_L,between_roi,-0.5925992415703776,-0.02097157047825632
"A(1,4)",Subj_sub_44,-0.626701223000872,0.174679944349126,,IFG_L,vOTC,1,4,IFG_L→vOTC,between_roi,-0.969073913925159,-0.2843285320765851
"A(2,4)",Subj_sub_44,-0.59025006966962,0.172842612221337,,IFG_L,lOTC,2,4,IFG_L→lOTC,between_roi,-0.9290215896234406,-0.25147854971579947
"A(3,4)",Subj_sub_44,-0.301537257264272,0.171245851917796,,IFG_L,V1_L,3,4,IFG_L→V1_L,between_roi,-0.6371791270231522,0.034104612494608166
"A(4,4)",Subj_sub_44,0.235747540279924,0.204567999319079,,IFG_L,IFG_L,4,4,IFG_L→IFG_L,self,-0.16520573838547087,0.6367008189453189
"A(1,1)",Subj_sub_45,-0.0838327911205738,0.206277699986258,,vOTC,vOTC,1,1,vOTC→vOTC,self,-0.48813708309363946,0.3204715008524919
"A(2,1)",Subj_sub_45,0.150159068219978,0.175116947877059,,vOTC,lOTC,2,1,vOTC→lOTC,between_roi,-0.19307014961905766,0.49338828605901364
"A(3,1)",Subj_sub_45,0.103774536394004,0.181092489979806,,vOTC,V1_L,3,1,vOTC→V1_L,between_roi,-0.2511667439664158,0.45871581675442374
"A(4,1)",Subj_sub_45,0.21788103969108,0.17490052274757,,vOTC,IFG_L,4,1,vOTC→IFG_L,between_roi,-0.12492398489415721,0.5606860642763172
"A(1,2)",Subj_sub_45,0.10197558725238,0.186308121688988,,lOTC,vOTC,1,2,lOTC→vOTC,between_roi,-0.2631883312580365,0.46713950576279645
"A(2,2)",Subj_sub_45,-0.0403036978049848,0.205156986899514,,lOTC,lOTC,2,2,lOTC→lOTC,self,-0.44241139212803227,0.3618039965180626
"A(3,2)",Subj_sub_45,0.189446540078799,0.181615239745888,,lOTC,V1_L,3,2,lOTC→V1_L,between_roi,-0.16651932982314147,0.5454124099807395
"A(4,2)",Subj_sub_45,0.198666614363265,0.182667041780254,,lOTC,IFG_L,4,2,lOTC→IFG_L,between_roi,-0.15936078752603283,0.5566940162525629
"A(1,3)",Subj_sub_45,-0.379459358042674,0.157155044030022,,V1_L,vOTC,1,3,V1_L→vOTC,between_roi,-0.6874832443415171,-0.07143547174383086
"A(2,3)",Subj_sub_45,-0.293308691423468,0.154054083010747,,V1_L,lOTC,2,3,V1_L→lOTC,between_roi,-0.595254694124532,0.008637311277596094
"A(3,3)",Subj_sub_45,-0.0151346086716679,0.184660248308553,,V1_L,V1_L,3,3,V1_L→V1_L,self,-0.3770686953564317,0.34679947801309596
"A(4,3)",Subj_sub_45,-0.321397299410344,0.150105336867195,,V1_L,IFG_L,4,3,V1_L→IFG_L,between_roi,-0.6156037596700461,-0.027190839150641855
"A(1,4)",Subj_sub_45,-0.0366333187978344,0.170841421744375,,IFG_L,vOTC,1,4,IFG_L→vOTC,between_roi,-0.3714825054168094,0.2982158678211406
"A(2,4)",Subj_sub_45,-0.0718644127088698,0.1723255283547,,IFG_L,lOTC,2,4,IFG_L→lOTC,between_roi,-0.4096224482840818,0.2658936228663422
"A(3,4)",Subj_sub_45,-0.232921905605211,0.17561405378734,,IFG_L,V1_L,3,4,IFG_L→V1_L,between_roi,-0.5771254510283974,0.11128163981797537
"A(4,4)",Subj_sub_45,0.0026425088356646,0.2041989329919,,IFG_L,IFG_L,4,4,IFG_L→IFG_L,self,-0.3975873998284594,0.4028724174997886
"A(1,1)",Subj_sub_46,-0.268127958412649,0.192322099350252,,vOTC,vOTC,1,1,vOTC→vOTC,self,-0.6450792731391429,0.10882335631384488
"A(2,1)",Subj_sub_46,0.72215705798222,0.15018068760607,,vOTC,lOTC,2,1,vOTC→lOTC,between_roi,0.42780291027432277,1.016511205690117
"A(3,1)",Subj_sub_46,0.111844545148203,0.168904805957225,,vOTC,V1_L,3,1,vOTC→V1_L,between_roi,-0.21920887452795804,0.44289796482436405
"A(4,1)",Subj_sub_46,0.312451050444665,0.167420625272005,,vOTC,IFG_L,4,1,vOTC→IFG_L,between_roi,-0.0156933750884648,0.6405954759777948
"A(1,2)",Subj_sub_46,0.655989790737356,0.162552039385413,,lOTC,vOTC,1,2,lOTC→vOTC,between_roi,0.33738779354194653,0.9745917879327655
"A(2,2)",Subj_sub_46,-0.262173615823843,0.194699683206754,,lOTC,lOTC,2,2,lOTC→lOTC,self,-0.6437849949090808,0.11943776326139477
"A(3,2)",Subj_sub_46,0.169871007199526,0.170261501590821,,lOTC,V1_L,3,2,lOTC→V1_L,between_roi,-0.1638415359184832,0.5035835503175352
"A(4,2)",Subj_sub_46,0.354401482084484,0.169650356886538,,lOTC,IFG_L,4,2,lOTC→IFG_L,between_roi,0.021886782586869546,0.6869161815820986
"A(1,3)",Subj_sub_46,-0.225239392537322,0.155172503996357,,V1_L,vOTC,1,3,V1_L→vOTC,between_roi,-0.5293775003701817,0.07889871529553766
"A(2,3)",Subj_sub_46,-0.215696958317169,0.155294400015794,,V1_L,lOTC,2,3,V1_L→lOTC,between_roi,-0.5200739823481253,0.08868006571378723
"A(3,3)",Subj_sub_46,-0.029237640071421,0.153572550680152,,V1_L,V1_L,3,3,V1_L→V1_L,self,-0.3302398394045189,0.2717645592616769
"A(4,3)",Subj_sub_46,-0.425122712769037,0.132424007606444,,V1_L,IFG_L,4,3,V1_L→IFG_L,between_roi,-0.6846737676776673,-0.16557165786040678
"A(1,4)",Subj_sub_46,-0.684249436248459,0.153795863066799,,IFG_L,vOTC,1,4,IFG_L→vOTC,between_roi,-0.985689327859385,-0.38280954463753303
"A(2,4)",Subj_sub_46,-0.716280276226526,0.154991304848327,,IFG_L,lOTC,2,4,IFG_L→lOTC,between_roi,-1.020063233729247,-0.41249731872380513
"A(3,4)",Subj_sub_46,-0.265791104443619,0.13187585761805,,IFG_L,V1_L,3,4,IFG_L→V1_L,between_roi,-0.5242677853749971,-0.007314423512240931
"A(4,4)",Subj_sub_46,0.218835924321277,0.190774167882746,,IFG_L,IFG_L,4,4,IFG_L→IFG_L,self,-0.1550814447289052,0.5927532933714592
"A(1,1)",Subj_sub_47,0.183606851671766,0.183478587472148,,vOTC,vOTC,1,1,vOTC→vOTC,self,-0.1760111797736441,0.5432248831171761
"A(2,1)",Subj_sub_47,-0.323703383660425,0.122626769941531,,vOTC,lOTC,2,1,vOTC→lOTC,between_roi,-0.5640518527458258,-0.08335491457502425
"A(3,1)",Subj_sub_47,-0.280350400532466,0.129409972137063,,vOTC,V1_L,3,1,vOTC→V1_L,between_roi,-0.5339939459211095,-0.02670685514382254
"A(4,1)",Subj_sub_47,-0.132166047959723,0.126486277276707,,vOTC,IFG_L,4,1,vOTC→IFG_L,between_roi,-0.3800791514220687,0.11574705550262271
"A(1,2)",Subj_sub_47,-0.0285135434015989,0.145483316807704,,lOTC,vOTC,1,2,lOTC→vOTC,between_roi,-0.3136608443446987,0.2566337575415009
"A(2,2)",Subj_sub_47,-0.0564646199334804,0.179429932603816,,lOTC,lOTC,2,2,lOTC→lOTC,self,-0.40814728783695975,0.29521804796999895
"A(3,2)",Subj_sub_47,0.211183957196336,0.128901160261076,,lOTC,V1_L,3,2,lOTC→V1_L,between_roi,-0.04146231691537297,0.463830231308045
"A(4,2)",Subj_sub_47,0.0892093438322252,0.145051592257727,,lOTC,IFG_L,4,2,lOTC→IFG_L,between_roi,-0.1950917769929197,0.37351046465737014
"A(1,3)",Subj_sub_47,0.187656621678804,0.134130377236156,,V1_L,vOTC,1,3,V1_L→vOTC,between_roi,-0.07523891770406174,0.45055216106166973
"A(2,3)",Subj_sub_47,0.318211336286711,0.13116362586343,,V1_L,lOTC,2,3,V1_L→lOTC,between_roi,0.0611306295943882,0.5752920429790338
"A(3,3)",Subj_sub_47,-0.0811097988154975,0.132113053259197,,V1_L,V1_L,3,3,V1_L→V1_L,self,-0.3400513832035236,0.1778317855725286
"A(4,3)",Subj_sub_47,0.0287274723983711,0.111606567810865,,V1_L,IFG_L,4,3,V1_L→IFG_L,between_roi,-0.1900214005109243,0.2474763453076665
"A(1,4)",Subj_sub_47,-0.230509638249132,0.109889285883688,,IFG_L,vOTC,1,4,IFG_L→vOTC,between_roi,-0.44589263858116046,-0.01512663791710353
"A(2,4)",Subj_sub_47,-0.166316986168568,0.115129663242821,,IFG_L,lOTC,2,4,IFG_L→lOTC,between_roi,-0.39197112612449714,0.05933715378736118
"A(3,4)",Subj_sub_47,-0.261057023444684,0.109445966309469,,IFG_L,V1_L,3,4,IFG_L→V1_L,between_roi,-0.47557111741124325,-0.04654292947812477
"A(4,4)",Subj_sub_47,0.0295039626066768,0.156233403241101,,IFG_L,IFG_L,4,4,IFG_L→IFG_L,self,-0.2767135077458811,0.33572143295923473
"A(1,1)",Subj_sub_48,0.116940146292811,0.170441725397168,,vOTC,vOTC,1,1,vOTC→vOTC,self,-0.2171256354856383,0.45100592807126033
"A(2,1)",Subj_sub_48,-0.346611153263762,0.106729235200006,,vOTC,lOTC,2,1,vOTC→lOTC,between_roi,-0.5558004542557737,-0.13742185227175024
"A(3,1)",Subj_sub_48,-0.11709386726258,0.117008897788495,,vOTC,V1_L,3,1,vOTC→V1_L,between_roi,-0.3464313069280302,0.1122435724028702
"A(4,1)",Subj_sub_48,-0.0269670833712079,0.118284615429857,,vOTC,IFG_L,4,1,vOTC→IFG_L,between_roi,-0.25880492961372764,0.20487076287131184
"A(1,2)",Subj_sub_48,-0.17245141138735,0.135596088406008,,lOTC,vOTC,1,2,lOTC→vOTC,between_roi,-0.43821974466312574,0.09331692188842569
"A(2,2)",Subj_sub_48,-0.227488131925886,0.143487785915107,,lOTC,lOTC,2,2,lOTC→lOTC,self,-0.5087241923194957,0.05374792846772372
"A(3,2)",Subj_sub_48,0.0857174552027526,0.117949104687032,,lOTC,V1_L,3,2,lOTC→V1_L,between_roi,-0.1454627899838301,0.31689770038933535
"A(4,2)",Subj_sub_48,-0.0534839204439045,0.130390492724942,,lOTC,IFG_L,4,2,lOTC→IFG_L,between_roi,-0.3090492861847908,0.2020814452969818
"A(1,3)",Subj_sub_48,0.194254426326948,0.131130034113896,,V1_L,vOTC,1,3,V1_L→vOTC,between_roi,-0.06276044053628815,0.45126929319018416
"A(2,3)",Subj_sub_48,0.159792893017643,0.124534777081364,,V1_L,lOTC,2,3,V1_L→lOTC,between_roi,-0.08429527006183044,0.40388105609711644
"A(3,3)",Subj_sub_48,-0.0141629252284821,0.104922649008468,,V1_L,V1_L,3,3,V1_L→V1_L,self,-0.21981131728507936,0.19148546682811518
"A(4,3)",Subj_sub_48,0.0361541934940192,0.106632369433603,,V1_L,IFG_L,4,3,V1_L→IFG_L,between_roi,-0.17284525059584266,0.2451536375838811
"A(1,4)",Subj_sub_48,-0.167069045193032,0.103420921913062,,IFG_L,vOTC,1,4,IFG_L→vOTC,between_roi,-0.36977405214263354,0.03563596175656952
"A(2,4)",Subj_sub_48,-0.136018567470139,0.105142576521351,,IFG_L,lOTC,2,4,IFG_L→lOTC,between_roi,-0.342098017451987,0.07006088251170897
"A(3,4)",Subj_sub_48,-0.220732929425619,0.099753102130577,,IFG_L,V1_L,3,4,IFG_L→V1_L,between_roi,-0.4162490096015499,-0.02521684924968809
"A(4,4)",Subj_sub_48,-0.0501527704799652,0.143189610600959,,IFG_L,IFG_L,4,4,IFG_L→IFG_L,self,-0.3308044072578448,0.23049886629791444
"A(1,1)",Subj_sub_49,0.091605338259364,0.20565683630008,,vOTC,vOTC,1,1,vOTC→vOTC,self,-0.31148206088879277,0.4946927374075208
"A(2,1)",Subj_sub_49,-0.0933812059266945,0.170004807420746,,vOTC,lOTC,2,1,vOTC→lOTC,between_roi,-0.42659062847135665,0.2398282166179677
"A(3,1)",Subj_sub_49,-0.079758517530202,0.173212693700108,,vOTC,V1_L,3,1,vOTC→V1_L,between_roi,-0.41925539718241367,0.2597383621220096
"A(4,1)",Subj_sub_49,-0.0951657019046598,0.176600905881353,,vOTC,IFG_L,4,1,vOTC→IFG_L,between_roi,-0.4413034774321116,0.25097207362279206
"A(1,2)",Subj_sub_49,0.0813553928687011,0.180407042344619,,lOTC,vOTC,1,2,lOTC→vOTC,between_roi,-0.27224241012675215,0.4349531958641543
"A(2,2)",Subj_sub_49,-0.0689212878203325,0.2034435358912,,lOTC,lOTC,2,2,lOTC→lOTC,self,-0.46767061816708455,0.3298280425264195
"A(3,2)",Subj_sub_49,0.133832825352716,0.175399337185205,,lOTC,V1_L,3,2,lOTC→V1_L,between_roi,-0.20994987553028577,0.4776155262357178
"A(4,2)",Subj_sub_49,0.185580578620915,0.178478057828713,,lOTC,IFG_L,4,2,lOTC→IFG_L,between_roi,-0.1642364147233625,0.5353975719651926
"A(1,3)",Subj_sub_49,-0.222437232311786,0.172294718798922,,V1_L,vOTC,1,3,V1_L→vOTC,between_roi,-0.5601348811576731,0.1152604165341011
"A(2,3)",Subj_sub_49,-0.20790873120804,0.170946917824683,,V1_L,lOTC,2,3,V1_L→lOTC,between_roi,-0.5429646901444187,0.1271472277283387
"A(3,3)",Subj_sub_49,0.0491788998624154,0.194648667792016,,V1_L,V1_L,3,3,V1_L→V1_L,self,-0.33233248900993595,0.4306902887347668
"A(4,3)",Subj_sub_49,-0.167496371579962,0.162726014227041,,V1_L,IFG_L,4,3,V1_L→IFG_L,between_roi,-0.48643935946496236,0.15144661630503836
"A(1,4)",Subj_sub_49,0.0512403874551981,0.190534150835665,,IFG_L,vOTC,1,4,IFG_L→vOTC,between_roi,-0.3222065481827053,0.4246873230931015
"A(2,4)",Subj_sub_49,0.110197809804116,0.188621886748016,,IFG_L,lOTC,2,4,IFG_L→lOTC,between_roi,-0.25950108822199536,0.4798967078302273
"A(3,4)",Subj_sub_49,-0.0463721939440539,0.188534109424156,,IFG_L,V1_L,3,4,IFG_L→V1_L,between_roi,-0.41589904841539965,0.32315466052729186
"A(4,4)",Subj_sub_49,-0.0532789497110713,0.208590109322287,,IFG_L,IFG_L,4,4,IFG_L→IFG_L,self,-0.4621155639827538,0.3555576645606112
